,HRV
0,649.2842987561861
1,626.5480520584399
2,609.3207300180302
3,605.6585919041672
4,590.1224237623553
5,579.7286459637813
6,406.3888583490676
7,342.3378334261648
8,324.6020405804943
9,304.2369363491897
10,305.1524264075896
11,278.63892416032985
12,270.1715599224093
13,292.4173124125058
14,328.5598358770652
15,328.6070739275167
16,328.0587928982562
17,329.4008200108999
18,343.8443060560578
19,346.55592329726056
20,351.10233988032707
21,351.4906810064148
22,349.55732906395536
23,364.179786753221
24,354.11171549969805
25,302.13627107464976
26,304.0861852356712
27,401.2589106713832
28,404.41299699642684
29,389.39514826069427
30,375.65263804434517
31,382.37215940741777
32,395.90641862666496
33,437.97438823724457
34,444.0947272953535
35,435.95616094299913
36,453.3866526929222
37,437.44784541842864
38,428.0345888741487
39,428.6361947546514
40,429.9248777123312
41,431.44035163898315
42,422.043976517476
43,390.9542178675129
44,378.1341308186686
45,391.84267258771
46,409.4212810200243
47,359.6575407172118
48,343.0678449888913
49,350.78196636623846
50,407.03268957111953
51,418.90892217107285
52,422.8971580442403
53,452.6226135453476
54,447.1252059557074
55,447.1252059557074
56,447.0696311424288
57,446.9953998576681
58,446.7192721440809
59,446.42324025763537
60,446.1447584633148
61,406.52369946752447
62,383.5596462904289
63,384.3436916499496
64,250.4844907965361
65,341.9005477992001
66,365.16133252745215
67,364.99538591678885
68,364.231988062175
69,428.3661985802243
70,428.04901029575683
71,424.8922694892186
72,417.8911823713256
73,412.2585597178817
74,411.5891750765405
75,406.62029672431794
76,394.674095992106
77,394.73465806048966
78,420.2507479249245
79,414.2555388742211
80,368.649974570121
81,365.642266964405
82,368.4475638357607
83,367.8257957445831
84,367.46098959560317
85,364.5889642591681
86,363.4068080891994
87,362.9935741285028
88,392.2852713749678
89,350.0459455125243
90,342.65767673195734
91,344.9362748205353
92,347.68838356272886
93,346.99634575298415
94,405.76053179353585
95,406.0599851880469
96,403.2728381343219
97,432.7393890924102
98,430.6840779312361
99,412.6425906665808
100,416.75881826119263
101,418.0179407013556
102,417.6071997778646
103,416.41628562438
104,419.7926564506601
105,375.32188345919405
106,375.60571576110016
107,377.0891289102124
108,314.0067744128105
109,310.9441429875376
110,303.90185995093725
111,289.2019374350998
112,274.32831025213784
113,244.83200520502518
114,207.89910452725704
115,160.11211616409932
116,187.03973164311319
117,236.2725998922993
118,256.6425056497936
119,262.1689782124032
120,354.8245394348959
121,426.5773992031335
122,433.04958310581145
123,435.51917442938174
124,440.4767671489699
125,444.68652369631917
126,446.5985990538922
127,446.4163883807045
128,455.62151941823004
129,454.27312840498223
130,449.15079639830213
131,430.4260399835103
132,350.01053855928376
133,347.37164829024147
134,405.1216716348339
135,403.50431933121973
136,402.8628751247516
137,448.07051106172753
138,448.4745894557638
139,449.64993012644106
140,450.5350639423967
141,454.383252040324
142,455.39838497466087
143,459.58471076487916
144,488.0425377101703
145,460.79003675669253
146,458.1489741606807
147,452.6149502980458
148,395.5207181107037
149,395.3737810848128
150,391.5664895022685
151,391.8379564131848
152,386.1695589908261
153,388.9366704624823
154,378.62758052814826
155,321.62501196524306
156,326.8050806935399
157,326.04162550040354
158,319.43584413972883
159,319.96958729655006
160,321.9931219437139
161,383.6312005290938
162,380.9076962705809
163,381.8309542990034
164,366.34673276349633
165,361.16609211424736
166,360.10651249987984
167,357.0628496615841
168,357.30313250545726
169,352.0216645053505
170,350.60168592852506
171,382.1510087107019
172,352.83710285952867
173,361.8684850005256
174,365.8994242477128
175,370.1758563726561
176,367.88364361801337
177,367.27386805004164
178,368.53594644443086
179,366.62449982688867
180,369.2218273012833
181,369.97261443080964
182,284.4119506871519
183,290.4910920199818
184,372.79816760414917
185,399.8045363369818
186,398.4385035256887
187,557.0767557346264
188,562.7179541471494
189,562.8979552349012
190,564.0085547318307
191,564.0085547318307
192,564.0085547318307
193,564.8912562542936
194,569.944894399728
195,568.7335050445266
196,570.7084115262858
197,571.3483570616705
198,428.81502621772904
199,340.44396256396703
200,340.8012942450535
201,340.96667839848436
202,339.9648729614888
203,339.1165860797687
204,173.0949871997956
205,348.61220855851883
206,365.99969302417327
207,364.58973167323836
208,364.41574523354967
209,414.6576358320549
210,414.38313851774086
211,413.5261414862817
212,414.1050563033565
213,410.9902463717321
214,409.2955923936443
215,430.5372439857638
216,410.033343142208
217,410.033343142208
218,410.6732305509381
219,401.5705220263425
220,363.9644581840187
221,363.2875435932808
222,357.48322650852447
223,357.0291001061275
224,367.1307768776755
225,361.5841625378183
226,304.3177208261643
227,300.813899464697
228,381.74545119888086
229,384.8381154985595
230,392.1338202698769
231,434.39224939184606
232,428.2908104355494
233,425.33978586582947
234,416.9765022388434
235,404.08599868926126
236,401.43432679307574
237,394.71959224604035
238,396.65461309913263
239,394.1926340122602
240,410.271861471912
241,415.5975641388556
242,374.3506786602175
243,390.4175103588767
244,389.1109619840473
245,395.53227749223953
246,401.9044335697496
247,422.9869326320958
248,423.0536405490087
249,377.1059533477748
250,377.4159227112772
251,372.15645725460337
252,376.7674701213312
253,383.8286243965727
254,369.8319816873282
255,368.5697960629413
256,367.50807393122255
257,367.50807393122255
258,318.870579084114
259,430.8976891129808
260,534.487115129746
261,533.8197250087114
262,537.5138796683045
263,542.2060411727459
264,546.0400211106271
265,545.8829801940867
266,545.6681013394858
267,546.422921926615
268,538.3506541918738
269,538.6815243283268
270,530.2327942564953
271,475.61772079933183
272,645.1412009792697
273,681.0214081810099
274,660.4711620440388
275,673.4028395490534
276,675.3757830935971
277,685.0439786465013
278,694.2620269875442
279,705.9638649945723
280,706.0731788564743
281,715.2306331173758
282,716.8606196462299
283,593.7205658195818
284,389.09040407375716
285,348.8465813181083
286,351.3162728831298
287,354.5799303045133
288,354.02863377162333
289,358.3923843276722
290,360.46394193690287
291,360.1574153422879
292,358.7324333139725
293,358.7324333139725
294,344.39055769800217
295,225.99994861277665
296,222.92030350190342
297,160.0131351055968
298,166.9182336906058
299,243.16149334487682
300,238.5723152295635
301,233.62891558453202
302,234.0045461681947
303,257.92554568690133
304,259.6391748356501
305,261.37988039692385
306,264.2959341907697
307,262.4031337588457
308,268.4990966644774
309,285.9708979043256
310,264.4536854173882
311,265.8259020476076
312,266.79253933525416
313,264.6852218719444
314,232.3397567507259
315,232.6830504476824
316,232.51002610722787
317,230.36185429332195
318,230.8408890160209
319,228.78389847783896
320,110.58191438490624
321,108.34276261932959
322,111.0833931469337
323,137.27121785763487
324,144.19996534477548
325,147.93230843760372
326,151.3785032395134
327,148.7442301096921
328,283.961008765744
329,325.1951827378594
330,325.7977184017708
331,325.0969333047052
332,325.0969333047052
333,327.96513418364515
334,330.7763061897596
335,329.89539122896815
336,327.00465733832544
337,329.5444681875661
338,331.0536769293386
339,296.49527679744955
340,212.37035685020348
341,210.77289147547074
342,211.0060305753806
343,211.33864269027663
344,209.34621393419243
345,208.55652986457963
346,216.28640535989987
347,232.23794610081643
348,229.06720778471612
349,224.5640622691915
350,213.5732198226679
351,211.91360500946416
352,222.55979641646232
353,212.3561865805814
354,226.8017314228053
355,233.06951055029708
356,240.32790654417903
357,242.19495896958668
358,230.80644195435417
359,219.0625364018833
360,196.4075282386157
361,170.0510536391222
362,170.2867244175863
363,172.1957913892998
364,138.07155805768
365,343.764060822297
366,347.2651497466854
367,346.1377937455365
368,346.55850925447817
369,369.7323190148498
370,367.97245780925766
371,369.39107321174265
372,369.7975910966325
373,368.64431599043473
374,365.7684043686406
375,365.6403674600488
376,301.7771504463847
377,316.113274828788
378,317.33770408448595
379,315.4986746349438
380,305.45341593194274
381,302.68049030194567
382,429.5807276173414
383,432.1834946595902
384,429.03340480834237
385,431.90260884718543
386,431.7460071506626
387,432.26187507987
388,430.9650283060151
389,433.5531923109217
390,438.409865864162
391,437.1396294803366
392,438.5282185186465
393,275.4241614802795
394,279.7111675491571
395,284.5494104869276
396,285.24236743969107
397,281.0015253538013
398,278.1098075485134
399,297.93018350093325
400,302.7280955466892
401,306.25502666410136
402,279.9864905589078
403,280.044600183012
404,324.7632296334278
405,329.92590796901237
406,329.62683012599683
407,327.5576301755485
408,338.16644743063665
409,333.73372261659216
410,333.24436940025015
411,326.85771761194013
412,326.85771761194013
413,333.25289468201834
414,336.57429267939057
415,346.93138726388213
416,341.34726971962743
417,340.0643101852628
418,342.32653704432687
419,340.06781740423213
420,339.0828934135975
421,333.20181306965685
422,336.4753230106565
423,334.2039697849671
424,355.5212324830606
425,348.738095437358
426,324.9404977279777
427,330.444835231665
428,320.6073852499821
429,312.92414217142516
430,319.6138068017209
431,328.3000097285873
432,333.61741179555906
433,335.34777970184035
434,335.34777970184035
435,278.8519694047691
436,389.5845300304689
437,425.82671692867484
438,430.0526520540968
439,435.215014571008
440,437.76716689663294
441,438.6549818436814
442,438.12825623319253
443,438.3356387513495
444,436.1434566104934
445,437.1492354445298
446,437.5632523687522
447,370.76980597292396
448,198.19744322215615
449,196.89750531294246
450,197.10149591143139
451,194.9253410520493
452,238.14937793545502
453,246.80596015861752
454,243.54368975839225
455,244.3601753922256
456,291.33759024037096
457,317.0927151912828
458,323.326369451159
459,319.553998135791
460,319.553998135791
461,316.26619092984384
462,315.04907394998656
463,313.3891313736716
464,313.9838372385846
465,321.0955966421133
466,325.0025193524056
467,311.57054844535384
468,280.26095899023977
469,293.45248157723813
470,299.7754168097512
471,296.811180495644
472,291.6456633267444
473,287.4470239443024
474,1145.6634283013568
475,1332.2829728698775
476,1332.4206012634006
477,1331.2309844872684
478,1333.58525798017
479,1332.9486918193825
480,1336.2963243205804
481,1336.3171362426233
482,1336.9869756590806
483,1336.9869756590801
484,1337.4788383193047
485,1157.5392313706318
486,263.48284888213186
487,256.79296097828905
488,256.90494281796026
489,258.31254105840503
490,283.75736537819665
491,279.76952759856545
492,269.9896662462588
493,269.9896662462588
494,271.091215613767
495,277.2452737711816
496,274.19360102477043
497,405.2442030422664
498,404.38075225138084
499,408.8867259865507
500,410.59203107989197
501,405.46838390301
502,404.9608566428842
503,559.9876878046971
504,623.8134563223188
505,623.8134563223188
506,623.711556071429
507,629.6721726048886
508,619.5376377942148
509,622.6993428364718
510,619.8027221056976
511,615.8413249955851
512,615.5744508100255
513,614.0232021352838
514,536.9304518772805
515,323.0015122013393
516,318.10169691156005
517,311.36194620172364
518,309.7347381253608
519,308.37787998867395
520,302.59888488927515
521,303.2371076626174
522,330.7101366456611
523,329.3755955623148
524,328.64738094983346
525,285.4320697331776
526,278.4472165197807
527,322.0136006720018
528,324.79276452457697
529,326.53586883641555
530,335.6624954228502
531,373.9036256537522
532,463.9056328814255
533,470.6392308288266
534,477.46799460298223
535,480.7080385479883
536,480.03091522476325
537,481.0065344821954
538,472.6935698466297
539,472.4667494094384
540,470.20943065830556
541,469.85525174475794
542,451.03524484090536
543,180.5268543641644
544,179.56788394632503
545,204.98398167747192
546,210.38221927605588
547,212.38208182517647
548,206.62360022494641
549,207.04447224907784
550,215.87862533065825
551,216.7564225092492
552,216.9609568740343
553,217.97835692265025
554,218.38387386211213
555,221.94631896486146
556,231.9659523009961
557,227.19270243223926
558,266.1605464560525
559,268.55492650384343
560,264.1544310752888
561,265.349254853021
562,263.54782060015225
563,257.73633467062285
564,259.6789752108249
565,298.16152645260286
566,305.477136306355
567,303.3576618312693
568,326.1058193694551
569,314.235512984134
570,311.52008901351974
571,313.0476531424968
572,311.58459452974154
573,325.35471275671034
574,352.39700497033965
575,357.8017529491491
576,351.9748933236985
577,347.1486216306105
578,340.41236710826627
579,329.23652274827754
580,321.678012666502
581,320.1404840972748
582,311.4842678939124
583,351.44593873188387
584,382.64799994395037
585,378.966647578083
586,384.09741635476615
587,384.6201547422175
588,394.4147779296688
589,401.56558123596204
590,407.93398618972054
591,410.33287883426124
592,409.4440000437194
593,411.0652424357747
594,381.9746916536562
595,314.3639706312616
596,314.3639706312616
597,314.61704537880337
598,311.58295795333413
599,308.3190130356204
600,306.3229922258284
601,300.2376643815806
602,279.29122018275564
603,332.01692492315595
604,331.30941295822237
605,325.74574162093535
606,315.10650114266565
607,297.43720839366176
608,298.97216719218613
609,305.5326955290995
610,310.3722117977458
611,310.8645548587332
612,312.78343872059816
613,317.9627093591792
614,245.1200905408686
615,235.20253409994788
616,257.28573809108843
617,253.85401035486882
618,250.64879020534667
619,236.82770702555212
620,276.52996503907167
621,275.9515946009531
622,273.9442063016744
623,275.991109447347
624,276.3028825248029
625,274.0844153488648
626,268.46735646071613
627,274.7419768500033
628,274.9678273973328
629,276.8979477307729
630,274.4387662009417
631,256.53595699256715
632,260.8423379210849
633,270.5042030165496
634,274.07628067849146
635,352.7121653365712
636,365.4232611743492
637,373.5322172436032
638,374.1444056236216
639,374.1444056236216
640,374.9795131516954
641,372.58768006993074
642,365.74297387390055
643,371.32628826684913
644,376.19220851340964
645,366.882730832469
646,314.56200847966414
647,263.30723737061084
648,265.87478365106534
649,254.1346421518616
650,253.5456419024595
651,299.61716774064115
652,303.19255205311015
653,302.54404138414037
654,302.1447364501782
655,301.0438536937918
656,294.6250127884778
657,287.41732917645976
658,280.8440892973701
659,274.2960926566657
660,264.8799124921234
661,269.3697043477233
662,214.04193378007568
663,232.1398604448591
664,252.86209706546848
665,259.687118737192
666,343.58722607577994
667,349.7308165314554
668,415.0901014342805
669,421.7868323836458
670,511.126353246116
671,515.5881836512666
672,515.1091104223718
673,515.5580555619348
674,523.0713463925209
675,524.1001113980616
676,521.2626422665356
677,513.8387155910941
678,529.1890029300289
679,510.6624413215908
680,509.2412072988134
681,399.51000153456454
682,428.110460868326
683,436.53809077263566
684,469.68747221483045
685,555.9359624383253
686,563.930052550979
687,569.8566929631552
688,572.9847588425938
689,570.0122128500902
690,574.8072171472712
691,571.6920173505467
692,577.2686724694163
693,568.8885523562084
694,568.7381374769077
695,549.8043264357779
696,376.9675291785211
697,655.6124484716674
698,783.3144339494887
699,782.7314369240818
700,775.5780961483788
701,773.6625047890849
702,781.4207818022217
703,775.5791567863678
704,775.5791567863675
705,771.5431085511023
706,780.3588700579953
707,781.3380068223128
708,713.7259390654795
709,409.29758242597376
710,404.6303824883293
711,298.20181775638116
712,300.1740766105213
713,337.9606100096418
714,337.18614575731567
715,317.0045037253081
716,319.46079993862907
717,315.24914184815333
718,330.1207026877509
719,329.16988276419966
720,338.6195204331424
721,421.07771149985086
722,426.36005659940247
723,421.79345930427877
724,408.9707888189515
725,408.4568207163478
726,408.97078881895135
727,412.69053673372
728,415.2851549047468
729,412.2874836311631
730,407.0585679221707
731,404.667964491057
732,265.27937103704824
733,272.0591848785681
734,342.8205550641323
735,343.86740553953314
736,345.2560672531441
737,345.23025842832396
738,337.78295966445614
739,336.00074466064336
740,336.2552398809933
741,367.19948052229216
742,364.91313865536387
743,364.89876805359336
744,368.0748061046515
745,336.3233444413574
746,335.66999771893916
747,336.0647211900521
748,351.74848823175813
749,348.3841192347407
750,343.4709187899652
751,332.73670548795934
752,306.3721231451454
753,311.5112815536068
754,315.80526591262856
755,306.22196613742284
756,301.34953397808516
757,305.77892633443264
758,311.9185999800798
759,281.8721052066609
760,281.24395503502274
761,288.0590710417942
762,290.2377095877935
763,344.39191442036247
764,380.768145255321
765,382.15749162755895
766,374.5799231751332
767,379.1284283488131
768,377.1627346995083
769,376.17084236322825
770,380.5309366285214
771,378.82189054791564
772,377.5553784032669
773,376.2576399413382
774,340.9304361043185
775,296.73058340965304
776,293.41326330347977
777,287.1924164974726
778,287.882426237204
779,289.5714700002232
780,290.5411467264562
781,290.42233135415074
782,288.7834902539307
783,289.4139108551925
784,286.33562908672053
785,285.3831245314492
786,206.7009527191201
787,203.74048285790226
788,207.8661774588409
789,203.22706212032242
790,202.20876627033107
791,207.10350047359358
792,207.30317842098358
793,252.24931022102
794,246.7570418688819
795,248.12266781766067
796,248.97782477764235
797,253.9320402776064
798,264.74064508450004
799,298.5524710879136
800,299.07910573577664
801,308.5021736352142
802,300.8694954202419
803,291.19077310991383
804,297.6682823362027
805,293.5178883664824
806,291.7687822916965
807,290.26257917025424
808,291.16515280781886
809,299.8141379822024
810,279.71911305435503
811,284.97753232921906
812,262.7613829591656
813,262.5438248829346
814,262.5438248829346
815,207.9501503009388
816,209.92245546128208
817,219.11425011121074
818,217.4597066202232
819,266.5609289468842
820,262.7556807446854
821,262.08052560497725
822,262.46094134563924
823,278.95851339834985
824,283.849845866236
825,283.56211937271286
826,285.67235150318845
827,283.49819078185664
828,284.37601503935366
829,284.90467957850643
830,311.4800868714825
831,348.20733247886994
832,347.8972374353245
833,347.18243940132317
834,343.2226112960024
835,345.09216790134764
836,348.0836894055261
837,348.38939648898963
838,345.2145799734105
839,345.65100024675087
840,348.89860585201967
841,329.6290995023793
842,279.06618208624354
843,322.49680685467115
844,413.75510951011773
845,406.82659687075767
846,397.9500943772967
847,399.27027649151916
848,416.65678799389883
849,411.36543261024656
850,401.19182731307365
851,385.29626601053667
852,386.4048649946055
853,400.47351290427696
854,411.8871857144104
855,359.29563651418283
856,364.5417716882502
857,374.15753956392996
858,351.9756389174013
859,337.35794046806365
860,338.47565340447875
861,337.34527026736293
862,337.1431688788581
863,329.91142231885345
864,329.17858353614605
865,329.1917300604608
866,329.97513257363204
867,335.0749548162935
868,334.362011521315
869,334.74315404325176
870,233.11249194322812
871,234.6895159457219
872,240.9766580503936
873,240.91355092305318
874,347.55707553042015
875,351.7636996291477
876,373.8185912891109
877,392.1247437164128
878,396.36395546100334
879,392.7020017196096
880,391.456791895159
881,390.0197206515044
882,382.97814507168226
883,375.7888300717366
884,379.1155059825602
885,353.9471265622563
886,352.6659716075669
887,338.52188985385663
888,291.31901238643
889,283.69809931274614
890,293.30828217597843
891,266.22906010161586
892,261.0581106557887
893,316.66103473028994
894,320.7653627219998
895,338.5552551986894
896,348.96244316628173
897,343.30531859042964
898,384.76479826570977
899,421.7188810419728
900,420.97498366715416
901,420.97498366715416
902,422.7921499136448
903,401.21643836680323
904,419.89223866991415
905,410.9141513754145
906,427.10654735485474
907,428.5694788497686
908,438.77301968447335
909,415.2615789135968
910,363.9882458302902
911,363.9882458302902
912,359.12123491017684
913,246.1964475953601
914,294.61095102325436
915,290.1152931446179
916,297.4534561345488
917,292.2864206021409
918,294.55394172306706
919,298.15416690379453
920,299.50980549478004
921,304.23120730083264
922,304.6827996665324
923,304.95371130744036
924,315.17993824955187
925,237.80264030014584
926,234.5276954486483
927,234.79241547707943
928,273.0384841670451
929,273.0384841670451
930,271.4317754732483
931,276.72782080123443
932,275.9367662947675
933,313.9049389011093
934,308.1839966554015
935,303.14909075008165
936,369.36900829882853
937,363.33517002832565
938,358.74035586188995
939,361.05925032952524
940,358.6250670547772
941,352.75165253492906
942,354.1637719925573
943,352.33716778788255
944,341.798535451451
945,342.8559202059856
946,346.33011831180977
947,208.01519766335647
948,212.51911484895672
949,214.89752521748332
950,218.39543704534225
951,274.97750612383055
952,273.58281599998173
953,275.519374982866
954,278.7081543223374
955,278.7081543223374
956,278.9293720964072
957,275.5700579027054
958,287.9360099383439
959,293.5445335043417
960,290.4329486719926
961,296.14455840358863
962,280.97288193743174
963,283.60744615982736
964,281.16971189359475
965,277.7067643222685
966,283.47985574266005
967,290.3627985149192
968,295.9949619044394
969,320.5765287574655
970,318.7869832069629
971,318.0435881013832
972,319.8452770526779
973,317.3532176505817
974,357.1373926820451
975,356.00219272124383
976,357.91459972160413
977,357.9062515242978
978,357.6177456771908
979,354.22734881418023
980,323.5114501397754
981,320.74927915843074
982,320.74927915843074
983,315.90071262745107
984,312.563013608461
985,209.13163133122532
986,357.4820404050634
987,354.6625811238968
988,352.16523301915464
989,364.5540748354017
990,370.3636677601402
991,374.7473044466081
992,378.39847703204026
993,381.3015981127095
994,382.482071601346
995,384.64373593573447
996,384.83487436259384
997,288.450147867358
998,288.587402939026
999,360.8337329647352
1000,330.23866708135927
1001,332.5654198442305
1002,332.2711432351243
1003,331.56012540335547
1004,329.69118658425987
1005,334.48673577979457
1006,333.408264926908
1007,328.21536986243007
1008,322.12540492676845
1009,319.5384783143512
1010,279.20848309963907
1011,276.5433588581904
1012,296.5016077971435
1013,339.86013459839734
1014,356.66097847618363
1015,369.5776482615476
1016,384.0531351574355
1017,385.9042752658337
1018,381.3739954809767
1019,378.484005767679
1020,389.01065018788125
1021,389.45447023981063
1022,396.6900215335666
1023,394.1264711220298
1024,353.92330065409624
1025,271.3331538392959
1026,266.0663272721494
1027,289.4299729523392
1028,296.0472700631028
1029,479.8675853278769
1030,483.2105541058195
1031,483.7431348478223
1032,481.07226277451394
1033,480.1242592177578
1034,481.44498030799394
1035,482.0060183493402
1036,479.83011227471764
1037,480.69807156338544
1038,481.69615849889846
1039,481.65802839726905
1040,277.3681777523106
1041,171.57747159159558
1042,331.6855791321005
1043,357.4626513309888
1044,354.78232089282517
1045,360.6678383865105
1046,363.28634151920824
1047,361.21106627934057
1048,363.57857192059737
1049,364.5370687099454
1050,404.6603522861522
1051,397.24843511540206
1052,403.16972888548764
1053,389.34108676806125
1054,378.52206401895205
1055,378.6626605203985
1056,373.5222547392999
1057,369.77739152664736
1058,372.94754289580254
1059,369.462357638106
1060,367.6867572221376
1061,337.70757476027666
1062,334.91724539605525
1063,329.63655373010954
1064,328.2732008426572
1065,331.83048811263336
1066,336.74534160302153
1067,376.7469847075957
1068,375.9570313328167
1069,375.294441443854
1070,374.68183699094163
1071,373.29802938850924
1072,330.70711313751
1073,327.5517642208999
1074,335.3437500138192
1075,336.36457176032667
1076,336.319064838707
1077,330.68163474484794
1078,257.65204935774744
1079,257.91017086948153
1080,258.624751235546
1081,254.44169899676623
1082,255.2281696061133
1083,398.3587059541394
1084,447.3817646838953
1085,447.27669541875605
1086,444.4624589650656
1087,442.45085993072746
1088,443.4032325761068
1089,441.42358923274764
1090,439.0271045970842
1091,440.67029345576174
1092,438.2324364419853
1093,438.2324364419853
1094,374.1039652811576
1095,236.92816173550344
1096,240.19663520032685
1097,241.72494361922128
1098,246.2904895404902
1099,227.37772287159814
1100,227.37772287159814
1101,228.2116146654833
1102,232.59850466205052
1103,292.0618718299468
1104,289.39010233450483
1105,290.4930512999495
1106,288.46287250395
1107,288.73829682267024
1108,288.1174788680139
1109,290.9053255096636
1110,289.12015637649984
1111,289.12015637649984
1112,291.1713789238211
1113,292.65678755979167
1114,207.1547209102724
1115,170.78062344323504
1116,166.9669361793581
1117,222.34856382605807
1118,221.6298917321661
1119,225.9751078858362
1120,220.75595380815207
1121,224.45436577699718
1122,226.452135592742
1123,226.13331673732867
1124,221.844061718324
1125,247.0411318147978
1126,251.38776519231254
1127,251.93267853825
1128,574.7448311971788
1129,597.7147067420193
1130,600.4727066404829
1131,598.9880083758006
1132,597.2906967216402
1133,597.1291972082757
1134,595.4523524512402
1135,596.0885676800089
1136,598.6910924709707
1137,593.9874197278237
1138,590.3959504813972
1139,422.7722523308876
1140,292.4081707783664
1141,293.67865206208944
1142,294.4479573503499
1143,300.9846869909897
1144,291.3424408160197
1145,291.3424408160197
1146,286.609097310862
1147,294.94085235900496
1148,294.7984810035368
1149,295.9415617031533
1150,290.35369286758606
1151,289.5973026083612
1152,285.19489595073
1153,286.57795875067507
1154,308.46915076060213
1155,313.82432348360766
1156,344.07691774547516
1157,347.24287472037406
1158,342.40601158612304
1159,377.9261005842248
1160,385.81996853693187
1161,390.685591272642
1162,388.698675701789
1163,384.7473629913795
1164,371.641269037753
1165,376.1453814469989
1166,376.44774632157004
1167,363.3192658168029
1168,362.3479663585741
1169,362.1747196455754
1170,305.05252306604444
1171,303.7024280788718
1172,301.5517273577007
1173,269.82340402014097
1174,243.1050102012869
1175,272.76761732276185
1176,276.0122778286044
1177,282.54857539033105
1178,278.76292828557513
1179,284.439824626488
1180,279.6762488192116
1181,319.1683676675459
1182,325.5917740378905
1183,325.5917740378905
1184,324.3119579995885
1185,322.6652832156992
1186,313.0519804040037
1187,311.4317687702294
1188,310.8408657727471
1189,312.1830958788222
1190,311.46522780170073
1191,310.17266237843484
1192,259.1743560837644
1193,221.81824963039853
1194,226.63922808434884
1195,217.83181523165177
1196,311.5477531039085
1197,308.6011870643773
1198,306.2800272048279
1199,306.71472227921583
1200,306.71893050324275
1201,306.71893050324275
1202,306.4306981108993
1203,308.2773817226552
1204,308.2773817226552
1205,308.25613510059367
1206,388.06415259928116
1207,366.3673548197345
1208,367.0314872923522
1209,391.7717482400317
1210,387.71279094994765
1211,382.36982000758934
1212,382.36982000758934
1213,382.7355399755182
1214,378.6536782125507
1215,379.1982106966018
1216,379.11381092568223
1217,313.14431141921534
1218,314.21098237808985
1219,317.25714030559215
1220,236.34063524024367
1221,241.11593796297333
1222,219.65346609667952
1223,227.57525016607715
1224,229.1814654244474
1225,232.98828666459247
1226,234.69410779862343
1227,234.8344199050322
1228,220.62279456913154
1229,370.44329783275833
1230,389.3479098465693
1231,384.8660679778605
1232,386.8856629596791
1233,384.65373326034484
1234,389.7902308388744
1235,387.784009803234
1236,401.54717433075285
1237,405.7474244107186
1238,404.5251566649582
1239,400.29883446778433
1240,339.0012098678858
1241,295.843378507551
1242,300.66027598275434
1243,301.54806258236
1244,313.22429073471704
1245,309.26239540944687
1246,306.93912115229165
1247,257.1411154718007
1248,258.1163177341108
1249,267.7967727436477
1250,269.2525862678114
1251,266.94417328241184
1252,256.95317022843614
1253,263.25573678907244
1254,266.0859007892826
1255,244.62471149227608
1256,250.89661573367783
1257,252.59662317581655
1258,248.62535925195456
1259,244.4359146683812
1260,219.08315132745759
1261,203.73023086756334
1262,178.91950206677868
1263,154.48838097534338
1264,155.90972424629817
1265,190.2936200075317
1266,202.4941418237858
1267,198.6659103911566
1268,198.6659103911566
1269,200.23540083461415
1270,201.20031649837404
1271,380.1133315720046
1272,393.87980228190565
1273,393.87980228190565
1274,393.27614215703926
1275,391.4029436204277
1276,394.98297133497687
1277,394.98297133497687
1278,396.72409512204763
1279,396.4770728586204
1280,394.95131161870796
1281,394.70538987487396
1282,288.6821590914314
1283,172.74171395014824
1284,173.4710284854239
1285,172.99645426626395
1286,172.83638970039195
1287,330.6654497400992
1288,330.27389502824866
1289,342.24001511292096
1290,348.8535606510812
1291,351.0848739042086
1292,349.82359096710195
1293,348.58164301972056
1294,344.80793660318017
1295,344.80793660318017
1296,343.6113184552535
1297,344.32460165669266
1298,274.8734625401601
1299,288.24788746972683
1300,275.35782719469483
1301,248.2323492735072
1302,249.00177451538474
1303,340.93849094633117
1304,344.1051812639133
1305,344.27883538976545
1306,344.2083399146128
1307,345.21298746406035
1308,356.37200924367244
1309,357.56730194325223
1310,356.2965599577446
1311,353.08649656986466
1312,351.56813828419257
1313,685.5864078110859
1314,846.4561166269101
1315,850.4246245218042
1316,852.2049419180885
1317,850.416565585203
1318,848.7351551120578
1319,853.9403175015923
1320,853.0875385413702
1321,855.3318842515042
1322,855.7516879501657
1323,859.8110528674318
1324,779.2705714869177
1325,316.1519572438719
1326,316.7659316812636
1327,321.19625453242475
1328,324.0791956216597
1329,327.6269885386567
1330,327.02920198642425
1331,323.84669932617805
1332,325.21711762901595
1333,326.919930561896
1334,328.0524096246491
1335,260.35935815151925
1336,257.5165099935194
1337,245.90130040277472
1338,283.6369503509264
1339,277.62499629994664
1340,282.69789527726454
1341,434.8922379903592
1342,484.95823215083914
1343,487.76707135017324
1344,487.76707135017324
1345,484.33074086334517
1346,485.84142878432226
1347,480.2153424958439
1348,482.393562857025
1349,483.92543616649806
1350,481.2814293022186
1351,482.8561042682096
1352,413.58770054710266
1353,243.0366842896505
1354,270.4384773657164
1355,260.65628323324796
1356,258.96471454246614
1357,306.0984798161258
1358,308.6867586735503
1359,317.99993962730144
1360,327.23784416770275
1361,335.29917863744845
1362,342.145747194242
1363,349.90043556174487
1364,350.00411074344237
1365,342.50484637097674
1366,343.8063480936448
1367,344.1863238459072
1368,303.2747565506702
1369,291.5517309194076
1370,286.54903976829706
1371,281.689010370888
1372,301.184009591898
1373,328.8257529518886
1374,328.8257529518886
1375,328.12724839199797
1376,383.1859304548559
1377,384.76793307727996
1378,387.93826511170255
1379,390.18342329016457
1380,391.49245126985016
1381,429.7912159698488
1382,419.12813220834295
1383,426.5496485374797
1384,428.7683583342741
1385,439.647605664526
1386,435.95867573971657
1387,424.70137745895835
1388,451.46683440439926
1389,457.7244741435424
1390,455.0025068080439
1391,458.3476917800102
1392,432.2155767329048
1393,439.6139287826316
1394,441.0141111355924
1395,440.54674588560937
1396,424.22635533819573
1397,426.108748341632
1398,426.2149734843029
1399,367.76622711536726
1400,262.80995891904894
1401,261.2046338990517
1402,313.3844979593008
1403,313.88059353812537
1404,309.5690268489365
1405,312.8275933747624
1406,318.03322895858275
1407,321.97712575223215
1408,401.41260036942975
1409,396.8291208150083
1410,394.0849826647358
1411,394.1893487752273
1412,390.8032354123138
1413,377.74752687907585
1414,374.70824344022805
1415,395.81185376957154
1416,391.2104038003072
1417,386.1138572286583
1418,387.2900955716852
1419,310.7451687380912
1420,318.4323914561088
1421,324.09551928255013
1422,324.286097785386
1423,322.7815313594419
1424,323.66100941595414
1425,325.33623901667414
1426,191.7412330667381
1427,272.2565675041484
1428,272.77868495485006
1429,275.055940734
1430,291.7105166806401
1431,288.48840905219953
1432,286.4848487485432
1433,280.25342873850957
1434,291.24600136324887
1435,323.12083668380484
1436,683.4992733511167
1437,862.1723470989633
1438,921.8505244248804
1439,919.6369871980908
1440,936.130421929987
1441,940.8992937160336
1442,942.5232198344174
1443,945.4617357110312
1444,941.9358990430826
1445,950.1425035925446
1446,960.5502503821203
1447,942.3239945568414
1448,837.405770433175
1449,697.5733648964273
1450,698.4515805553433
1451,258.1420943443848
1452,257.9323349971824
1453,255.8160378436966
1454,262.34643377476044
1455,244.26574436840718
1456,241.45349792544133
1457,238.71504697883134
1458,236.7918748733285
1459,236.7918748733285
1460,238.46288212653218
1461,240.56948183004658
1462,201.6010949368831
1463,200.9889401421693
1464,201.79691956306343
1465,166.3559221848063
1466,169.08472997043296
1467,303.8967964449116
1468,303.71519420641215
1469,302.6852243043267
1470,303.1398250738215
1471,303.1398250738215
1472,303.77970358759154
1473,306.4052464022159
1474,308.6168993753352
1475,309.0343442591784
1476,310.1637726486831
1477,313.6310317080824
1478,225.9145296103624
1479,237.03658939106262
1480,238.1909985459808
1481,224.2630571870493
1482,249.44154832853243
1483,230.52548352298768
1484,247.80954942360333
1485,247.1073820225215
1486,247.38115790066917
1487,250.1146142866573
1488,288.83567464309994
1489,291.6341948491554
1490,298.8543550421133
1491,337.04915107696064
1492,340.7780448133876
1493,345.712212332862
1494,341.7593795458587
1495,349.34615443463616
1496,352.94985340049743
1497,348.59155720556646
1498,348.5873706730854
1499,338.7122496422451
1500,726.6210843980931
1501,876.9305112436882
1502,881.4334774462135
1503,886.4638056130182
1504,886.3053193804477
1505,885.5108917952588
1506,884.4267348996764
1507,882.4626816929969
1508,883.1368881585414
1509,880.3767700807152
1510,877.7535613360162
1511,792.6550452557042
1512,297.8811907840905
1513,302.7752435343852
1514,298.01222174136416
1515,300.6438810109987
1516,302.2537315575425
1517,303.8891436643233
1518,470.42529777966485
1519,525.3416838397256
1520,529.5588714496749
1521,533.9041796718749
1522,534.1610219980755
1523,536.0207489396038
1524,536.0207489396038
1525,539.3456425362061
1526,539.4026008930489
1527,536.9238866794034
1528,538.3865950583131
1529,465.1572233264957
1530,248.1543448727556
1531,246.2529417696676
1532,245.07812042023602
1533,244.11892331111838
1534,247.04845020646744
1535,247.3021007462067
1536,244.94214243435601
1537,308.65035231783366
1538,371.86068604007767
1539,372.1217225362118
1540,373.82611620798286
1541,373.9403203655447
1542,374.9641528194546
1543,376.7058564149747
1544,377.37373870084986
1545,401.13619261693293
1546,446.54307631948
1547,447.82175554403807
1548,458.4783945152646
1549,444.54157734729375
1550,462.19684996598886
1551,461.75607000776057
1552,461.46247642191076
1553,462.05712446072687
1554,461.76094314874564
1555,461.77969629769683
1556,452.7422451942649
1557,407.47892346590174
1558,404.5477358836635
1559,359.0139138079887
1560,359.94499186265693
1561,391.9897096865631
1562,574.1302986089534
1563,574.2869728030997
1564,574.8558593455529
1565,571.8876840616123
1566,569.6645810039904
1567,571.3923032385447
1568,565.938854689366
1569,564.2328985554668
1570,558.8278598212478
1571,554.7896908562817
1572,551.6470293422517
1573,385.48155566940835
1574,381.55484421349803
1575,371.85416206225403
1576,381.01171125158953
1577,365.4971391881475
1578,365.071604486118
1579,368.12191701082395
1580,339.87655947903295
1581,197.6054322260131
1582,208.4109814447876
1583,213.81552159236043
1584,239.12620549575328
1585,241.1995657176212
1586,237.03425917861264
1587,233.08141547061848
1588,327.6439221019313
1589,327.88702624375463
1590,321.41722696836086
1591,323.0239335228717
1592,328.3084666354628
1593,331.6796392297315
1594,328.2179542448281
1595,327.8952636309142
1596,329.5262772206676
1597,331.4763495411005
1598,334.47629037422337
1599,224.02710831364936
1600,275.37428256794317
1601,275.97864277586325
1602,257.1711253264731
1603,363.18151484611036
1604,444.52647318340865
1605,446.07680462048836
1606,442.2178612929968
1607,438.49845165177817
1608,438.64955121663695
1609,432.66474380562835
1610,429.30852944003806
1611,430.23382793704695
1612,427.9964429661266
1613,426.7514907579129
1614,404.4635459090416
1615,260.79480626439505
1616,255.89239006728386
1617,378.6692153870712
1618,377.5333137068396
1619,443.3015848705298
1620,443.2646674559279
1621,445.34596649924174
1622,445.34596649924174
1623,447.1456630492717
1624,446.2730550851989
1625,445.95041862215857
1626,449.7919576775977
1627,449.2785074754772
1628,401.74691310639463
1629,403.329008684842
1630,233.1006112301221
1631,239.50460364145013
1632,238.58762276420129
1633,238.83494586251263
1634,266.89206813952944
1635,298.0539131262724
1636,299.4023184924638
1637,297.7513116220282
1638,299.6367440037109
1639,300.0928239310552
1640,339.48495167867344
1641,343.8361083459771
1642,344.55417128833915
1643,344.7133852067704
1644,346.11504490519457
1645,341.34190057896575
1646,319.83111707569304
1647,319.83111707569304
1648,334.5886899828352
1649,334.99906956469965
1650,330.9051139418305
1651,278.24086629944594
1652,277.8047171827095
1653,278.56029908350087
1654,259.95172482865127
1655,260.8226010013717
1656,258.9638352428963
1657,309.98928185989075
1658,305.5956294817809
1659,279.36555860986357
1660,278.48204074217165
1661,277.41005551304414
1662,277.69757520702467
1663,282.62794536688637
1664,296.2085395703688
1665,344.6113837271305
1666,337.97365773011813
1667,332.2277080145833
1668,325.16710418359355
1669,331.33170651717506
1670,335.64722878098706
1671,334.5618783117856
1672,338.52957821571977
1673,344.04892546379693
1674,344.45441480134696
1675,331.7295244945832
1676,234.00677585382846
1677,378.9731097553536
1678,377.3866345975672
1679,376.23082768331324
1680,371.9647789394376
1681,371.50533367578043
1682,374.8849199612553
1683,373.2539457322355
1684,369.4307068185632
1685,428.44803269375643
1686,428.20490224099603
1687,431.9373056171415
1688,391.3677815835428
1689,395.4597160350468
1690,396.94790561204826
1691,400.6336311909597
1692,397.49144639743486
1693,395.27171458825967
1694,394.9749491952192
1695,395.6947777340604
1696,241.0663911270933
1697,162.1329294047265
1698,162.74954499755694
1699,164.47289335783375
1700,165.57556128616233
1701,198.4805720773134
1702,197.69105087382974
1703,197.69105087382974
1704,197.69105087382974
1705,200.53541144634917
1706,201.22126939902702
1707,201.66491164277141
1708,301.8284896912293
1709,327.72840362004865
1710,328.361163149361
1711,334.3628614881976
1712,333.838632127174
1713,332.1529122424284
1714,333.99961883774813
1715,334.39887699607965
1716,332.76484304827545
1717,332.51930638050436
1718,331.2450329937771
1719,293.1888817638818
1720,277.4806819787515
1721,477.0397772645349
1722,677.7203130641359
1723,678.8548420385356
1724,678.998071423771
1725,678.4790761476432
1726,680.0246113434496
1727,680.5736618621766
1728,680.816934019534
1729,681.9734964406708
1730,683.0338208352123
1731,688.1690084734599
1732,665.8475715669758
1733,373.95819034470907
1734,412.19999379052064
1735,410.71802668872215
1736,1018.0115691974153
1737,1072.9323516718198
1738,1072.1333395563997
1739,1069.0594625091817
1740,1063.730022803804
1741,1063.5763385547086
1742,1062.493445626027
1743,1062.8076978839788
1744,1061.760426313493
1745,1064.033042829205
1746,1057.6759061415871
1747,793.0875389833244
1748,527.8509504677941
1749,527.8509504677941
1750,532.4754320543507
1751,531.9096743755114
1752,532.4053650134152
1753,528.3608717393563
1754,521.9579258701934
1755,514.3291484805729
1756,524.3550036291432
1757,501.7909741021266
1758,367.83032421215796
1759,367.35588162961585
1760,359.8948283630697
1761,356.47984136773687
1762,362.8880914509957
1763,351.9666236940085
1764,346.9097440220568
1765,302.93753679635984
1766,276.7557458732705
1767,268.20485857066024
1768,267.27782627526216
1769,260.09078809317964
1770,266.2233298076344
1771,270.8253698217123
1772,270.8460990490725
1773,446.65329673793633
1774,445.64593003225633
1775,444.58198119802177
1776,447.8189992899882
1777,491.84049427420746
1778,491.84049427420746
1779,497.58769164310166
1780,495.6175916194242
1781,495.92910923828725
1782,496.82230373901854
1783,502.394208424003
1784,440.7890150613483
1785,482.40749052279335
1786,484.84489680465344
1787,484.49458323364786
1788,429.22818639172067
1789,430.615302055345
1790,431.6129463113012
1791,435.44418086701035
1792,437.40290085400886
1793,419.01336755165977
1794,413.9618676272006
1795,413.4567213729976
1796,311.27594117262436
1797,322.7235109237131
1798,319.8821850263291
1799,428.331855257546
1800,425.3074606383986
1801,421.8444324965194
1802,453.0763299730523
1803,449.8760238403225
1804,457.0395624671608
1805,464.7015038882351
1806,461.66379393302833
1807,458.9759434872467
1808,462.85271637913314
1809,463.3241674650846
1810,446.51756199416303
1811,453.5299917030224
1812,461.40964183239737
1813,424.4308941178241
1814,422.8821998239168
1815,418.621907398964
1816,402.7837942917565
1817,404.99839492983
1818,406.71289331907525
1819,382.7610919188614
1820,382.7610919188614
1821,177.88158948467537
1822,177.93735653736144
1823,191.290215879134
1824,201.5308686194677
1825,206.5138685918821
1826,202.21490265040498
1827,198.3512957777937
1828,199.48486184778855
1829,203.61070431983157
1830,199.59200360635967
1831,199.0835014533881
1832,194.68465994104162
1833,195.10944699875785
1834,180.1413107815131
1835,293.00605583289905
1836,329.76456511151036
1837,329.76456511151036
1838,332.5832572934687
1839,331.73028015887087
1840,331.6457216738886
1841,332.43548279454444
1842,332.4354827945444
1843,330.78773207223134
1844,330.36883536558275
1845,327.8486328082989
1846,295.82883334123716
1847,233.31913172370318
1848,232.06894887790668
1849,201.72731768203582
1850,199.1275931503857
1851,196.89489172111718
1852,156.66460461572862
1853,157.8411670824867
1854,205.62973795634446
1855,203.8004492931545
1856,203.12542612914504
1857,200.5405422350801
1858,215.7002534141132
1859,217.47663818268782
1860,313.64987169204267
1861,330.1956561993198
1862,325.4063124147757
1863,430.5071467052915
1864,514.484521599667
1865,583.4513917184561
1866,572.7967257202266
1867,574.55331798162
1868,575.4231860476422
1869,578.2547469164509
1870,574.3147629911489
1871,574.7355695678654
1872,581.9339801105313
1873,582.9395862916365
1874,567.9906330060583
1875,521.2514985164313
1876,335.661557600468
1877,294.1544499205564
1878,290.6050461494649
1879,292.5874582070168
1880,297.37709855936237
1881,343.8395983518774
1882,330.22457821717137
1883,347.71861112246444
1884,351.0872415532075
1885,351.620108749587
1886,357.4077182615557
1887,385.5437337435391
1888,415.3537517826993
1889,416.5529584598861
1890,420.6518918418668
1891,423.4435147604282
1892,410.5978166285643
1893,433.5415136717968
1894,487.9487067635299
1895,485.43409245025435
1896,476.17799814188163
1897,465.924799503611
1898,471.0799789420577
1899,473.80631226728445
1900,467.7353827506243
1901,463.1251869230073
1902,458.65163850185616
1903,460.17046992155485
1904,454.1113512472588
1905,391.6199012780674
1906,400.0395786413554
1907,411.61991432441147
1908,407.46878820991685
1909,404.4292058381772
1910,357.49357745581665
1911,343.4649070177572
1912,344.2511821270288
1913,341.20293936623204
1914,340.1897135016364
1915,344.7854463007634
1916,338.3375170636126
1917,338.8582907512776
1918,339.14710546713644
1919,351.4782079858281
1920,339.64374762710037
1921,338.99675902559767
1922,337.1430210532186
1923,336.9081505807832
1924,337.8316466183603
1925,337.2313475640551
1926,303.70798488320696
1927,294.03794767121707
1928,296.27474282094187
1929,296.763582158417
1930,231.598045091676
1931,207.2263878961501
1932,208.84030750001662
1933,210.41553927768985
1934,159.07007025882334
1935,92.19031854530859
1936,65.61562018094416
1937,57.582100310588544
1938,57.73628439399143
1939,100.0376240695538
1940,131.27644434918582
1941,130.80622261238122
1942,130.80622261238122
1943,172.92186041466968
1944,283.7610736643357
1945,291.1071828668763
1946,292.57515602013194
1947,293.7127678414105
1948,288.3200444764947
1949,278.6102177198518
1950,313.81223378118784
1951,309.33930727691444
1952,295.78110175424155
1953,281.5206163646783
1954,277.6692200591268
1955,392.7788456774669
1956,404.6396655848571
1957,477.0090453320787
1958,475.66622687770683
1959,478.5048754650513
1960,478.5048754650513
1961,485.0034779869055
1962,491.3346258671994
1963,493.7915353380062
1964,497.39061358375176
1965,496.6095925982448
1966,460.1843710965789
1967,454.53140518769777
1968,317.2403397789637
1969,315.2458085378584
1970,318.55683100729163
1971,323.7177722263277
1972,321.39806586427187
1973,317.9935976168372
1974,348.9564093696958
1975,351.76519349925695
1976,415.36032363668505
1977,430.7042739302182
1978,433.8160926587796
1979,442.32653052565996
1980,433.62440433062966
1981,423.0457649182797
1982,422.4396006137905
1983,404.55658200758177
1984,405.6497814477772
1985,417.48379365443054
1986,417.48379365443054
1987,396.3502970145771
1988,380.54794781048037
1989,378.91454437910306
1990,364.7924489000317
1991,375.45345161097407
1992,375.7254891100456
1993,308.5457264681574
1994,255.58775019000046
1995,287.62250494534624
1996,292.11408791295514
1997,298.3481671047844
1998,305.44111718377115
1999,318.3991508766369
2000,329.7077353843235
2001,337.93299745408365
2002,329.21217171028763
2003,327.4953522717824
2004,326.2243887964406
2005,329.0235857809513
2006,302.3176386991725
2007,322.951244581459
2008,311.9248572116708
2009,302.21475389621963
2010,291.79801105829273
2011,327.55575198303023
2012,362.44287205554036
2013,364.3612246778949
2014,372.69889656134484
2015,371.506352041223
2016,375.49909122693566
2017,385.06070221832636
2018,384.31455759974574
2019,383.8176476956799
2020,380.7034411757437
2021,386.51233759366966
2022,358.3740737642231
2023,260.90959300734016
2024,259.33786294291644
2025,259.4110354856284
2026,250.60509312635008
2027,253.9753357843487
2028,331.5436159095747
2029,340.19299163196047
2030,343.4910671703422
2031,352.4223234312513
2032,346.38961999147125
2033,383.75270908671615
2034,386.0193345271962
2035,392.3426723455858
2036,410.19328184718836
2037,409.6176965401455
2038,411.06421056077016
2039,391.75834527217836
2040,382.1500951621995
2041,380.35239617982063
2042,370.5119284689395
2043,375.61581085755563
2044,341.5692015596748
2045,345.69562162014404
2046,341.3965090854398
2047,341.3965090854398
2048,337.4964753357864
2049,335.955336545322
2050,334.51853986377813
2051,337.7807420539028
2052,356.2808761679142
2053,360.9242745760108
2054,362.7145391737093
2055,355.33619396261565
2056,361.23409048021836
2057,362.19535235683423
2058,358.64885447306887
2059,369.74420385524843
2060,370.7864230501722
2061,380.31450871895936
2062,385.8871783070054
2063,408.9035974587397
2064,403.02101010313766
2065,407.3153454810212
2066,404.3173575566003
2067,402.091058974176
2068,394.4666640081003
2069,373.47167848215315
2070,369.2124562579012
2071,375.34095421101705
2072,375.0616084654171
2073,374.0898094738757
2074,361.6613706344516
2075,366.8259798635743
2076,343.1526940012075
2077,343.5797933309965
2078,343.63054986265695
2079,409.6565523816954
2080,409.1195321037838
2081,409.58084780648176
2082,423.45669119556857
2083,428.0192739394982
2084,429.56022357016997
2085,422.48552290953177
2086,431.21703227339447
2087,429.64562583359657
2088,434.3321946157264
2089,443.4816060439808
2090,415.67502578874047
2091,420.7058081774466
2092,432.85649153580175
2093,504.89450549724165
2094,496.8024530169304
2095,539.7092094708503
2096,533.3980015656896
2097,530.4399342014602
2098,526.3394526198288
2099,517.98858522681
2100,508.4912000237728
2101,496.2464703386534
2102,475.94441749274216
2103,478.8957993370343
2104,442.255109791526
2105,457.6362390327426
2106,369.6015100641133
2107,329.1943881735766
2108,299.9877052087892
2109,302.50711547728264
2110,299.87432893543587
2111,334.62586842534955
2112,345.03741289909965
2113,814.9300687928993
2114,826.8470702911591
2115,821.9011393372008
2116,813.7923349370712
2117,802.2741953628282
2118,807.9737494299046
2119,808.7568667242996
2120,808.7568667242995
2121,815.1331439552507
2122,819.6238316721332
2123,819.0380252338788
2124,548.290073900103
2125,492.58715924665603
2126,456.1483580494288
2127,391.62135706028005
2128,335.26289697170546
2129,329.01014246139516
2130,328.8840311257278
2131,373.41410460966125
2132,406.55417252841113
2133,416.81001108753617
2134,417.51488387496096
2135,446.00760932532853
2136,607.8257393601655
2137,613.5239464543063
2138,618.3241762618937
2139,622.8878659091357
2140,641.0569673846286
2141,641.8853010133101
2142,647.3980172336246
2143,644.2402318502279
2144,638.9513780655708
2145,630.830872532096
2146,630.4195915116057
2147,479.4933795291163
2148,476.21417786284735
2149,470.68930404100996
2150,462.5543634991856
2151,305.0840136164388
2152,315.5708351685976
2153,439.4701396022842
2154,440.62671655546575
2155,449.1786585106309
2156,447.95003371055776
2157,449.3712520432263
2158,453.890848696484
2159,456.8735507457674
2160,458.9146410698104
2161,461.1618824637619
2162,472.9570269912346
2163,487.2299965894717
2164,388.94599296833
2165,391.06991079909807
2166,390.80991204792167
2167,390.5818006856338
2168,389.6233751669
2169,387.3000504719696
2170,415.4367775674816
2171,412.9844822930467
2172,406.11300323746286
2173,386.0630197236406
2174,343.28742059322036
2175,344.0948076991048
2176,340.69986668621374
2177,336.1663749257962
2178,338.1864125668457
2179,336.85224464370447
2180,336.0357298616042
2181,204.77227244653653
2182,207.2909850507037
2183,298.0490666223327
2184,314.49565207912707
2185,313.9520128335863
2186,312.22549077900305
2187,319.1575343029462
2188,324.3347222888796
2189,320.97701483854013
2190,322.3227189700508
2191,367.0457682428327
2192,384.3412839490758
2193,376.4113598605088
2194,416.06652135900634
2195,424.0597669789502
2196,430.7953225736399
2197,433.169416108684
2198,432.88695467186966
2199,432.2154577654196
2200,434.58461638334376
2201,435.52113329812636
2202,417.9557246161588
2203,391.480247056878
2204,390.9509451163562
2205,248.57349852041241
2206,248.44351978255352
2207,272.3691842632004
2208,274.28440799027936
2209,274.28440799027936
2210,304.23294791616496
2211,301.21262835341787
2212,298.4214371764182
2213,297.16614500649064
2214,298.87556689982534
2215,299.84629367060217
2216,363.4942461159617
2217,364.4634548198717
2218,362.179727808612
2219,361.70608225730837
2220,388.1983131247702
2221,386.849803413797
2222,387.99496021720194
2223,389.3695451881754
2224,390.01246362704353
2225,389.8472526142469
2226,389.1405534657502
2227,339.767149224653
2228,329.0270431584705
2229,329.8622446672844
2230,329.20623498045137
2231,188.62038532492141
2232,293.1617191758305
2233,303.2417714807285
2234,303.2417714807285
2235,303.59530327462534
2236,303.23130408845384
2237,302.3714027214845
2238,301.03905988907593
2239,302.74987050051044
2240,303.3565148781985
2241,304.61434002980525
2242,363.93609284115485
2243,338.7584336447289
2244,332.9012981864958
2245,333.7300648947373
2246,345.52809033526626
2247,345.82594610518214
2248,377.0821421798145
2249,374.52609395968483
2250,367.9098890709091
2251,400.36476722084024
2252,399.0015881272522
2253,382.03460429733565
2254,389.3649513699838
2255,386.23062740485847
2256,380.1793862254448
2257,595.3053548421587
2258,588.5451846805937
2259,594.1365953569083
2260,599.1794039401706
2261,598.6335795634674
2262,594.6790883748382
2263,593.7796003950057
2264,595.9053446460182
2265,595.4802650038738
2266,594.5618333301488
2267,596.7441748947617
2268,318.7127785872568
2269,323.75021441744946
2270,329.2291103342823
2271,329.003046711658
2272,332.72299846000294
2273,329.98526411528616
2274,327.80941481244184
2275,320.1355146161227
2276,319.60015925700094
2277,329.3206123734523
2278,321.51638265944075
2279,311.98015768824297
2280,297.9380439342028
2281,302.1954334435278
2282,294.32546660410907
2283,260.8291665922316
2284,260.83945122522016
2285,263.3685775508094
2286,268.1990880198909
2287,240.129264461952
2288,241.45344543434658
2289,208.774160985032
2290,203.2286466807351
2291,207.92713914711143
2292,326.99432369127896
2293,337.7976126905615
2294,338.5943720079665
2295,338.8087532076988
2296,338.1033509152713
2297,335.8248286197117
2298,335.8248286197117
2299,335.6389888787595
2300,368.1072177816768
2301,366.19600138113856
2302,361.1371040419235
2303,331.72989558036977
2304,328.2643582480018
2305,330.15086953865614
2306,333.14545226256
2307,334.55288045669704
2308,336.66499741035216
2309,337.44600862633035
2310,337.1318692976206
2311,240.63932936743512
2312,116.13125108221872
2313,73.64984075018191
2314,73.24892160622142
2315,73.8946105207986
2316,207.33012891815758
2317,207.0422521580064
2318,287.46540872097637
2319,287.74680592267464
2320,287.1052840021458
2321,287.66911600305895
2322,286.0314676318146
2323,284.40984161094667
2324,284.40984161094667
2325,284.587481849789
2326,283.68978226995984
2327,271.79158413963313
2328,271.7845177733749
2329,230.13770264393943
2330,228.78611977059518
2331,229.05261636794654
2332,228.7060300821456
2333,230.5528417990453
2334,319.3950923404477
2335,316.7937239217292
2336,313.54362086535303
2337,358.06930629284227
2338,355.868187937949
2339,358.17316891323287
2340,354.2320866049082
2341,357.44271978401747
2342,359.00356605783213
2343,358.7833205397216
2344,356.1019834815162
2345,332.7687933673558
2346,332.2060444765697
2347,333.4327314148923
2348,269.90849631305906
2349,267.94554400908606
2350,262.63224544713216
2351,267.93636350355075
2352,268.44143670239305
2353,293.20582645632254
2354,290.3237136398152
2355,288.85186404869324
2356,282.64571586325053
2357,290.27260980496516
2358,291.1827126225198
2359,299.02513034342184
2360,301.23520212469884
2361,352.75434589136086
2362,357.6120263823001
2363,359.38785999692374
2364,340.9144490324193
2365,339.96076702933465
2366,342.82337929883863
2367,342.9773045240586
2368,359.1716168797728
2369,363.2529355253418
2370,355.943724204887
2371,350.71753614538187
2372,308.59947742017584
2373,303.84740301669837
2374,296.8462427674112
2375,282.8837723799068
2376,272.0386705765707
2377,250.99013234783783
2378,267.7005481340991
2379,247.4422909738269
2380,241.0273508209316
2381,253.5853445657934
2382,326.0120306981994
2383,325.24161100001743
2384,349.42106862389426
2385,351.8100516627134
2386,359.0773859795871
2387,382.80746504540303
2388,380.9582242737675
2389,381.4842844403677
2390,388.61512161283537
2391,393.8988295367739
2392,392.8351408217991
2393,382.6651655131829
2394,394.56422806195013
2395,385.20656524332117
2396,392.3021451105613
2397,382.2510313231194
2398,373.53990597491713
2399,376.21384392957344
2400,404.4878028055574
2401,391.17369612383067
2402,363.0244364989041
2403,360.58692229234674
2404,361.5475880987117
2405,366.0940164684234
2406,363.46394442191763
2407,361.5583755597596
2408,385.76193563091886
2409,386.39222355015437
2410,390.12799649122695
2411,343.18150944182264
2412,341.19805947102486
2413,341.1741964345329
2414,339.1903603025532
2415,345.8979093788193
2416,332.6665143199918
2417,363.9038774637567
2418,368.0975440665414
2419,337.3007881639816
2420,332.19252696869233
2421,332.19252696869233
2422,326.7281643272528
2423,331.7659996457794
2424,334.53865210332333
2425,389.9513648425656
2426,385.5910521425805
2427,385.9630365015594
2428,353.7751710178166
2429,352.2168720210548
2430,393.51751283117545
2431,429.7808754322144
2432,420.50171870852637
2433,422.3910879484336
2434,415.82070730060053
2435,417.4880687177752
2436,398.2864506570503
2437,401.8666514695961
2438,399.619565968173
2439,399.2911086781893
2440,402.0110137080932
2441,378.6696145651872
2442,296.65563791016564
2443,287.2290932789224
2444,290.13465783760574
2445,290.94593661540335
2446,375.89067295527036
2447,384.29024305911406
2448,383.233584873048
2449,380.67491431361816
2450,375.73087090153473
2451,375.73087090153473
2452,374.3741839468556
2453,372.4069778231452
2454,374.71609406842146
2455,370.0118864438955
2456,366.35685138023536
2457,297.67268990811266
2458,261.4736614314354
2459,273.76201543338533
2460,268.03209142310527
2461,262.08413766894995
2462,262.43968698502533
2463,262.43968698502533
2464,265.58118066089014
2465,246.46420260702047
2466,241.0490187747211
2467,241.45596496827827
2468,240.9223755207424
2469,242.23392273728047
2470,223.24790877986268
2471,334.67699073343965
2472,334.1408856838738
2473,331.1007989527823
2474,333.4840789053938
2475,331.237036228514
2476,333.1021316342273
2477,333.2323490389508
2478,358.2251628013832
2479,356.6211901121434
2480,352.6122376164518
2481,351.7281466947545
2482,292.3754587715518
2483,293.8600515598762
2484,295.8464984468992
2485,295.4108833249763
2486,295.5582390325053
2487,295.05140810716995
2488,331.8159268773962
2489,301.86234312924444
2490,296.503393632679
2491,354.61929399297827
2492,384.8783031028086
2493,383.0563534480248
2494,445.76943032915426
2495,438.1751210523919
2496,433.9952946621138
2497,433.320281548186
2498,433.320281548186
2499,437.3232508270214
2500,443.4994967216721
2501,447.2706616972068
2502,467.3568616776194
2503,457.3934441423208
2504,454.61128655548674
2505,396.73472923893087
2506,400.8474919959497
2507,408.3593619173828
2508,408.10380474558457
2509,407.8814392356234
2510,407.4714713595505
2511,401.1314189264586
2512,401.1314189264586
2513,334.4335310177092
2514,350.8913273972165
2515,353.8021690895799
2516,333.2828976717072
2517,327.7400882707872
2518,305.56660181907716
2519,306.61016956424214
2520,306.9556691587537
2521,352.0188752474471
2522,352.0188752474471
2523,343.3577363103307
2524,344.78414229305395
2525,320.7508465726501
2526,321.3065749843216
2527,322.0048593296984
2528,337.22805937153487
2529,339.30736589222516
2530,337.4512582191462
2531,330.00085718846117
2532,269.76110654340005
2533,272.6520062646544
2534,266.98784918566673
2535,268.97543674975793
2536,308.5512688429286
2537,310.1447029619413
2538,310.96414719481567
2539,303.3646226750708
2540,306.18179026251187
2541,308.38028200547967
2542,364.17585506893005
2543,360.97839300889086
2544,359.32624045782995
2545,354.0508845231508
2546,352.53913186037784
2547,355.1376913284359
2548,354.9369219094173
2549,352.26178325967385
2550,347.77498475942343
2551,347.0314279751966
2552,339.89359667852614
2553,275.1752400835188
2554,263.2316361218792
2555,262.4166283390622
2556,222.70369651234927
2557,218.872394032028
2558,219.7265683056361
2559,222.40231841011158
2560,223.6016223394921
2561,247.8708836901454
2562,248.32963085471667
2563,250.87640240615383
2564,240.1326085541566
2565,241.68128411017312
2566,243.58761670500843
2567,245.23264598145
2568,223.20676839977713
2569,222.9842429490321
2570,222.9842429490321
2571,223.34816236448955
2572,62.16541261834728
2573,61.62003561980488
2574,56.973956490247666
2575,57.06960420771525
2576,123.85988571854924
2577,134.38617113461322
2578,133.31858219854732
2579,134.33590796685306
2580,135.07950978418734
2581,306.17172451361284
2582,309.3783655247057
2583,306.97527120820695
2584,367.49809973698126
2585,370.15448514616446
2586,368.98141430864473
2587,384.3329802875909
2588,380.2181744276731
2589,368.09405265075486
2590,371.2604090546598
2591,370.3098847734671
2592,358.89570776653017
2593,370.88444201599617
2594,367.66618294573715
2595,346.66240855332086
2596,343.59802820026283
2597,344.99795803508766
2598,310.1767974518612
2599,315.95320231082246
2600,317.9072457177658
2601,316.43912863739865
2602,316.8483805398518
2603,310.618174654368
2604,346.5533491175945
2605,342.1383123520248
2606,312.1458262269594
2607,384.0087907932824
2608,384.721603570996
2609,401.9593365506382
2610,402.64929855050383
2611,402.4238060134268
2612,401.06959358840254
2613,424.0410810111638
2614,423.31776747631136
2615,431.904846614684
2616,420.0582267720118
2617,420.0582267720118
2618,744.5423185183377
2619,862.1472270698545
2620,862.8005811005687
2621,862.0975624218195
2622,851.3911131642041
2623,848.414024402078
2624,856.4774200533877
2625,866.4410290212877
2626,868.2148911950258
2627,864.1347286442357
2628,866.1029261709969
2629,769.4431330697212
2630,357.81478600429404
2631,348.6160453988552
2632,336.6599175075488
2633,320.0219942986049
2634,412.1980560507333
2635,418.5750071660448
2636,414.46945750225024
2637,421.05617419069534
2638,420.90654582350777
2639,452.9933099527594
2640,446.1914717215398
2641,454.95912519577666
2642,463.2415842880391
2643,465.33798146678384
2644,465.3918646198581
2645,401.29846538723746
2646,402.8277811465312
2647,405.579899403895
2648,405.579899403895
2649,405.5163342113488
2650,334.43725788962263
2651,397.7243903741801
2652,397.9062525474653
2653,397.6259730041128
2654,395.56013287074586
2655,435.4218148713645
2656,451.020789115669
2657,452.4116777370745
2658,452.5361888723649
2659,452.4463985751531
2660,469.3215905396131
2661,490.2834036057846
2662,482.5491142865986
2663,482.332925715975
2664,481.394087227428
2665,488.0239928411264
2666,473.50078467625366
2667,466.47119023491126
2668,466.4128546008602
2669,464.4059203285981
2670,464.48113740418336
2671,429.7170193413497
2672,295.898875859169
2673,313.32859270162305
2674,318.96746800642387
2675,316.0563947788285
2676,328.8438110714642
2677,404.2478596145244
2678,396.9734876463645
2679,392.0343890703002
2680,395.0091288287283
2681,386.0461536182472
2682,386.0461536182472
2683,384.6414550516033
2684,389.31973885698784
2685,412.4553147632363
2686,409.8382154358352
2687,408.7060093988313
2688,347.17052042713823
2689,343.9473545087436
2690,348.19030822295974
2691,347.76101836630335
2692,353.2030220169874
2693,357.3438486419236
2694,362.9996298289061
2695,360.89962960810135
2696,320.1926571857121
2697,316.8372532369873
2698,299.5361757364032
2699,286.91088504223995
2700,285.6010865862602
2701,285.32596874206445
2702,285.18029518808413
2703,394.21453483379617
2704,392.80159340661737
2705,387.960989159645
2706,390.1496308906362
2707,380.07263610012046
2708,376.10295824163063
2709,380.24451943414846
2710,379.2535790045298
2711,377.8217852606894
2712,381.73238986802556
2713,381.30958161214966
2714,276.6922369158314
2715,277.6258595731863
2716,277.6235114511367
2717,365.1430046817832
2718,368.25177832406837
2719,405.9599722643953
2720,401.7415951624951
2721,394.02737362441565
2722,402.74501119767183
2723,392.95859409589104
2724,398.3373842086043
2725,401.15635013552435
2726,400.4561746224919
2727,403.4494596764943
2728,364.29386232687864
2729,364.1821630402218
2730,295.5115501314796
2731,267.7271200360228
2732,247.54922583615863
2733,244.7169630910281
2734,221.1945362330122
2735,472.00152998333533
2736,485.71915706805396
2737,482.61983451649974
2738,482.61983451649974
2739,478.67940385174484
2740,478.22067814048586
2741,483.7586911147582
2742,485.75911087857804
2743,483.2641947996846
2744,483.6028735810562
2745,483.6028735810562
2746,409.37605779478406
2747,424.4768108512564
2748,431.66458024688035
2749,432.9691293333786
2750,433.401765278293
2751,433.89822608027634
2752,433.89822608027634
2753,425.86852291718316
2754,428.23261778300565
2755,429.34501967215965
2756,433.64761136034286
2757,390.17797496830514
2758,289.34665671075385
2759,289.24936676827787
2760,289.601987641181
2761,291.46002550329774
2762,346.3485447037594
2763,349.1818988155214
2764,348.77437894889084
2765,359.88554454788397
2766,405.1631054879791
2767,954.7536583020227
2768,953.8227466660907
2769,954.3603671895712
2770,965.1115002998137
2771,960.2567711433901
2772,957.885184685557
2773,965.9599330254201
2774,971.4445259938474
2775,965.4552351492598
2776,969.375716099071
2777,978.2748417082038
2778,657.7122763363346
2779,660.4067693465176
2780,661.0306910863637
2781,542.3853260310325
2782,367.84297334040144
2783,374.9257811148205
2784,369.29381128849616
2785,360.1806369115841
2786,377.3120455803517
2787,379.0996755260545
2788,362.75625179744765
2789,361.6748342789493
2790,372.07991614583193
2791,378.66735556329695
2792,365.4853194964816
2793,344.7406208118544
2794,335.81909266062934
2795,334.4474699337416
2796,335.0700837813999
2797,301.59207596333295
2798,281.77940245958064
2799,276.7072463637822
2800,355.42381514129613
2801,373.544088029531
2802,368.6200809495472
2803,365.62029237358274
2804,365.7184595341398
2805,369.5336838031265
2806,375.0045350521617
2807,379.7936551322931
2808,408.4921063381395
2809,401.4742750148162
2810,392.9502159494664
2811,363.081686613762
2812,339.98477992173815
2813,341.720975549883
2814,366.9125175435889
2815,366.8651187010231
2816,379.168448113486
2817,369.15527498764817
2818,362.37866788593215
2819,323.43930784442443
2820,323.7457577330281
2821,322.68017298189943
2822,327.44715434687765
2823,331.5692069387096
2824,320.0971096877492
2825,300.5307015911433
2826,315.28151819827303
2827,278.5706563878835
2828,287.5620030380461
2829,292.95202295915345
2830,409.20578442646087
2831,415.11145133158266
2832,417.0675701805152
2833,419.3261457715364
2834,416.760587599671
2835,414.352913259733
2836,415.830096762961
2837,441.365248046769
2838,442.0422479765731
2839,439.7573916540229
2840,439.2040440156743
2841,377.64881184508346
2842,368.3790340107656
2843,396.9987891894884
2844,401.51626983894477
2845,401.8798879905957
2846,430.5163824358744
2847,422.0169865509826
2848,409.36090345966454
2849,411.0157249510546
2850,404.6396655848571
2851,396.6767637184392
2852,466.50692201442115
2853,466.0230613294502
2854,471.7596583567195
2855,476.0246868357243
2856,474.7919213179451
2857,461.38257825965394
2858,469.2007502661113
2859,471.27154629384484
2860,471.50612213274115
2861,474.9838356459675
2862,471.0077688724344
2863,348.94924491657883
2864,351.94547248095205
2865,352.12376555208414
2866,354.7811791947507
2867,356.7009217626607
2868,382.41178610522206
2869,378.56798298708435
2870,376.0405587076152
2871,376.7184616781348
2872,376.7184616781348
2873,376.528959040599
2874,316.54120997812237
2875,390.0404100809403
2876,399.18753463909553
2877,401.83886873745524
2878,401.890008037648
2879,393.36636428660563
2880,399.5026507694738
2881,446.21377632088206
2882,437.9253738180109
2883,432.30105235498087
2884,446.1010684974034
2885,427.99896875161346
2886,414.5162641624901
2887,414.85032943228373
2888,415.7194209927978
2889,417.6141798451642
