Timestamp,HRV
1560801477.8125,507.3632124083435
1560801478.421875,506.7871898099174
1560801479.484375,526.5642558393007
1560801480.375,532.145666910435
1560801481.453125,516.9292281360553
1560801481.921875,503.6657643393153
1560801483.0,495.7399014201654
1560801483.375,538.3518426186108
1560801484.734375,557.0754027662747
1560801486.015625,578.4362895729026
1560801486.265625,578.1661101348776
1560801487.09375,575.0622329813052
1560801487.328125,571.6146932157237
1560801487.984375,575.5055693600927
1560801488.296875,571.5733462146262
1560801488.90625,564.826289285131
1560801489.140625,578.8263577881661
1560801489.4375,587.0088354156579
1560801489.953125,588.4211754308717
1560801490.203125,526.6570783098897
1560801490.953125,519.316171087611
1560801491.21875,326.3100631100689
1560801491.953125,307.0561729456797
1560801492.28125,270.76716857233816
1560801492.96875,269.8142418084268
1560801493.25,269.45097173853924
1560801493.90625,266.70055963219744
1560801494.203125,269.51384771277174
1560801494.796875,258.26610248761216
1560801495.171875,246.08455286270333
1560801495.9375,241.6065098977428
1560801496.234375,255.1292883180766
1560801496.640625,263.20013451948654
1560801497.078125,264.42042753489125
1560801497.5625,271.3291477204092
1560801498.5,316.46033249174303
1560801498.84375,317.03119823533444
1560801499.453125,317.03119823533444
1560801500.4375,317.83038940164636
1560801501.140625,322.8127256732182
1560801501.703125,322.8127256732182
1560801502.484375,324.6877806070268
1560801503.09375,315.0127302403637
1560801503.359375,312.4572530570113
1560801504.015625,306.1843865107085
1560801504.421875,336.13989733843954
1560801505.4375,333.5850478147238
1560801506.0625,301.5090243272716
1560801506.921875,334.8008465048477
1560801507.1875,335.6848187338299
1560801507.75,342.7925565203198
1560801508.296875,344.7598892596453
1560801508.890625,342.2664079704868
1560801509.171875,338.53474976668343
1560801509.734375,345.6328961901864
1560801510.21875,349.83994519007484
1560801510.8125,349.02989655812416
1560801511.109375,308.39856693570215
1560801511.484375,306.6739992147465
1560801511.765625,309.4516261262212
1560801512.078125,265.9814239719771
1560801512.890625,266.24732629780715
1560801513.796875,279.04180438510065
1560801514.28125,278.8498759558876
1560801514.828125,277.57747263523146
1560801515.15625,277.1317285059886
1560801515.703125,275.98714687159804
1560801516.109375,275.0360318872444
1560801516.359375,300.1871595820898
1560801517.09375,308.47780556163036
1560801517.375,448.217233786398
1560801518.515625,448.217233786398
1560801519.6875,465.43405560365113
1560801520.1875,574.8372828834682
1560801521.734375,722.0892233686012
1560801521.96875,721.0454867742335
1560801522.375,720.2197292718988
1560801523.046875,719.9544962530705
1560801523.484375,720.5245546375003
1560801524.0,715.1580281671463
1560801524.953125,720.9266628638817
1560801525.71875,719.9113954278421
1560801525.96875,718.7437081733792
1560801526.296875,712.125686402896
1560801527.21875,715.1220381790141
1560801527.84375,675.771487883883
1560801528.859375,415.0319854788482
1560801529.09375,415.0319854788482
1560801529.5,418.79084520345884
1560801529.796875,453.6811372700572
1560801530.84375,445.6638495855827
1560801531.5,451.7955473728493
1560801531.96875,452.9293481548941
1560801532.578125,451.9221747924247
1560801532.8125,451.9221747924247
1560801533.125,508.0334921609134
1560801534.3125,543.7217518849975
1560801534.625,549.792783334802
1560801535.078125,537.1020028821772
1560801535.359375,534.1252987116252
1560801536.234375,526.6801087586783
1560801536.65625,518.4537922349605
1560801537.078125,517.9648694944615
1560801537.953125,513.3297760220265
1560801538.421875,507.1057602750465
1560801539.296875,505.9984953632518
1560801539.625,505.9984953632518
1560801539.875,456.6141542271276
1560801540.296875,341.46514966504355
1560801540.9375,336.3776630868412
1560801541.296875,330.5227548921584
1560801541.984375,306.7219315845851
1560801542.6875,305.8289143447616
1560801543.34375,304.69295090135347
1560801544.09375,294.1727334837197
1560801544.53125,294.1727334837197
1560801545.375,313.2353122907
1560801545.703125,346.4571108009523
1560801546.671875,341.5191559826727
1560801547.28125,338.38108386321585
1560801547.609375,336.5353726468432
1560801548.34375,342.76132096375176
1560801549.15625,348.17403836040114
1560801549.859375,346.5763326541152
1560801550.4375,343.8527644421681
1560801551.1875,343.125803420616
1560801552.0625,349.27961963745076
1560801552.953125,351.199051457506
1560801553.734375,337.92736676192845
1560801554.53125,227.7433816494403
1560801555.140625,215.37315154064143
1560801555.46875,215.37315154064143
1560801556.078125,172.65852280177032
1560801556.40625,172.65852280177032
1560801556.8125,174.7018746525735
1560801557.1875,174.95238802308037
1560801557.78125,231.45060743732293
1560801558.8125,229.7890908230531
1560801559.625,261.9947710075045
1560801559.96875,263.6077273916826
1560801560.328125,263.321006141973
1560801560.734375,266.69191866963854
1560801561.1875,266.56893396179106
1560801561.859375,269.569379485336
1560801562.53125,269.569379485336
1560801563.484375,323.09308848607924
1560801565.015625,664.1719016741631
1560801565.265625,663.4789374830136
1560801565.796875,666.2133426845918
1560801566.984375,663.9088147815637
1560801567.765625,665.800668058289
1560801568.828125,665.5178660473357
1560801569.796875,665.5178660473357
1560801570.71875,665.5917643664387
1560801571.640625,665.2405228694375
1560801571.890625,659.494073582302
1560801572.65625,657.2825009356121
1560801573.015625,660.1697726654784
1560801573.671875,384.3077089641432
1560801573.96875,383.7362170173671
1560801574.75,360.43135053030335
1560801575.0,368.5613822772913
1560801575.796875,372.58934650495
1560801576.03125,360.3722298529319
1560801576.796875,354.58906202941597
1560801577.75,331.2917829956369
1560801578.296875,320.4586837761936
1560801578.78125,369.12332282286553
1560801579.984375,374.1184544066906
1560801580.890625,382.9058351958977
1560801581.6875,381.36612424969
1560801582.0,393.7838698249417
1560801582.390625,399.7479975522409
1560801582.71875,399.51841645161056
1560801582.96875,390.84371034526384
1560801583.6875,382.27083376038917
1560801584.015625,384.8158979689807
1560801584.375,387.8761549938361
1560801584.671875,395.0801373239567
1560801585.515625,363.3504656372633
1560801585.734375,366.7657075144696
1560801586.421875,360.46383959285987
1560801587.453125,434.3093545011599
1560801587.6875,426.5467035017252
1560801588.34375,416.6806995931852
1560801588.578125,410.95751006755364
1560801589.421875,414.41428775101645
1560801590.609375,418.10339736630965
1560801591.5,402.8600984675963
1560801591.890625,399.89745516518576
1560801592.125,424.1949792318943
1560801593.09375,426.84489979279954
1560801593.796875,427.2361007788875
1560801594.0625,423.692845614432
1560801594.84375,371.1327344719559
1560801595.953125,438.3689038471975
1560801596.234375,450.34347252996804
1560801596.5625,448.35366426729286
1560801597.1875,449.2410107918399
1560801597.5,446.47490320028334
1560801598.21875,446.85674497687006
1560801599.3125,448.17134186672723
1560801600.3125,415.1275600374844
1560801601.734375,479.958261415162
1560801602.296875,483.8482116483721
1560801602.59375,484.95260657459727
1560801603.21875,485.3038026143373
1560801603.53125,434.56544050584137
1560801603.8125,433.8963081735033
1560801604.203125,435.6898562817872
1560801604.796875,435.6898562817872
1560801605.078125,436.01622040454873
1560801605.65625,442.36201879210336
1560801606.78125,437.67035207528886
1560801607.46875,440.3553310459078
1560801608.375,354.0230072664161
1560801608.609375,360.2063908443825
1560801609.359375,361.13274636414667
1560801609.65625,359.8110160910393
1560801610.34375,348.86324541735206
1560801610.6875,338.94680803512347
1560801611.34375,328.7802509127149
1560801611.59375,324.31271704190897
1560801612.296875,317.11508405721014
1560801612.5625,311.329413904382
1560801613.203125,315.0802925127295
1560801613.515625,308.8469342116808
1560801614.125,238.16765002852196
1560801614.484375,238.580807939996
1560801614.953125,228.2152598020108
1560801615.78125,279.9617351486424
1560801616.03125,280.4449296852616
1560801616.609375,279.2862410010495
1560801616.84375,282.26592105166736
1560801617.34375,281.5240063456256
1560801617.625,276.69492222688905
1560801618.1875,275.820125442458
1560801618.453125,277.3141970668623
1560801618.96875,277.99572840342614
1560801619.21875,276.64303507448034
1560801619.796875,275.29946383839587
1560801620.234375,280.3827790469304
1560801620.53125,313.62954893528695
1560801621.46875,351.78753294907517
1560801621.796875,357.32069311374414
1560801622.21875,360.7966957721833
1560801623.109375,361.2673401791135
1560801624.203125,431.0906305236386
1560801624.515625,436.0660238115686
1560801624.75,434.9266645833956
1560801625.28125,434.5365824370828
1560801625.53125,434.5365824370828
1560801626.109375,435.1265424145923
1560801626.796875,432.82059678520807
1560801627.25,419.38405250710196
1560801627.84375,401.2071484004412
1560801628.0625,400.48306101554834
1560801628.421875,398.50182736683786
1560801628.953125,398.50182736683786
1560801629.6875,201.79765252930937
1560801630.140625,195.38781753333697
1560801630.390625,197.1234758031836
1560801630.953125,196.8065199195747
1560801631.71875,195.058323703849
1560801632.546875,196.84961989353317
1560801633.3125,224.92448255538
1560801633.671875,226.6026550003011
1560801634.125,226.6026550003011
1560801634.953125,225.3927605752277
1560801636.078125,439.10689982278
1560801636.34375,437.49366674829696
1560801636.9375,439.67397411711954
1560801637.390625,440.61846462846046
1560801637.703125,443.744066991786
1560801638.03125,445.43772352408206
1560801638.390625,445.5222889389102
1560801638.703125,442.7428211275415
1560801639.375,443.3418929367154
1560801639.84375,441.06929036440494
1560801640.59375,440.88406307386435
1560801641.015625,443.4709355585212
1560801641.390625,218.5586261283472
1560801642.078125,227.48515264073365
1560801642.390625,226.9664740654213
1560801642.859375,224.69196554865283
1560801643.5625,239.48847529028546
1560801643.84375,234.34786051277004
1560801644.296875,228.0610317050792
1560801644.5625,223.07874466149715
1560801645.0625,221.32436936549348
1560801645.296875,229.04558857150792
1560801645.90625,234.78066976474446
1560801646.59375,230.5792083916809
1560801647.4375,235.73265995282642
1560801648.21875,449.8483512751316
1560801649.875,660.0912879495896
1560801650.296875,661.7629829629035
1560801650.71875,664.4378555086995
1560801651.3125,665.2391003568131
1560801651.859375,665.0805790857852
1560801652.609375,666.5705136638221
1560801653.359375,666.570513663822
1560801653.84375,669.0994171529633
1560801654.234375,669.2438429123121
1560801654.65625,669.7266463192826
1560801655.0,669.8086452217817
1560801655.3125,645.7524106725119
1560801655.78125,149.84055351964545
1560801656.03125,156.54287668556694
1560801656.53125,159.2308819128007
1560801657.03125,159.488494439865
1560801657.5,210.15379844525603
1560801658.359375,210.11959532796573
1560801659.203125,213.75703520038368
1560801659.75,212.86225662715856
1560801660.15625,212.9668200682631
1560801660.578125,223.6477075656279
1560801661.34375,222.88640913052623
1560801662.1875,225.46467193814289
1560801663.0625,227.08244301085065
1560801663.84375,273.7878646533209
1560801664.140625,271.1323664016993
1560801664.71875,268.77830866318374
1560801665.453125,293.58550109873187
1560801665.6875,297.1749443627696
1560801666.34375,299.2686573394341
1560801667.171875,334.1247632449335
1560801667.421875,333.7008839197612
1560801667.734375,336.857424384453
1560801668.203125,335.5763682980348
1560801668.53125,332.2331612032363
1560801669.28125,332.8261845856565
1560801670.09375,412.0226092755662
1560801671.671875,474.08008269412653
1560801672.421875,468.05854420791457
1560801672.75,474.7884509391716
1560801673.140625,474.8560257954327
1560801673.9375,473.80903798606795
1560801674.515625,473.2919413647242
1560801674.953125,468.1843661481243
1560801675.84375,466.4638791204218
1560801676.5,464.38405051712135
1560801676.921875,467.09478008775324
1560801677.59375,462.2094143537023
1560801677.953125,423.0639159520395
1560801678.40625,259.432331533476
1560801678.75,356.6366604789737
1560801679.78125,351.8737267574511
1560801680.484375,352.63699634930396
1560801680.765625,356.3116351035617
1560801681.078125,357.674271709358
1560801681.328125,366.8158157935688
1560801682.109375,375.65541235922063
1560801682.359375,379.89954445045646
1560801682.625,383.84896800553076
1560801682.953125,383.92922029332647
1560801683.671875,379.42169454799523
1560801683.953125,378.24823814155855
1560801684.390625,326.78819635924464
1560801685.296875,328.10709565035216
1560801686.46875,332.33832830893965
1560801687.671875,326.67465187332346
1560801688.609375,321.3723129389743
1560801689.125,306.0717862904273
1560801689.453125,279.27773306083975
1560801689.953125,275.4010781646974
1560801690.625,275.87496718187543
1560801691.328125,277.7019495667838
1560801691.625,268.7200131604459
1560801692.03125,271.09652066364237
1560801692.375,243.6570507975396
1560801692.6875,259.4897207797514
1560801693.40625,258.49511973691244
1560801694.21875,296.97522600779445
1560801694.515625,355.15856788504595
1560801695.453125,378.3721834510893
1560801695.796875,377.83382482491317
1560801696.609375,379.94220636014177
1560801697.34375,613.0227580024854
1560801699.265625,783.9670797731071
1560801699.765625,783.8426591604933
1560801700.140625,783.9023294590593
1560801700.5625,776.6807761914697
1560801701.546875,777.5865564110844
1560801702.171875,776.6290319264107
1560801702.609375,782.8078625148352
1560801702.921875,789.2642097656064
1560801703.15625,792.7249476435271
1560801703.671875,795.4344222017827
1560801703.9375,794.5030417221058
1560801704.40625,738.8924430604621
1560801704.640625,287.4771323659523
1560801705.1875,285.13629214625456
1560801705.515625,282.64342822557654
1560801706.0,186.51844111832767
1560801706.78125,169.54474435960682
1560801707.6875,289.7698037234843
1560801708.015625,287.46072342649614
1560801708.671875,287.977627806441
1560801709.28125,290.3891359274725
1560801710.046875,298.01300302126543
1560801710.390625,298.90938785482183
1560801710.90625,298.609969685569
1560801711.671875,303.30475525246175
1560801712.4375,305.35945866003937
1560801713.078125,307.10050030269065
1560801713.78125,310.0215709845298
1560801714.515625,309.14986730003136
1560801714.921875,235.3043455965912
1560801715.296875,258.76475464952944
1560801716.109375,258.9998862712006
1560801716.9375,297.872245193636
1560801717.25,287.91659646264605
1560801717.765625,287.20868263745444
1560801718.5,289.8391414657005
1560801719.296875,302.1908009357148
1560801719.640625,300.37954715504236
1560801720.1875,296.0410043720007
1560801720.46875,295.8842342858117
1560801720.703125,295.5368887851122
1560801721.25,293.3548356681284
1560801721.65625,283.9268923720706
1560801721.90625,282.57880542397703
1560801722.265625,232.51997653877785
1560801722.90625,236.54969528258584
1560801723.578125,239.02723958911255
1560801724.15625,237.8234994145976
1560801724.4375,187.51914904435446
1560801725.0,190.99466499788846
1560801725.84375,245.301633602466
1560801726.21875,241.79099839687183
1560801726.765625,240.7984225280443
1560801727.484375,240.32713960433884
1560801728.046875,241.26738180461328
1560801728.484375,295.27753013966645
1560801729.46875,355.479465708516
1560801729.8125,354.1218691859204
1560801730.28125,365.5425426325521
1560801731.3125,370.83982934169165
1560801731.828125,369.51396767154336
1560801732.671875,373.006682000531
1560801732.984375,381.11836276141923
1560801733.34375,382.43877640358653
1560801733.578125,377.14342454751664
1560801734.15625,370.94377379207185
1560801734.40625,360.95424394112035
1560801735.09375,365.04336783161904
1560801735.78125,335.7750291336253
1560801736.59375,336.2011697091832
1560801737.296875,311.12210862078086
1560801737.625,289.63984586041784
1560801738.28125,289.4058419342203
1560801738.640625,251.45258496711085
1560801739.078125,269.2999605511161
1560801739.984375,316.403657558683
1560801740.296875,316.8505338027844
1560801740.984375,319.10303327454926
1560801741.25,322.0879344500443
1560801741.984375,319.2308052033183
1560801742.578125,321.3876040929337
1560801743.140625,320.320544712034
1560801743.5625,329.14051764865417
1560801744.484375,342.17057645466383
1560801744.859375,351.1427435343405
1560801745.234375,350.79368996168887
1560801745.515625,351.99694115358164
1560801746.28125,333.39916826682474
1560801746.9375,336.9879678443622
1560801747.75,334.0201143582271
1560801748.90625,334.0201143582271
1560801749.59375,335.99021868586084
1560801750.28125,335.45031286156404
1560801750.890625,334.2115384739368
1560801751.6875,321.2837995927337
1560801752.296875,284.42959704620625
1560801752.765625,282.6064781756437
1560801753.375,286.13930002439383
1560801754.375,281.95148951110247
1560801754.90625,278.4333780047703
1560801755.6875,291.7187164914379
1560801756.0,394.5547989202381
1560801757.0625,394.5547989202381
1560801757.65625,389.82498140359024
1560801758.515625,383.78392261524283
1560801759.046875,386.3681208319425
1560801759.5,386.808448855316
1560801759.78125,385.53958590478055
1560801760.25,387.0266301824452
1560801760.65625,393.2313453905989
1560801761.046875,393.9615537752532
1560801761.34375,396.7707476325496
1560801761.71875,439.0285509025121
1560801762.8125,439.0285509025121
1560801763.15625,439.0637652434141
1560801763.65625,440.530372494424
1560801764.3125,440.88796443014564
1560801764.703125,438.14398346490793
1560801765.4375,439.1343921404568
1560801766.078125,440.5747440118725
1560801766.78125,438.9818543797496
1560801767.03125,434.88201105133584
1560801767.59375,435.4037501702558
1560801768.1875,435.54955450184957
1560801768.84375,394.3934271911775
1560801769.984375,276.2627123043556
1560801771.40625,596.8086758443102
1560801771.671875,595.7595965938859
1560801772.1875,597.7841575164548
1560801772.6875,598.2226300536794
1560801772.890625,595.846667220513
1560801773.421875,595.9873868887032
1560801773.953125,598.6581510641864
1560801774.578125,600.8063032878663
1560801775.171875,600.6516028394619
1560801775.84375,599.4932166250012
1560801776.296875,599.0079175872868
1560801777.171875,600.3530653308059
1560801777.921875,231.3050731345946
1560801778.390625,231.8846747269212
1560801779.015625,231.58865327168044
1560801779.59375,231.58865327168044
1560801779.875,227.09428372175248
1560801780.125,322.8260599011146
1560801780.984375,358.1823285519584
1560801781.25,354.02205573074446
1560801781.890625,354.62577509478683
1560801782.53125,357.69366240225264
1560801783.25,359.0654263266302
1560801783.96875,360.1309383277852
1560801784.65625,360.38798273646034
1560801785.09375,359.29124727834284
1560801785.75,359.1584392335014
1560801786.34375,362.412309069872
1560801786.953125,362.2071404755262
1560801787.625,322.06912812007545
1560801787.875,240.3128470443618
1560801788.28125,222.25100050087383
1560801788.765625,222.1494319600733
1560801789.21875,221.93908926456538
1560801789.765625,232.83017512984088
1560801790.65625,269.11151955975663
1560801791.078125,269.28324238806334
1560801791.765625,271.21381935160406
1560801792.34375,269.14290965608114
1560801792.75,265.61839061366305
1560801793.375,266.08752354981914
1560801793.984375,249.59830423014992
1560801794.671875,251.2498957266664
1560801795.296875,251.8670696839917
1560801795.90625,251.9755982398103
1560801796.515625,250.37982837153353
1560801796.890625,272.88256036393136
1560801797.71875,235.88150306293065
1560801798.296875,236.496734640231
1560801798.890625,237.54715637752747
1560801799.5,239.20640071585086
1560801800.109375,240.03795946659542
1560801800.703125,238.9444826325721
1560801801.09375,238.74807995254682
1560801801.578125,249.4481170865076
1560801802.421875,270.2716800723606
1560801802.828125,266.40252903048884
1560801803.46875,268.9399461456859
1560801804.0,240.8834596490728
1560801804.8125,265.12526679661744
1560801806.0625,264.87196740392267
1560801807.265625,476.864346580409
1560801807.546875,476.75538173110476
1560801807.78125,476.67705352672937
1560801808.546875,476.94741636606926
1560801809.125,476.5760940385234
1560801809.828125,480.57213731449684
1560801810.484375,482.3378272319618
1560801810.984375,483.14637301679323
1560801811.3125,483.6675097998069
1560801811.65625,486.0663218570514
1560801811.984375,487.0875772537241
1560801812.359375,486.9468820909858
1560801812.8125,275.662260603466
1560801813.25,288.775889705422
1560801814.09375,241.60967951575168
1560801814.53125,245.021852286711
1560801815.265625,277.18828818723216
1560801815.53125,277.18828818723216
1560801815.84375,344.35772917403733
1560801816.78125,342.47863351191864
1560801817.4375,342.47863351191864
1560801818.109375,338.75658807194964
1560801818.390625,333.55846162780625
1560801819.078125,334.0625158773287
1560801819.71875,333.5815436863116
1560801820.421875,338.9938269128685
1560801821.109375,341.6363725152853
1560801821.75,345.5747481466346
1560801822.421875,337.47424865280533
1560801823.15625,337.3556974252929
1560801823.953125,311.13351582453134
1560801824.1875,311.8169471172156
1560801824.734375,308.98807174471716
1560801825.515625,305.55730780458686
1560801826.296875,296.7008108852038
1560801827.09375,296.7008108852038
1560801827.84375,296.5758257118193
1560801828.671875,296.34855921900817
1560801829.4375,296.24438412146566
1560801830.265625,296.30798349829445
1560801831.09375,295.3332721369812
1560801831.671875,294.40339741100496
1560801831.96875,294.40339741100496
1560801832.828125,302.46110597031435
1560801833.28125,304.30510127819383
1560801833.65625,324.64529095458306
1560801834.53125,321.8327554339295
1560801835.203125,322.04362652935305
1560801835.875,322.2592232588308
1560801836.140625,319.8237380227114
1560801836.578125,314.2367164325494
1560801837.3125,316.5035506243841
1560801837.5625,317.72895235896823
1560801838.03125,318.73984506622327
1560801838.75,293.8976252834778
1560801839.453125,294.26289632449544
1560801840.171875,294.52136983405893
1560801840.953125,267.0472666085758
1560801841.75,269.9380016937653
1560801842.578125,297.98794992146395
1560801842.90625,292.1330137824312
1560801843.375,291.4090485025144
1560801844.0625,293.3048930027314
1560801844.8125,260.54952524646325
1560801845.609375,315.42568419953244
1560801845.859375,317.6513958754462
1560801846.453125,315.14389686709563
1560801846.75,311.70993681176253
1560801847.296875,308.9128971214327
1560801848.046875,324.3001236211377
1560801848.28125,317.8208969997818
1560801848.8125,307.02385519560727
1560801849.765625,302.67843853585737
1560801850.453125,304.4784696240147
1560801851.3125,318.7942101970923
1560801851.625,310.09150721199364
1560801852.203125,291.7058604336192
1560801852.984375,315.4653736334703
1560801853.21875,314.3217726536331
1560801853.8125,310.8487199139448
1560801854.046875,303.95939272046394
1560801854.6875,292.04391676815845
1560801854.9375,292.85171049064974
1560801855.46875,292.8699034320562
1560801855.703125,289.7067405057178
1560801856.296875,279.4292442014071
1560801856.546875,249.02175720284447
1560801857.15625,251.68323901486175
1560801858.0,258.9016924798154
1560801858.953125,224.1823613789905
1560801859.84375,323.6715428132534
1560801860.078125,330.35153922336417
1560801860.796875,334.97985593928337
1560801861.6875,355.89463875197237
1560801862.0,357.9616138268164
1560801862.53125,358.82523881930405
1560801862.796875,362.2652368883848
1560801863.265625,362.2652368883848
1560801864.078125,368.3789861096472
1560801864.90625,372.1920530104232
1560801865.71875,375.84500704624463
1560801866.015625,370.6664408430825
1560801866.578125,324.123424445102
1560801866.8125,314.3167075502863
1560801867.421875,312.2156324560774
1560801868.265625,324.0667844785222
1560801868.5,321.6850711944392
1560801869.078125,320.65149260187616
1560801869.96875,362.84046064745866
1560801870.203125,363.15740431818494
1560801870.765625,357.86265639490233
1560801871.546875,354.02619765356064
1560801871.78125,350.48108881448275
1560801872.375,348.3201097937497
1560801872.65625,347.2698659661331
1560801873.296875,346.8635070100017
1560801873.515625,339.18655200073937
1560801874.15625,323.11658477707766
1560801875.03125,335.69557757721594
1560801875.921875,344.96958548857947
1560801876.765625,308.5477925492753
1560801877.0625,313.12481900772605
1560801877.5625,309.0443772850046
1560801878.421875,322.8424001514766
1560801878.6875,323.1957975134233
1560801879.28125,322.4791494710302
1560801879.5,322.4791494710302
1560801880.078125,321.24411186061354
1560801880.28125,319.7415645919598
1560801880.84375,317.29845561067464
1560801881.109375,304.5791785891958
1560801881.75,296.26273521760083
1560801882.609375,315.85236334178103
1560801882.859375,307.38655446249214
1560801883.46875,312.03276324092883
1560801884.34375,328.5396353072336
1560801884.578125,327.96709638313115
1560801885.15625,329.28769508120945
1560801885.40625,331.49348963915116
1560801885.953125,334.34571118222334
1560801886.21875,336.6727719802542
1560801886.765625,336.6727719802542
1560801887.609375,346.6299233637387
1560801888.4375,344.64986371820123
1560801888.8125,320.1894742305281
1560801889.28125,323.63252262466096
1560801889.5625,322.7163594514849
1560801890.171875,232.6296818403586
1560801890.40625,243.2449285235493
1560801891.0625,243.829925034156
1560801891.375,253.95591451846627
1560801891.75,262.41235012180493
1560801892.125,263.18415670973513
1560801892.828125,266.64129434174146
1560801893.15625,265.95241066558236
1560801893.421875,332.6394678479038
1560801894.328125,328.6703185278226
1560801895.0,326.27465447616316
1560801895.40625,332.4759069991136
1560801895.75,336.04072282463403
1560801896.015625,333.5895971627574
1560801896.421875,332.6911084852838
1560801897.078125,332.986836593092
1560801897.71875,332.9064260702844
1560801898.390625,334.5779787241777
1560801899.015625,332.3244488233678
1560801899.3125,331.40633239125526
1560801899.75,194.78199526610769
1560801900.5,197.00210155565327
1560801901.234375,241.21875905009617
1560801901.53125,239.71973115596282
1560801901.96875,239.092771577755
1560801902.296875,240.3747183599892
1560801902.703125,240.98467562349984
1560801903.0,238.56626778024685
1560801903.484375,236.0726046594954
1560801903.796875,236.0726046594954
1560801904.15625,231.08035574283176
1560801904.484375,231.84901270685256
1560801904.90625,224.27733254906707
1560801905.171875,224.33111161881385
1560801905.6875,138.58827423668458
1560801906.4375,139.88039636494773
1560801907.28125,305.45323549357914
1560801907.53125,304.7161267698644
1560801908.078125,303.2120104282651
1560801908.40625,308.23352470672063
1560801909.125,310.10021077850575
1560801909.78125,309.77899494048836
1560801910.0625,305.68032844358027
1560801910.578125,301.19928997090415
1560801911.40625,302.93509550344993
1560801912.140625,315.52950968008963
1560801912.390625,314.3116055440427
1560801912.921875,307.64634476688286
1560801913.15625,246.9024043235131
1560801913.6875,247.8890727871405
1560801913.96875,246.00585441979595
1560801914.515625,241.01862986249557
1560801915.296875,240.51302364811093
1560801916.15625,306.638441641637
1560801916.421875,305.9394122867588
1560801917.0625,308.78523460555715
1560801917.90625,327.6635290144718
1560801918.1875,320.291221884921
1560801918.78125,320.7379210164399
1560801919.109375,324.69694338872034
1560801919.609375,325.768578029254
1560801919.859375,324.99237552683917
1560801920.390625,330.5241276259885
1560801920.859375,331.4029662407318
1560801921.125,326.21609934323084
1560801921.78125,285.5209002920284
1560801922.296875,286.54423609808606
1560801922.9375,290.01168511991136
1560801923.515625,208.0805185755664
1560801924.203125,205.5836593366544
1560801924.953125,204.4788172994797
1560801925.578125,205.7528029114287
1560801926.453125,206.4870808309701
1560801927.25,202.00898634845115
1560801928.15625,202.4007024087853
1560801929.03125,203.0517169289193
1560801929.984375,357.2158262039537
1560801930.25,358.3150188619058
1560801930.859375,357.30534088415175
1560801931.71875,401.11704955169563
1560801931.921875,398.4742831045532
1560801932.484375,394.67533643841523
1560801932.75,392.7690111034925
1560801933.234375,392.4720593896759
1560801933.984375,392.26260898181266
1560801934.828125,392.26260898181266
1560801935.5625,387.9363457578794
1560801935.859375,382.78459018180405
1560801936.4375,329.28050726415415
1560801937.265625,334.5905547473368
1560801938.171875,337.2273993844547
1560801938.9375,282.0000126621089
1560801939.171875,286.0762710321174
1560801939.8125,289.62911320026524
1560801940.0625,287.9501704544034
1560801940.640625,287.62149004240774
1560801941.5,322.4119560239933
1560801941.765625,313.73858516507636
1560801942.359375,312.2985384487073
1560801943.25,320.5259281853493
1560801944.09375,335.1063328358722
1560801944.390625,332.5632700159095
1560801944.84375,328.3355866584312
1560801945.0625,318.4848297596269
1560801945.734375,322.9020657403214
1560801946.609375,361.515598928132
1560801946.84375,360.9418132529306
1560801947.4375,358.8177218241185
1560801947.671875,337.5676003561659
1560801948.265625,337.91394743608424
1560801948.546875,338.4029795273605
1560801949.109375,331.4727616024083
1560801949.921875,331.4727616024083
1560801950.1875,327.9209506067688
1560801950.6875,333.1662884144128
1560801951.078125,335.81736512679464
1560801951.953125,331.20581355601604
1560801952.515625,281.9091537996668
1560801953.234375,290.15029930829326
1560801954.046875,292.7365045907128
1560801954.671875,295.04670407538345
1560801955.453125,299.6768622334688
1560801956.171875,299.67686223346874
1560801956.609375,301.6040161926242
1560801957.203125,250.4064584035012
1560801957.796875,250.85352194235318
1560801958.5625,251.1656103932949
1560801959.421875,329.72693887562644
1560801959.640625,334.8030965112779
1560801960.265625,333.65645278259
1560801961.15625,361.4746906854583
1560801961.46875,360.23553634587904
1560801962.03125,357.5095554708792
1560801962.296875,352.19592881384295
1560801962.890625,351.921731259818
1560801963.1875,354.0590410328331
1560801963.53125,352.0959259715409
1560801964.015625,353.6429584098334
1560801964.984375,345.6845996295867
1560801965.546875,302.065586886719
1560801965.890625,304.602713629708
1560801966.40625,307.1720325543085
1560801966.734375,256.9013033108894
1560801967.15625,259.03894917187336
1560801967.40625,265.9146433938876
1560801968.046875,269.0138974791638
1560801968.78125,269.91509779177744
1560801969.6875,269.095679662785
1560801970.5,271.2016600399458
1560801971.34375,322.05098766873067
1560801971.578125,322.05098766873067
1560801972.21875,326.00738206231466
1560801972.453125,329.8266909091075
1560801973.125,329.43936416427573
1560801973.390625,322.9870506030793
1560801974.0,318.4891860956014
1560801974.3125,318.78861107803397
1560801974.90625,313.5570701342565
1560801975.265625,315.86701231679365
1560801975.734375,311.02424717819883
1560801975.984375,299.5483869142478
1560801976.578125,230.4646537838896
1560801976.828125,224.95625880065919
1560801977.421875,227.86291853131803
1560801977.859375,211.36985488624032
1560801978.09375,284.1709801571584
1560801978.90625,284.70781136569144
1560801979.359375,289.5592067268288
1560801979.671875,314.3477108088673
1560801980.515625,319.19934830549215
1560801981.28125,320.6561253081825
1560801982.0625,335.0486039738978
1560801982.3125,335.05293714976256
1560801982.921875,335.4405667461763
1560801983.140625,335.8442407601612
1560801983.671875,335.28933143964747
1560801984.03125,338.7866025110958
1560801984.484375,308.91134904872825
1560801985.25,314.6418467328171
1560801986.046875,316.51840960199814
1560801986.796875,294.68108421854765
1560801987.125,294.35363366646436
1560801987.546875,292.450071478354
1560801987.84375,251.0807105788249
1560801988.234375,246.4872825243995
1560801988.9375,235.2305391455357
1560801989.609375,232.87008386287258
1560801990.296875,234.9316796354512
1560801990.984375,267.7455802110712
1560801991.21875,265.1702821806207
1560801991.671875,262.5397566631784
1560801991.890625,259.45032197895705
1560801992.359375,237.74739492942558
1560801992.609375,235.4794373610362
1560801993.0625,233.96872363977084
1560801993.328125,232.2073826814953
1560801993.75,229.08020860113388
1560801994.015625,226.7099386295281
1560801994.421875,222.7720432268942
1560801994.640625,218.5921303145139
1560801995.140625,132.70383768732478
1560801995.78125,173.57153928818298
1560801996.0625,174.47413151118144
1560801996.515625,175.7567523762877
1560801997.234375,246.05882161233814
1560801997.46875,246.1681081221532
1560801998.0,245.21881028884042
1560801998.828125,317.48976515786495
1560801999.046875,314.7886058867005
1560801999.65625,308.70675662786067
1560801999.921875,303.4785283528413
1560802000.515625,305.4778940994702
1560802001.34375,327.43286078435716
1560802001.578125,327.2546210109644
1560802002.21875,319.53475276773185
1560802003.171875,371.7031768680504
1560802003.40625,373.66373312653
1560802003.96875,382.6856953935235
1560802004.578125,382.6856953935235
1560802004.890625,368.63557133291687
1560802005.6875,375.62814915554605
1560802006.3125,382.3051344781768
1560802006.8125,384.33396133206116
1560802007.5625,388.01079596236787
1560802008.40625,374.1915522677549
1560802009.1875,376.14151754871256
1560802009.859375,378.3360508117369
1560802010.390625,329.69329846653784
1560802011.53125,397.808620671882
1560802011.96875,393.96359814596036
1560802012.6875,397.05978079178635
1560802013.28125,394.1955425797844
1560802013.78125,395.38025811160753
1560802014.359375,396.237202121656
1560802014.921875,398.56185776299407
1560802015.5,398.81378104479376
1560802016.140625,396.4635938553605
1560802017.078125,396.06552941489264
1560802017.59375,395.80530641201034
1560802017.953125,366.98778291422923
1560802018.609375,230.93816123340468
1560802019.296875,230.04278367120602
1560802020.046875,229.5836212286744
1560802020.640625,230.48250583375727
1560802021.25,230.88792749841443
1560802021.90625,255.15076479867943
1560802022.140625,253.158978600228
1560802022.515625,253.28086785477
1560802023.21875,253.39880374753758
1560802023.765625,229.20835805926868
1560802024.46875,262.4383225992553
1560802024.71875,263.8042843294212
1560802025.03125,262.85275197517115
1560802025.65625,263.3491187269855
1560802026.28125,265.7721670480541
1560802026.90625,265.3372588319532
1560802027.46875,265.3372588319532
1560802028.078125,251.64426600410115
1560802028.34375,253.2111591878472
1560802028.671875,249.82447160575825
1560802029.28125,251.7427250981476
1560802029.9375,252.59546852279087
1560802030.703125,205.13242729351063
1560802031.484375,278.4003274055178
1560802031.75,275.9243923617292
1560802032.203125,274.77125718387873
1560802032.9375,294.7880115311283
1560802033.203125,292.20092787115084
1560802033.65625,288.47471254283045
1560802034.328125,290.0310624393713
1560802035.078125,290.21304423982036
1560802035.78125,294.51203706964606
1560802036.109375,294.08723566027237
1560802036.515625,294.1065304246617
1560802037.296875,318.2118018803081
1560802037.53125,303.69648953598283
1560802037.84375,306.82332864745086
1560802038.109375,307.5999384089796
1560802038.59375,291.20691437936597
1560802039.296875,293.8789987586828
1560802040.015625,310.57111906943385
1560802040.265625,307.2532154554798
1560802040.75,304.2102399414961
1560802041.421875,305.67277443794393
1560802042.109375,304.13375723381137
1560802042.953125,303.31495733049616
1560802043.75,241.97621954526718
1560802044.625,329.0434717752492
1560802044.890625,326.84749373392134
1560802045.359375,391.79244171506224
1560802046.515625,486.28771039800057
1560802046.796875,486.30239644214976
1560802047.078125,488.36262915321487
1560802047.546875,488.36262915321487
1560802047.78125,488.36262915321487
1560802048.203125,484.85932547701174
1560802048.921875,486.1469543819657
1560802049.640625,481.81788703634425
1560802049.890625,479.81538842747136
1560802050.34375,475.1376305537708
1560802050.640625,475.39757685355295
1560802051.125,453.7496153880461
1560802051.515625,241.1484594732356
1560802051.890625,239.3605196986248
1560802052.140625,239.22043140468483
1560802052.625,245.81632941030847
1560802053.453125,300.61354796881943
1560802053.734375,300.49522962920065
1560802054.296875,296.53987913552004
1560802055.078125,316.848061435622
1560802055.3125,315.95791451425487
1560802055.890625,318.0156062219082
1560802056.53125,317.1222875826776
1560802056.796875,316.3435461795433
1560802057.1875,309.59411469283737
1560802057.859375,311.3971157655601
1560802058.484375,316.9052656461191
1560802059.125,322.37081175342547
1560802059.765625,291.5098201775787
1560802060.4375,297.17783055866437
1560802060.71875,298.1105431553252
1560802061.171875,239.90916540470184
1560802061.9375,235.51087741909734
1560802062.765625,235.51087741909734
1560802063.53125,219.4184059045438
1560802064.28125,220.4242720071113
1560802065.09375,546.9065332500327
1560802066.953125,698.06720731115
1560802067.578125,697.507869567472
1560802068.34375,694.9156601223808
1560802068.78125,692.2048877482916
1560802069.546875,695.3542392363588
1560802070.21875,696.0914729410488
1560802070.828125,698.3205862139673
1560802071.375,698.4057816637495
1560802071.953125,698.4908584954643
1560802072.5,698.0532302067401
1560802073.171875,694.8072219471593
1560802074.25,660.6212709355552
1560802074.484375,443.081364708303
1560802075.234375,442.1724069257958
1560802076.1875,442.57269784695643
1560802076.734375,442.57269784695643
1560802077.609375,442.8652864504325
1560802079.0,567.5579654612602
1560802079.34375,563.9076620589781
1560802080.34375,562.1862568189006
1560802081.171875,561.0142673560051
1560802081.859375,561.6085615609338
1560802082.46875,563.4437017072571
1560802082.75,541.7946451715492
1560802083.203125,542.8918940096427
1560802083.96875,544.7753917258972
1560802084.71875,544.943254749023
1560802084.96875,545.7417956234489
1560802085.5,547.2138409658007
1560802086.28125,361.42662793796006
1560802086.515625,300.52927242783295
1560802087.046875,297.6852613522301
1560802087.296875,293.2509774633064
1560802087.828125,286.3512206945096
1560802088.625,294.5908192093877
1560802089.4375,297.74885155386073
1560802090.1875,317.53603565483553
1560802090.421875,309.20386875926795
1560802091.0,296.7833103734537
1560802091.796875,303.6444338129662
1560802092.578125,308.8730119059953
1560802093.328125,271.0695919571886
1560802094.09375,273.16097841679783
1560802094.78125,288.86739578451284
1560802095.03125,289.10465709849467
1560802095.484375,290.7120242453878
1560802096.265625,290.31743855830933
1560802097.109375,290.08998499041365
1560802097.875,245.11153716777062
1560802098.671875,308.6091558337083
1560802098.90625,316.975534102331
1560802099.5625,316.9079317534327
1560802100.25,315.96663760231996
1560802101.046875,342.85128923048495
1560802101.28125,338.18614025032434
1560802101.875,335.53748019457174
1560802102.6875,338.65466789193835
1560802103.546875,371.69760131782164
1560802103.796875,384.65506575732286
1560802104.640625,379.92189430529913
1560802105.234375,371.60174402993204
1560802106.15625,365.6525931469892
1560802107.234375,370.3042600964646
1560802107.8125,362.49588360700994
1560802108.84375,357.69858476197817
1560802110.109375,348.52355654428294
1560802110.890625,355.7581934034658
1560802111.515625,360.78851911699496
1560802112.109375,352.9646474603457
1560802112.40625,323.86911301836767
1560802113.078125,286.4653115993437
1560802113.53125,289.6855612927702
1560802114.15625,290.30241596477936
1560802114.421875,286.9812334394021
1560802115.09375,277.0990902053038
1560802115.75,266.7701967283659
1560802116.546875,272.0705971610909
1560802117.296875,267.18817506443986
1560802117.578125,277.07520228098315
1560802118.296875,276.8724827743417
1560802119.0625,276.91378355569344
1560802119.546875,466.8869458607801
1560802120.9375,533.5478633709188
1560802121.421875,532.3908686234662
1560802122.140625,536.046557733696
1560802123.015625,538.5770223949806
1560802123.65625,535.5799243988272
1560802124.5625,532.0236833048557
1560802125.125,530.0136987356609
1560802125.890625,535.3059957501762
1560802126.703125,540.2465435478564
1560802126.890625,539.1018319355837
1560802127.234375,541.3357479785908
1560802127.734375,476.8314560351353
1560802127.96875,440.77768675889183
1560802129.03125,446.3436757203381
1560802129.53125,447.65403636667406
1560802129.96875,448.9103158586959
1560802130.578125,447.435266507411
1560802130.8125,450.2607358112149
1560802131.234375,450.260735811215
1560802131.859375,450.2607358112149
1560802132.53125,438.23349521776345
1560802133.171875,439.39997646525495
1560802133.84375,438.4373475549333
1560802134.078125,439.69613562645964
1560802134.5,305.87332894449656
1560802134.734375,237.96332633088863
1560802135.1875,235.9268654617296
1560802135.921875,239.30867137822798
1560802136.640625,242.7007306549115
1560802136.96875,244.1470187210532
1560802137.421875,245.8118706182105
1560802138.171875,245.5663393864064
1560802138.984375,244.06107788078398
1560802139.6875,241.08798703868663
1560802140.546875,322.88085899214013
1560802140.78125,321.99579471157915
1560802141.265625,321.03934146335195
1560802142.0625,323.9602544717726
1560802142.796875,327.19181061626136
1560802143.5625,327.0292755377207
1560802144.28125,333.4676705104411
1560802144.546875,332.0697337014217
1560802145.015625,332.00540974202283
1560802145.765625,332.25337484792857
1560802146.546875,339.21732997506376
1560802146.859375,338.4727694592165
1560802147.359375,268.24723829222955
1560802148.125,272.74403592004643
1560802148.90625,314.57932011514987
1560802149.140625,310.27979246115075
1560802149.671875,306.8748721619445
1560802150.390625,313.04710148961675
1560802150.625,306.5426125342686
1560802151.125,306.5426125342686
1560802151.421875,308.9872298738232
1560802151.90625,302.44472055108946
1560802152.671875,295.6950321950694
1560802153.5,297.4588356816234
1560802154.203125,303.8285134575079
1560802154.484375,299.92511071185197
1560802154.953125,255.2562118089216
1560802155.71875,260.21898596406396
1560802156.5625,259.07310876832645
1560802157.171875,215.77409318396874
1560802157.90625,256.5172096787791
1560802158.171875,257.7907034545206
1560802158.59375,259.8283216783329
1560802159.359375,285.4963166293718
1560802159.640625,281.2672828635674
1560802160.125,277.33329346847665
1560802160.84375,274.8129540183831
1560802161.5625,278.6408774864721
1560802162.28125,282.4732441880545
1560802163.03125,304.0636807962863
1560802163.28125,303.76987709915835
1560802163.78125,300.36320056295864
1560802164.53125,289.4341034670307
1560802165.234375,287.3935599315977
1560802166.21875,305.28098155641027
1560802166.71875,287.0781311770616
1560802167.390625,289.7035358306377
1560802167.984375,292.8871539321907
1560802168.609375,292.5047204670629
1560802169.171875,292.4799537493033
1560802169.75,292.3588830425838
1560802170.375,254.65057742132475
1560802170.96875,254.5783568597052
1560802171.6875,271.67950164874475
1560802172.0,316.70402099298167
1560802172.859375,341.0400239570895
1560802173.1875,330.1679189210373
1560802173.4375,329.3865261981539
1560802173.921875,327.00968732854216
1560802174.171875,323.68409378972837
1560802174.671875,321.67094478365533
1560802175.34375,321.4752219308032
1560802176.0625,321.5970772473402
1560802176.8125,326.9586349227347
1560802177.09375,325.20228170754575
1560802177.5625,323.73075731098606
1560802178.25,293.2297033499995
1560802179.015625,305.48939722780653
1560802179.21875,306.2444718287362
1560802179.8125,309.1132129605964
1560802180.515625,312.7859706101137
1560802181.203125,316.0411464353672
1560802181.859375,317.888543623493
1560802182.5625,325.25108589014116
1560802182.8125,322.090461531841
1560802183.265625,310.3004090486436
1560802183.53125,310.0088909522247
1560802184.125,313.0133279714374
1560802184.65625,309.7683008114077
1560802184.9375,252.3973437981304
1560802185.46875,259.16304118686384
1560802186.421875,321.50484790013735
1560802186.78125,321.1103316903318
1560802187.203125,320.9774386527797
1560802187.578125,316.0819414728502
1560802188.296875,312.26400146027214
1560802189.046875,315.11728178179806
1560802189.734375,317.61392534147734
1560802190.375,318.12610997745185
1560802190.671875,317.4131851241023
1560802191.078125,317.51378385841537
1560802191.796875,321.06115595314657
1560802192.484375,315.8938913818553
1560802193.203125,217.23786506029822
1560802193.890625,217.42549615048358
1560802194.625,217.23786506029822
1560802195.421875,198.3779349037541
1560802196.15625,198.0906869465481
1560802196.953125,198.3779349037541
1560802197.71875,198.50168640388716
1560802198.515625,162.4432184389371
1560802199.296875,162.9342577873341
1560802200.078125,37.797506781336175
1560802200.875,38.3322046991216
1560802201.65625,39.04686561624036
1560802202.4375,39.10756085844029
1560802203.265625,303.26765788695235
1560802203.515625,305.7083911076959
1560802204.078125,306.3772030131513
1560802204.9375,306.55322034986733
1560802205.828125,306.55322034986733
1560802206.6875,336.7868663002567
1560802207.015625,335.3023546421449
1560802207.5,339.13989180264116
1560802208.421875,335.5842324641907
1560802209.109375,335.51217745451527
1560802209.828125,335.48800629347517
1560802210.53125,335.7027987988476
1560802211.234375,297.3493372151915
1560802211.546875,299.52070568649015
1560802211.96875,300.4156712556773
1560802212.71875,320.112692838864
1560802212.953125,343.8446369908616
1560802213.765625,327.8663767489071
1560802214.265625,328.72654385794607
1560802214.640625,395.87365744014375
1560802215.734375,396.7667963912373
1560802216.34375,389.52352173006636
1560802216.609375,384.9968401128572
1560802217.09375,378.9256881928437
1560802217.328125,382.49557911447135
1560802217.8125,378.4448606247384
1560802218.53125,386.58216911905714
1560802219.25,386.8352608424511
1560802219.859375,369.2703452765717
1560802220.8125,370.2049339665176
1560802222.171875,477.0482976077329
1560802222.640625,454.99721846679563
1560802222.953125,455.26088879443535
1560802223.421875,458.2910059930899
1560802223.921875,458.2910059930899
1560802224.203125,460.3944983877673
1560802224.453125,460.24819291280676
1560802224.96875,461.1381178498136
1560802225.640625,458.93520841193583
1560802225.90625,457.7282804724552
1560802226.375,457.9710992524975
1560802227.140625,460.1723760279631
1560802227.890625,215.17274183025512
1560802228.59375,461.049154811828
1560802230.1875,467.52854567814376
1560802231.21875,475.3214873724623
1560802231.625,473.5519019319181
1560802232.34375,473.5519019319181
1560802233.03125,476.3364375119912
1560802233.609375,477.3566455964993
1560802234.109375,481.60861383181987
1560802234.65625,480.6086032084018
1560802235.46875,483.7897779996486
1560802236.234375,480.20666587639926
1560802236.546875,478.72280508342993
1560802237.03125,356.6478838745233
1560802237.796875,350.20663979731705
1560802238.03125,292.0458776469628
1560802238.515625,291.95658853932235
1560802239.203125,296.5700775182084
1560802239.46875,294.3854224194745
1560802239.921875,289.9510719884365
1560802240.609375,285.80455998219094
1560802240.90625,287.99202937538934
1560802241.40625,281.26175790272544
1560802241.671875,357.5728754395961
1560802242.625,353.11433046942665
1560802243.203125,358.3711748954409
1560802243.890625,349.07783330256757
1560802244.40625,349.4276057005152
1560802245.15625,352.5256179751578
1560802245.953125,349.6445388408651
1560802246.46875,348.39933000742724
1560802247.234375,350.0559924959037
1560802247.84375,350.3364943748813
1560802248.59375,352.4416343043212
1560802249.28125,355.00788817841385
1560802249.953125,201.10596626992185
1560802250.625,161.77007833289125
1560802251.328125,162.61985852806725
1560802252.109375,164.76365657369257
1560802252.890625,160.147595003324
1560802253.6875,160.45027260991878
1560802254.5,277.5619883455529
1560802254.78125,276.6579900122205
1560802255.234375,276.6579900122205
1560802255.53125,276.53515084555204
1560802256.0,275.76453547226896
1560802256.265625,275.04576013558096
1560802256.78125,275.15879769952124
1560802257.59375,318.0219379819164
1560802257.859375,315.236733990763
1560802258.359375,311.4552590637102
1560802259.09375,457.7639070333116
1560802260.703125,469.5790415837182
1560802261.640625,472.788024473695
1560802262.546875,473.528980477088
1560802263.578125,472.9883479616205
1560802264.421875,470.56699048388083
1560802265.765625,469.49621788032135
1560802267.359375,582.1580617821933
1560802267.890625,582.1580617821933
1560802268.71875,586.5302988563179
1560802269.765625,588.7805199214613
1560802270.75,588.205557416176
1560802271.46875,558.7891820480713
1560802272.078125,548.9806905704901
1560802273.078125,545.8118707909072
1560802273.625,543.4959741659138
1560802273.875,541.8479438527411
1560802274.421875,542.5708074103482
1560802274.703125,542.3562628413133
1560802275.25,229.34462273850428
1560802276.046875,289.82703677467794
1560802276.28125,295.48914353994627
1560802276.546875,288.0552381453492
1560802277.109375,294.69159780643236
1560802277.75,289.4820279841293
1560802278.640625,315.6028405762223
1560802278.984375,310.8743487921161
1560802279.5625,310.7664269708899
1560802279.828125,310.64775106349947
1560802280.421875,309.9365249115853
1560802280.671875,308.95385818169706
1560802281.265625,307.12804692272687
1560802281.515625,312.34842762849536
1560802282.34375,302.83920503736704
1560802282.875,306.0943653486929
1560802283.625,306.46386545989657
1560802284.3125,303.7435040276444
1560802284.640625,283.8656170124202
1560802285.09375,284.3844713265671
1560802285.953125,292.36335111524863
1560802286.703125,310.4808780802074
1560802286.9375,313.86259995828067
1560802287.609375,322.71877635578085
1560802288.328125,329.40153601655516
1560802289.109375,312.34668897420835
1560802289.375,312.34668897420835
1560802289.9375,315.9838552972808
1560802290.59375,316.34470984538495
1560802291.28125,320.00391611137246
1560802292.046875,321.29401796509046
1560802292.765625,319.7205838882698
1560802293.5625,326.74771936632635
1560802293.90625,306.643351325066
1560802294.3125,295.00028031684565
1560802294.640625,293.2372507731467
1560802295.15625,291.2614576960844
1560802295.46875,237.98873341010605
1560802295.921875,233.31288953206246
1560802296.171875,233.66343272135376
1560802296.671875,232.3025340629938
1560802296.921875,230.24133036220505
1560802297.40625,227.0497654115876
1560802298.078125,227.38329380431225
1560802298.8125,147.21392814025947
1560802299.625,145.59955998731425
1560802300.34375,242.75795191842357
1560802300.578125,245.14458521792167
1560802301.125,245.14458521792167
1560802301.46875,260.0892188559338
1560802302.234375,259.16261315905075
1560802302.71875,604.6628935508534
1560802304.375,730.1430262334948
1560802304.765625,730.7005625463144
1560802305.34375,731.4014889142891
1560802306.03125,730.7614898756888
1560802306.5625,729.6875765313356
1560802307.296875,727.418161059217
1560802307.734375,729.5640606087967
1560802308.484375,729.781079422766
1560802308.9375,730.6500799889204
1560802309.5,732.6366433550952
1560802309.796875,733.5645406843512
1560802310.296875,656.3131547892168
1560802310.703125,186.40078089536328
1560802311.4375,188.74484390889032
1560802312.03125,198.6235957960805
1560802312.265625,203.4313434016471
1560802312.5625,202.58231929832598
1560802313.109375,204.07871159818825
1560802313.96875,356.44679034715296
1560802315.53125,574.2535734319979
1560802316.0,574.3767773556627
1560802316.5625,572.7547799091411
1560802317.5625,574.2513395515715
1560802318.609375,573.4494955547116
1560802319.484375,572.6224806551277
1560802319.875,570.5191599292003
1560802320.546875,569.9934394929468
1560802320.8125,564.52708428005
1560802321.546875,580.6283194038676
1560802323.109375,610.2997848102767
1560802323.71875,609.1515176696009
1560802324.8125,516.0153017893003
1560802325.28125,513.1991233001856
1560802325.53125,519.7006839079042
1560802325.984375,519.8466865120607
1560802326.453125,516.0295918352082
1560802327.59375,516.0452315792818
1560802328.140625,521.0552743569447
1560802328.796875,521.5428107302608
1560802329.0625,529.4087929978074
1560802329.53125,504.2507383922187
1560802330.328125,387.80121378818666
1560802330.703125,394.01670847533285
1560802331.140625,370.1828336334826
1560802331.953125,369.73805872953653
1560802333.0,495.27954837075737
1560802334.984375,539.3618536333739
1560802336.0625,534.9636460863409
1560802336.71875,533.5775627826821
1560802336.953125,531.5927712197738
1560802337.40625,534.5813244931704
1560802338.109375,536.7827309761692
1560802338.78125,541.2259357919758
1560802339.390625,574.3416313752905
1560802340.875,566.4833975739376
1560802341.875,570.3506008164777
1560802342.140625,566.2951782243454
1560802343.140625,528.8238414894132
1560802343.65625,490.4491888862128
1560802344.046875,497.44398815084105
1560802344.296875,504.16417101965317
1560802344.640625,502.3235695909069
1560802345.28125,504.36917073994766
1560802345.765625,501.5477414406575
1560802346.03125,493.9250831176069
1560802346.734375,433.77159227367
1560802347.453125,496.7654851683388
1560802349.03125,639.7374893918075
1560802349.421875,637.692352836836
1560802349.953125,640.723666395533
1560802350.65625,639.5840109947243
1560802351.125,636.4821944180219
1560802352.0,636.5793860985757
1560802352.953125,635.9505950733726
1560802353.5625,635.3994041616011
1560802354.375,632.2885962914232
1560802354.703125,636.8435227620616
1560802355.0625,636.624099676499
1560802355.34375,614.8708656951827
1560802355.828125,262.83651695915825
1560802356.546875,261.9323278734576
1560802357.09375,260.3469407515876
1560802357.390625,265.131380108643
1560802357.703125,254.9377914847841
1560802358.0,400.4563457594909
1560802359.0625,401.71698535508415
1560802359.71875,401.0266300203305
1560802359.984375,396.6055181639274
1560802360.453125,393.5284047904451
1560802361.203125,391.5507507370128
1560802361.53125,393.3295783809529
1560802361.96875,392.194762274502
1560802362.78125,392.194762274502
1560802363.765625,392.84893559630615
1560802364.96875,391.92945132309
1560802366.28125,428.2205049519416
1560802366.875,363.08292738500666
1560802367.125,370.4781573695563
1560802367.890625,370.3647645908629
1560802368.3125,396.2144434381968
1560802369.390625,426.8395985859397
1560802369.75,429.3000373725108
1560802370.421875,430.464941817482
1560802371.09375,437.3380134160002
1560802371.640625,439.2163300674667
1560802372.265625,442.04765276730313
1560802372.796875,441.0965440072914
1560802373.484375,411.8626666948168
1560802374.078125,416.70773518828514
1560802374.65625,413.65903627464417
1560802375.21875,414.943139510673
1560802375.953125,381.7562325510749
1560802376.21875,246.6480093051914
1560802376.65625,242.13977212157414
1560802377.09375,240.82469142772044
1560802377.359375,273.85987835497684
1560802378.078125,289.14025053626295
1560802378.359375,288.85506117274133
1560802378.75,290.0712639267598
1560802379.046875,287.73818209369193
1560802379.5625,283.7777796608385
1560802380.359375,278.7487249902059
1560802380.859375,280.2161158141094
1560802381.484375,259.79718564269507
1560802382.203125,259.79718564269507
1560802382.75,255.39531487907607
1560802383.078125,258.28679400926313
1560802383.34375,228.41877106682225
1560802383.671875,166.45768499717101
1560802384.1875,165.85640242537931
1560802384.828125,167.41486458515303
1560802385.515625,169.22859849917916
1560802386.15625,157.3308288297648
1560802386.84375,217.32494164003674
1560802387.109375,216.99974665930839
1560802387.53125,223.92315858637988
1560802388.265625,226.05875144400105
1560802388.96875,254.4883901802423
1560802389.25,253.41294677431492
1560802389.65625,254.76680368598062
1560802390.390625,289.55184116643034
1560802390.625,286.51537464166137
1560802391.15625,281.1216276057142
1560802391.9375,280.14328442869373
1560802392.8125,278.18521826402144
1560802393.5625,290.3372451930573
1560802393.828125,288.7594905988034
1560802394.484375,292.1603046065886
1560802395.328125,311.06359949486773
1560802395.625,312.0675847548415
1560802396.125,308.87098914541656
1560802397.0625,308.87098914541656
1560802397.671875,296.6169458952477
1560802398.5625,304.93396495683595
1560802399.46875,310.52089697720766
1560802400.4375,304.4819338981629
1560802401.0625,305.8126482633204
1560802401.765625,298.25240326815134
1560802402.46875,308.00573642936905
1560802402.703125,305.94392207675634
1560802403.203125,266.707737975015
1560802403.90625,281.06258618111974
1560802404.15625,269.2064472153704
1560802404.671875,268.644724655394
1560802405.5,273.81472523061336
1560802406.28125,273.5427700157431
1560802407.015625,269.75580892569053
1560802407.953125,281.2530512430223
1560802408.453125,276.51312812413084
1560802409.1875,275.1333871995983
1560802409.828125,257.99910545846365
1560802410.4375,262.42939113571816
1560802411.078125,265.44736345142064
1560802411.78125,252.90403906734798
1560802412.078125,254.02076966094242
1560802412.5,251.62836776318372
1560802412.796875,249.89473133167888
1560802413.25,247.74759520621632
1560802413.53125,248.03541506440726
1560802414.0625,211.693149313222
1560802414.328125,211.0710236437284
1560802414.765625,209.69553898781075
1560802415.046875,206.6807579210061
1560802415.5,203.19108684508583
1560802415.78125,442.3937325285272
1560802416.921875,441.4009057612578
1560802417.734375,446.4409764925415
1560802418.015625,444.3807899031221
1560802418.5625,444.3807899031221
1560802419.265625,442.4620375691346
1560802419.671875,444.9676132998742
1560802420.0,447.5088963037625
1560802420.25,445.9459846238535
1560802420.78125,445.46815749757553
1560802421.125,444.9710676183952
1560802421.671875,442.72305544310416
1560802422.546875,269.6914034044963
1560802423.296875,285.0176966143264
1560802423.59375,231.78933998307699
1560802424.140625,233.6835783484097
1560802424.84375,236.79472618116736
1560802425.59375,239.04626395967946
1560802426.328125,239.04626395967946
1560802426.984375,239.3386945227758
1560802427.578125,239.3386945227758
1560802427.890625,242.15096702445047
1560802428.25,243.55191165156918
1560802428.890625,240.61524246143003
1560802429.53125,258.2619215356246
1560802429.765625,219.97142796412373
1560802430.15625,220.8728536003859
1560802430.8125,222.89597840136105
1560802431.515625,222.68171115928746
1560802432.28125,263.43707601335734
1560802432.578125,277.602745171368
1560802433.3125,310.8438138789505
1560802434.59375,334.09945724960204
1560802435.328125,326.357315246208
1560802435.71875,332.18623857327566
1560802436.0,325.16674768324896
1560802436.546875,325.3122496045796
1560802436.828125,343.0381351591701
1560802437.6875,350.0010087217091
1560802438.59375,340.23546171357475
1560802439.875,460.5060028341034
1560802440.25,469.24338822277167
1560802440.625,470.70783232527566
1560802441.328125,473.22658349950996
1560802442.140625,469.4742392941649
1560802442.53125,480.44050820670077
1560802443.5625,494.4228253230056
1560802445.328125,511.06783630806336
1560802446.3125,508.9545154514335
1560802446.96875,510.56703373472334
1560802447.25,510.72259907174544
1560802447.515625,515.6421612177577
1560802447.984375,478.51545526464605
1560802449.21875,473.71010181617066
1560802450.203125,475.29310016323507
1560802450.546875,475.29310016323507
1560802450.78125,474.2996793936218
1560802451.484375,470.3751004497674
1560802452.75,458.23165963002856
1560802453.375,425.0082812321789
1560802453.671875,433.0290801610801
1560802454.0,441.0949897895287
1560802454.296875,433.292722061918
1560802454.953125,430.1684958455065
1560802455.90625,385.249083756116
1560802456.75,385.3741168811763
1560802457.09375,364.71194848492144
1560802457.5625,375.3021789019535
1560802458.625,378.6750366568165
1560802459.5,371.6505023899943
1560802460.375,341.51759726794563
1560802460.734375,346.64029865884737
1560802461.09375,346.5250522708303
1560802461.40625,345.8077224929409
1560802461.8125,348.7292658033181
1560802462.296875,350.69531349050294
1560802463.171875,348.8023261592656
1560802463.84375,335.38854019632976
1560802464.84375,376.8569389031478
1560802465.203125,353.18119920743624
1560802465.453125,378.4838422273279
1560802466.296875,380.22395396832115
1560802466.625,377.2030809414718
1560802467.078125,373.8956724750744
1560802467.984375,373.49737970561785
1560802468.8125,368.71781005593925
1560802469.375,368.9587823539292
1560802470.0,517.2279331157131
1560802471.609375,513.1918193542576
1560802472.8125,548.6701602512802
1560802473.140625,564.0584177363305
1560802474.28125,563.5581555753
1560802475.28125,563.0880163451151
1560802475.75,565.3339920444788
1560802476.59375,564.5192731826066
1560802477.265625,565.3536605125117
1560802477.53125,562.9520693455847
1560802478.015625,566.8248063711761
1560802478.484375,565.6129778542986
1560802478.796875,495.736075653078
1560802479.3125,496.6792588149852
1560802480.359375,429.03984646156624
1560802480.859375,334.18466900509446
1560802481.5,329.00519307742275
1560802481.765625,343.75447093285936
1560802482.625,348.5683086362387
1560802483.640625,347.59572236714905
1560802484.453125,409.47992399074036
1560802486.0,679.8044106199491
1560802486.234375,677.1293994976232
1560802486.75,676.7428687896013
1560802487.078125,678.029328818364
1560802487.328125,683.3269840507144
1560802487.5625,683.2837232957037
1560802488.328125,683.7417908039528
1560802489.015625,687.2197450663592
1560802489.734375,687.5922535395474
1560802490.109375,686.0815933284812
1560802490.78125,687.2247035887726
1560802491.484375,683.5758803124397
1560802492.171875,280.6990201065143
1560802492.65625,290.4732112003149
1560802493.546875,291.25131797444493
1560802494.109375,287.6730775478224
1560802494.390625,285.2866551977887
1560802495.046875,237.35612257543514
1560802495.90625,231.1712343803353
1560802497.015625,410.55380542092837
1560802497.3125,612.1269212964672
1560802498.765625,712.1383672488156
1560802499.0,708.4972955332149
1560802499.5625,701.6817439136051
1560802500.609375,694.3862970998714
1560802501.03125,695.3866021168378
1560802502.296875,706.8502913613925
1560802502.53125,707.304516803763
1560802503.03125,698.8569246469522
1560802504.171875,697.0860930332484
1560802505.578125,697.2008217750581
1560802505.921875,712.4730472319103
1560802506.59375,685.9424596701774
1560802506.953125,608.7817865555734
1560802507.65625,611.1785665398357
1560802508.109375,618.6498468773461
1560802508.78125,627.7505689125544
1560802509.34375,616.957051169352
1560802510.609375,552.2445726247648
1560802511.34375,552.5931275368338
1560802512.328125,553.7368915613049
1560802513.1875,554.4362934621644
1560802513.421875,384.6801618263685
1560802514.078125,385.953150620138
1560802515.015625,417.9967456905813
1560802515.25,417.94787535585687
1560802516.0,412.4565782772789
1560802516.25,403.19335141501466
1560802516.96875,385.8766671729187
1560802517.203125,373.8374072358232
1560802517.609375,383.2273057528661
1560802517.875,389.44951717870384
1560802518.765625,375.9233592354917
1560802519.09375,367.7303441085165
1560802519.8125,367.33495417877816
1560802520.09375,377.6151346752633
1560802520.453125,352.78385600211266
1560802520.6875,359.90617141097573
1560802520.96875,361.3846962519243
1560802521.765625,363.84531584907853
1560802522.765625,375.4641225593327
1560802523.1875,378.0474436971
1560802523.546875,378.4536750598904
1560802523.78125,356.1242412048378
1560802524.078125,337.4811382318938
1560802524.390625,344.34869719550613
1560802525.171875,339.51109125749747
1560802525.75,336.6400999768518
1560802526.078125,346.25101460577787
1560802526.90625,365.4705237001284
1560802527.140625,360.3273808601419
1560802527.546875,358.6731226100743
1560802528.359375,349.5403232247358
1560802528.640625,345.91836723860945
1560802529.125,341.8417789195507
1560802529.859375,333.1668256622142
1560802530.203125,331.8679696060263
1560802530.640625,599.6554853768363
1560802532.25,595.8479468682049
1560802533.3125,591.9216181547916
1560802533.8125,598.8365334687339
1560802534.265625,601.8950822188632
1560802534.53125,600.460940871968
1560802535.0625,603.6495715808186
1560802535.40625,607.2343202212962
1560802535.6875,608.4535705898024
1560802536.03125,607.9544453932157
1560802536.953125,612.6293127751903
1560802537.1875,609.156601085533
1560802537.75,394.9129253698938
1560802538.03125,386.2573951945524
1560802538.640625,371.8823635557788
1560802538.90625,367.94530663563796
1560802539.609375,370.76529308241874
1560802540.375,372.1677794841674
1560802540.671875,367.2480327052317
1560802541.359375,357.14213971553824
1560802541.65625,349.89255053271194
1560802542.203125,336.6395683374272
1560802543.03125,293.26993313081056
1560802543.265625,294.7073175648194
1560802543.9375,304.5060815529912
1560802544.71875,311.78944694675806
1560802545.0,324.04364027136916
1560802545.828125,335.93865457006
1560802546.5625,336.52655135377137
1560802547.3125,343.3675370544047
1560802548.0625,343.1575515964618
1560802548.4375,349.80363605612473
1560802548.75,348.7399940526712
1560802549.359375,353.8728309111812
1560802550.046875,324.45380199007224
1560802550.75,319.52162078095307
1560802551.484375,320.4295026544355
1560802552.234375,295.79632208360664
1560802553.03125,246.0566544016548
1560802553.40625,245.8295928823704
1560802553.890625,249.77898446315328
1560802554.703125,249.52010727427293
1560802555.5625,328.26823470743284
1560802555.8125,345.27788288966315
1560802556.578125,347.31061639647805
1560802556.953125,510.0315476869517
1560802558.296875,506.0372525673651
1560802559.125,501.3163631747374
1560802559.390625,496.51856193343286
1560802559.9375,494.5563138637162
1560802560.3125,500.3052801982527
1560802561.34375,513.0542164513311
1560802561.5625,520.2038705379039
1560802561.875,509.4350754274585
1560802562.59375,519.8352482080161
1560802563.453125,520.0051870696075
1560802563.75,525.8549435123291
1560802564.25,438.5601173517823
1560802565.078125,445.9725336688865
1560802565.859375,443.29376793695013
1560802566.125,441.2221389734684
1560802566.765625,438.53171317777816
1560802567.671875,428.0493826501348
1560802568.578125,371.9855312335119
1560802568.8125,366.52084109422515
1560802569.5,371.19373922008856
1560802570.375,371.9667065593643
1560802571.359375,414.74930336395204
1560802571.609375,417.93171184969657
1560802571.859375,422.6952135568905
1560802572.21875,419.98771652325416
1560802572.78125,461.22832665817145
1560802574.109375,569.3842774257462
1560802574.40625,572.6961494891045
1560802574.734375,567.9506728874352
1560802575.390625,568.0465178575013
1560802576.1875,572.6081987421877
1560802577.078125,569.8892615582337
1560802577.421875,565.5351338857254
1560802578.359375,558.7062669531026
1560802579.09375,552.8094580625253
1560802579.34375,547.9637531723623
1560802580.203125,542.6498633991703
1560802580.4375,531.7794437678344
1560802581.296875,393.7900263984017
1560802581.84375,393.12512249958036
1560802582.3125,402.7363640313831
1560802582.78125,399.36466296544967
1560802583.015625,387.68840346116343
1560802583.671875,383.9837283894094
1560802583.90625,375.9867891595279
1560802584.65625,367.141945424186
1560802584.9375,367.2753626056482
1560802585.609375,359.2623176614195
1560802586.078125,336.5059493443738
1560802586.75,297.83445122700937
1560802587.421875,298.28765245973244
1560802587.734375,342.1244419386241
1560802588.6875,331.364066114443
1560802589.203125,333.8130331313634
1560802589.53125,342.0279349637685
1560802590.0,345.542036374256
1560802590.265625,341.4078646795608
1560802590.515625,336.5278464901063
1560802590.921875,336.36229541463814
1560802591.1875,337.1530071262468
1560802591.828125,336.2057906759892
1560802592.8125,334.7047156313568
1560802593.671875,372.4318052001863
1560802593.90625,337.7447090600048
1560802594.625,337.7447090600048
1560802594.90625,340.8537070254955
1560802595.171875,340.62016826656725
1560802595.875,337.5685903244003
1560802596.21875,335.65197775770116
1560802596.6875,329.7403205765002
1560802597.53125,324.77135356534257
1560802597.90625,336.2401056724282
1560802598.234375,350.8167007132544
1560802599.125,352.95521299133935
1560802600.03125,328.64394422240554
1560802600.90625,353.97754887327073
1560802601.171875,353.47642405071144
1560802601.703125,353.0624234500662
1560802602.171875,356.09718425423387
1560802602.59375,478.2606949823288
1560802603.90625,477.2394458726813
1560802605.03125,477.982132534363
1560802605.671875,482.1480428404171
1560802606.359375,480.7389012250807
1560802607.21875,478.09768202200564
1560802607.5625,476.5583180145271
1560802608.078125,475.9343050035108
1560802608.484375,468.3114619977417
1560802608.765625,468.1047434635111
1560802609.46875,464.3433528452236
1560802609.796875,460.6042366764887
1560802610.421875,299.58396579187746
1560802610.90625,302.97530299355736
1560802611.4375,282.7478743211659
1560802611.6875,309.1082658680446
1560802612.46875,325.612842982355
1560802612.71875,314.9158877830144
1560802613.078125,317.9593083545598
1560802613.453125,319.25886614604735
1560802613.8125,316.6987533328852
1560802614.390625,312.19542360680595
1560802614.625,310.53239820788014
1560802615.109375,310.7639996170742
1560802615.34375,402.75108310503913
1560802616.328125,402.9258445719248
1560802617.3125,448.45385310789453
1560802617.546875,450.5209874894361
1560802618.34375,448.5232358147945
1560802619.625,453.8768426561914
1560802620.265625,444.9190599263106
1560802620.515625,433.6376090359889
1560802621.1875,433.0046605538385
1560802621.625,441.30754320221024
1560802622.171875,443.99938901132913
1560802622.546875,448.45190715189597
1560802623.015625,419.8646284178916
1560802623.34375,419.8646284178916
1560802623.671875,363.0869657889927
1560802624.1875,346.3119321128332
1560802624.546875,336.99821842356005
1560802625.28125,247.63636034564374
1560802626.046875,234.50692143481368
1560802626.75,203.09298856463118
1560802627.140625,228.86781587068256
1560802627.921875,229.56730350451167
1560802628.78125,229.72072195802448
1560802629.890625,444.19926877885734
1560802630.140625,442.77693145471824
1560802630.796875,440.7821298567628
1560802631.65625,442.41423907381517
1560802632.46875,446.4103932679108
1560802632.734375,448.86023317200403
1560802633.5,446.04367293247003
1560802634.046875,586.1643368626958
1560802635.6875,713.8528603995604
1560802636.046875,719.0147788259846
1560802636.4375,836.6352025155462
1560802638.296875,829.4370784419299
1560802639.234375,835.6081889624494
1560802639.78125,838.8765120538825
1560802640.578125,840.2816855618553
1560802641.4375,830.7718299095392
1560802641.71875,839.5357050550115
1560802642.078125,846.3188690367824
1560802642.5625,847.682549839151
1560802642.953125,838.3418397512233
1560802643.359375,778.7486767591603
1560802643.984375,774.4851770718071
1560802645.125,497.5348488256773
1560802645.59375,385.25509399162
1560802646.0625,387.92507242696405
1560802646.4375,429.9219204890183
1560802647.515625,425.2224648156958
1560802648.265625,418.4890976768302
1560802649.046875,416.2171284720976
1560802649.375,416.89033468757515
1560802649.625,417.3722520388932
1560802649.921875,417.31684027023584
1560802650.25,419.9354690056736
1560802650.515625,415.07370572676115
1560802651.203125,377.7656834258424
1560802651.46875,375.19002523578393
1560802651.9375,374.12110445865255
1560802652.5625,279.5779001631641
1560802652.8125,282.6495324585445
1560802653.09375,278.400135578915
1560802653.640625,257.23112012041474
1560802654.453125,253.2979087632375
1560802655.015625,253.29790876323742
1560802655.53125,247.8582522989779
1560802656.34375,242.86891439496972
1560802657.5,291.03216949674214
1560802658.09375,285.00900784509963
1560802658.34375,301.8951378598278
1560802659.09375,300.8088639123698
1560802659.40625,309.62348686642486
1560802659.703125,309.1902581428442
1560802659.9375,312.91318804700785
1560802660.328125,313.76910352244147
1560802660.953125,314.68881022136543
1560802661.796875,319.3725226578075
1560802662.140625,326.61715510033355
1560802662.5625,333.5848136520678
1560802663.0,306.8862153394537
1560802663.484375,308.47144234811014
1560802664.34375,291.42292643436895
1560802665.609375,480.31818602988267
1560802665.953125,478.8339841536058
1560802666.484375,477.4825891677564
1560802666.828125,477.5549616183622
1560802667.6875,484.3897605457532
1560802667.921875,481.2549768749041
1560802668.65625,485.34641454540457
1560802669.5625,485.59756541289255
1560802670.515625,500.7131811997893
1560802670.71875,491.45775774826217
1560802671.453125,491.0178287453373
1560802671.796875,489.6702756032079
1560802672.625,411.1626560428328
1560802673.53125,410.61546040675245
1560802674.234375,402.75518869739466
1560802674.484375,401.88218481041366
1560802675.125,387.3939374633606
1560802675.359375,394.15334232052055
1560802676.171875,393.58444781758027
1560802677.171875,392.78948986220377
1560802678.265625,326.56532408970344
1560802679.140625,326.56532408970344
1560802679.484375,336.06659069310217
1560802679.875,464.81055681938807
1560802681.15625,560.2218045475672
1560802681.421875,561.116841044035
1560802681.84375,566.2452199092706
1560802682.453125,571.7558566950553
1560802683.078125,574.8311507179225
1560802683.484375,575.912562869538
1560802684.109375,573.4750253977257
1560802684.375,568.8174220441682
1560802685.109375,565.0605972014023
1560802685.34375,568.4838871891567
1560802685.796875,567.2122636428585
1560802686.421875,524.4927942743598
1560802687.15625,281.15064546389067
1560802687.53125,281.15064546389067
1560802688.0625,280.6558903016454
1560802688.390625,285.42439663578966
1560802689.171875,288.5760565868101
1560802690.09375,293.66839382368346
1560802691.078125,293.7731039503627
1560802691.84375,278.94615429169954
1560802692.25,244.48795174888417
1560802692.765625,244.81358604853833
1560802693.0,258.91579343774697
1560802693.65625,253.8953217512437
1560802694.046875,256.25567398746216
1560802694.390625,350.8541482207528
1560802695.40625,354.0357613017126
1560802696.421875,351.8405051169297
1560802697.4375,429.02585196639467
1560802697.6875,449.46303875184236
1560802698.625,460.8271195952997
1560802698.890625,462.86998380517633
1560802699.4375,454.7944742187957
1560802700.421875,469.6502403481166
1560802700.671875,468.46199435471254
1560802701.421875,460.62759948461127
1560802701.671875,459.89137837907873
1560802702.6875,458.07256922925836
1560802703.25,438.4335572228919
1560802704.265625,418.1692214684279
1560802704.546875,417.11680133769835
1560802705.15625,417.62394710342494
1560802705.390625,523.2187601942289
1560802706.65625,519.4878686223807
1560802707.140625,531.0618315147408
1560802707.421875,529.2365283620667
1560802708.1875,530.7784838459478
1560802708.5,537.8092107271286
1560802709.125,531.7825017383138
1560802710.140625,539.9892048209508
1560802710.390625,538.3966317147277
1560802711.15625,543.3069992061121
1560802712.0625,547.005227609332
1560802713.171875,547.4512739300726
1560802713.921875,461.79929682742585
1560802715.4375,552.018608063253
1560802715.90625,543.8144612605385
1560802716.96875,547.7741475645462
1560802717.6875,550.8164729864703
1560802718.75,552.4035716007494
1560802719.0625,550.3200789580079
1560802719.828125,553.3207464627538
1560802720.65625,560.2944918387369
1560802721.6875,559.3959463653907
1560802722.53125,558.6570466683295
1560802723.140625,559.0534722161918
1560802723.40625,549.192367483153
1560802723.953125,476.9477358805089
1560802725.375,519.1631631794238
1560802725.9375,524.5723485684201
1560802726.40625,529.8298492536553
1560802726.8125,515.1767889213004
1560802727.125,515.7003189335313
1560802727.75,515.4675003893801
1560802728.46875,514.608533073536
1560802729.71875,514.3367649051112
1560802730.765625,511.57706285049903
1560802731.390625,516.1782470860853
1560802731.96875,518.6808872176208
1560802733.15625,523.3086906801151
1560802733.453125,488.6792178083198
1560802734.4375,488.6792178083198
1560802735.328125,488.3600055551743
1560802736.125,483.3359923959175
1560802736.375,481.20533451232484
1560802737.03125,475.4621254695783
1560802738.0,483.26653227958457
1560802739.0,488.8599797874364
1560802739.3125,489.51838694436486
1560802740.015625,479.24147786834544
1560802740.28125,476.32564859625563
1560802741.03125,399.1104599380149
1560802742.0,407.8475044076823
1560802742.25,397.288598543186
1560802742.953125,385.3592846058879
1560802743.28125,386.5783574936634
1560802743.90625,388.23224344016603
1560802744.1875,387.03177976736845
1560802744.8125,373.7573728836406
1560802745.0625,339.38068044949034
1560802745.8125,350.3150761973301
1560802746.734375,369.74129542111496
1560802747.03125,371.15540429171654
1560802747.65625,363.8054937378167
1560802747.890625,320.81737587810414
1560802748.71875,336.0459775910778
1560802749.53125,350.3950872756456
1560802749.765625,349.6453014227873
1560802750.3125,353.2098053576468
1560802750.59375,355.7713569160435
1560802751.15625,358.20135091485963
1560802752.015625,372.9780220756605
1560802752.265625,367.26877875275216
1560802753.046875,350.809440830693
1560802753.515625,357.9500871231495
1560802753.8125,369.41043700899974
1560802754.6875,372.2221389270688
1560802754.953125,357.1483365143261
1560802755.65625,349.05542099568186
1560802756.703125,355.52343167984765
1560802757.5625,350.16301673081307
1560802758.0,344.88617415022975
1560802758.90625,344.88617415022975
1560802759.515625,341.1471405692022
1560802760.1875,337.5391458072249
1560802761.359375,343.945416862935
1560802761.984375,346.70345456716
1560802762.5,343.79712072142274
1560802763.09375,313.6065356502099
1560802763.421875,318.37505195692705
1560802763.734375,324.67640086980265
1560802764.03125,327.71792201097014
1560802764.375,349.5647185518257
1560802765.28125,391.26038382571824
1560802765.515625,391.8087936330062
1560802766.015625,390.5675498272368
1560802766.375,386.80101052219976
1560802766.90625,371.4619677652783
1560802767.171875,371.6603573805211
1560802767.53125,372.0070967803615
1560802767.859375,374.5043949876218
1560802768.125,374.5200976162404
1560802768.390625,380.9904104772506
1560802769.15625,380.0393176727005
1560802769.796875,360.4607662911926
1560802770.078125,353.73220806345773
1560802771.015625,353.73220806345773
1560802771.6875,354.6948329829399
1560802771.9375,354.50010275893015
1560802772.609375,354.72192691206965
1560802772.875,351.98212751642615
1560802773.609375,351.98212751642615
1560802774.3125,342.8409667058826
1560802774.671875,331.49438447094286
1560802775.359375,337.0377734825281
1560802776.046875,337.0377734825281
1560802776.859375,355.2935361619049
1560802777.09375,315.8635054175514
1560802777.40625,320.39054432901327
1560802777.859375,320.76484208613687
1560802778.140625,496.7530938903768
1560802779.375,546.0508727035493
1560802779.734375,551.0766261368345
1560802780.0625,551.6807069938471
1560802781.046875,550.4651219358224
1560802782.578125,697.6708878980542
1560802782.828125,693.031508196039
1560802783.421875,692.8426867018418
1560802784.15625,696.1101748584914
1560802785.265625,689.4289026862417
1560802785.921875,687.2322358610376
1560802786.84375,688.6305960256058
1560802787.765625,675.511414673852
1560802788.625,663.9787359617502
1560802789.5625,662.7385825435583
1560802789.796875,661.1411063556379
1560802790.578125,664.6069068621695
1560802791.15625,380.03954390410416
1560802791.609375,381.73414011188027
1560802791.84375,378.234368397592
1560802792.4375,387.1161483510999
1560802793.5625,385.050531795374
1560802794.328125,389.7351357541772
1560802794.578125,383.0420884134812
1560802795.296875,376.6196243217218
1560802796.28125,376.2852625870984
1560802797.171875,355.6768243499514
1560802797.421875,412.51283201437525
1560802798.4375,405.78195472127305
1560802799.0,395.1963757912477
1560802799.953125,400.8525205694996
1560802800.875,409.9363471785727
1560802801.671875,413.3667901038457
1560802801.890625,446.54174441557365
1560802802.875,449.81318566574095
1560802803.53125,450.5672026656779
1560802803.78125,445.0668027958887
1560802804.484375,443.9320798541156
1560802805.328125,443.3145109153239
1560802806.0,405.05655051928926
1560802806.5625,576.6855149690865
1560802808.21875,719.5980261186983
1560802808.578125,712.5631768015797
1560802809.671875,712.7291971675219
1560802810.65625,721.1895624496758
1560802811.59375,725.1296834143039
1560802812.484375,722.5063113309044
1560802812.859375,726.2628159518428
1560802813.390625,737.7759185057457
1560802814.84375,736.4944973189515
1560802816.0625,735.0319809894322
1560802817.015625,731.6265092718413
1560802818.296875,723.4879797403778
