1561350529.000000, 1561350529.000000, 1561350529.000000
32.000000, 32.000000, 32.000000
-35,-27,51
-32,-26,46
-35,-28,41
-31,-25,41
-26,-27,41
-35,-32,41
-38,-32,44
-44,-31,43
-40,-30,42
-39,-29,41
-43,-26,42
-46,-28,39
-47,-29,41
-42,-29,40
-39,-28,40
-43,-34,31
-45,-33,30
-46,-31,36
-44,-27,39
-42,-25,39
-40,-32,43
-44,-29,40
-52,-27,38
-66,-27,27
-67,-22,26
-67,-17,24
-64,-18,24
-66,-21,21
-69,-18,23
-70,-17,23
-64,-11,19
-62,0,17
-64,0,16
-56,2,14
-49,2,16
-57,5,10
-51,4,9
-49,7,9
-49,11,5
-50,15,5
-57,20,-10
-63,24,-14
-63,26,-18
-67,33,-28
-53,28,-14
-45,25,-9
-57,22,-11
-64,24,-15
-52,22,-13
-60,25,-20
-59,24,-15
-60,25,-21
-57,24,-19
-56,26,-22
-59,25,-30
-59,31,-31
-51,26,-29
-56,25,-31
-55,28,-29
-40,27,-31
-46,26,-34
-49,30,-39
-48,30,-34
-51,27,-35
-47,26,-33
-48,23,-32
-50,26,-38
-46,23,-33
-48,27,-36
-50,28,-34
-49,27,-35
-47,23,-35
-46,24,-41
-41,28,-40
-44,27,-41
-44,27,-43
-44,24,-38
-49,26,-40
-49,26,-37
-47,26,-30
-49,27,-31
-50,28,-30
-47,27,-31
-47,29,-35
-50,27,-33
-48,28,-31
-46,28,-23
-48,29,-21
-47,26,-27
-53,25,-44
-53,23,-32
-46,24,-27
-52,27,-33
-53,27,-36
-52,25,-36
-50,23,-34
-48,28,-30
-53,28,-36
-53,28,-35
-61,28,-36
-55,27,-38
-50,30,-36
-59,30,-38
-54,26,-36
-59,29,-33
-67,25,-33
-77,24,-36
-59,27,-15
-64,35,-10
-81,39,-14
-77,45,-18
-68,50,-21
-52,55,-23
-43,55,-21
-20,56,-13
-4,58,-11
-2,59,-10
2,53,-10
8,52,-9
12,52,-10
13,47,-3
15,46,-1
11,45,3
12,49,1
6,51,-4
0,52,-4
6,52,-2
-1,54,-1
-1,51,8
-7,55,7
-9,54,7
-10,61,2
-8,61,11
-7,63,15
-2,61,14
-4,62,10
-1,61,16
-4,60,15
-9,60,21
-5,58,26
-14,64,19
-9,61,19
-1,64,20
10,64,23
10,64,23
6,65,13
10,61,14
10,58,15
5,59,14
6,59,11
13,58,18
6,61,17
3,61,19
-1,60,21
0,60,22
-2,59,24
-2,58,23
-2,56,20
-2,58,20
3,57,21
0,57,20
-1,60,16
-1,58,16
-3,61,8
-3,59,4
-9,62,-3
2,62,-11
8,62,-8
5,56,-15
11,49,-16
16,49,-18
27,44,-22
39,39,-24
51,38,-20
56,39,-23
51,36,-27
60,32,-24
65,31,-24
61,31,-23
61,29,-19
59,29,-17
57,28,-17
59,27,-14
56,27,-13
54,28,-7
55,29,-5
55,28,-4
58,28,1
56,29,3
54,28,7
55,27,9
53,25,13
46,25,12
45,27,13
60,25,14
57,25,11
59,26,13
57,26,9
57,26,9
60,25,9
59,25,9
55,25,7
54,25,7
57,26,8
57,27,7
56,28,7
55,28,7
56,28,8
55,28,7
56,28,8
55,28,8
54,27,8
55,27,9
54,27,8
55,27,8
56,26,9
55,27,9
58,26,9
56,26,9
56,26,9
56,26,9
56,27,10
54,27,10
56,27,11
54,26,13
55,26,14
55,26,13
50,26,12
52,27,12
59,26,10
56,28,5
50,25,-3
63,22,5
48,23,4
48,25,6
59,21,10
60,20,11
52,23,8
62,22,9
66,21,9
63,21,7
61,20,6
61,19,6
61,18,6
60,18,6
60,18,6
60,17,7
59,18,5
59,19,6
60,19,6
60,19,6
59,20,7
58,20,6
60,20,7
60,20,7
58,20,6
58,20,7
59,20,7
58,20,7
59,20,8
58,21,8
58,21,8
59,21,8
59,21,9
57,21,9
57,21,9
58,21,10
58,21,9
57,22,10
57,22,9
59,22,10
58,21,9
57,22,9
58,22,9
58,22,9
58,23,8
58,23,8
57,24,8
58,24,9
57,24,8
55,25,8
57,25,9
58,25,9
59,25,9
66,26,9
68,27,9
64,27,7
56,29,5
63,30,5
52,32,0
52,34,1
53,36,0
48,39,-1
49,41,-1
45,44,-2
43,45,-2
40,48,-1
31,50,-2
31,53,-1
27,54,0
23,55,1
15,56,3
12,57,6
11,58,7
7,58,8
7,58,10
8,59,10
10,59,13
8,59,14
9,61,15
6,60,14
15,61,15
15,59,15
19,58,16
20,59,15
17,58,15
18,57,16
20,59,16
17,58,16
19,59,18
13,57,17
11,56,18
8,56,18
9,56,19
10,57,21
9,59,19
9,61,19
9,62,18
10,61,19
11,59,19
11,57,19
10,57,19
11,56,16
9,59,12
19,57,16
16,62,8
18,62,13
13,59,7
13,59,8
21,58,12
17,60,8
18,58,11
16,58,10
15,58,11
14,58,11
17,59,9
20,63,10
15,63,10
15,61,15
18,65,12
16,61,11
16,64,8
19,60,7
23,59,1
23,60,0
28,59,0
25,67,-4
23,64,-5
23,63,-6
22,58,-4
22,58,-6
20,59,-8
24,54,-3
26,59,1
20,57,1
17,61,0
12,61,4
12,62,5
12,64,10
11,62,9
13,60,14
9,57,8
14,59,4
8,52,9
3,54,4
12,58,4
8,58,6
10,61,10
11,64,9
14,66,13
9,64,10
7,60,16
7,65,3
-1,61,9
5,56,20
5,60,14
20,63,8
15,63,8
17,60,12
20,59,10
17,58,12
14,59,14
12,62,16
7,61,15
7,63,16
9,63,14
10,63,14
9,63,9
10,63,7
6,63,8
8,63,7
9,62,5
8,62,7
10,59,8
10,60,11
10,59,11
12,58,12
15,57,13
15,58,15
11,58,11
11,59,12
12,61,10
13,63,9
13,63,9
11,61,7
12,62,7
11,59,4
8,60,6
4,59,1
13,59,1
10,62,-9
15,54,-4
25,59,-16
28,52,-13
31,50,-14
28,46,-17
35,41,-15
46,37,-13
48,36,-13
51,35,-12
51,29,-12
61,31,-13
72,27,-7
70,30,-6
62,26,-7
64,23,2
64,21,3
53,18,2
47,19,2
55,16,7
58,16,6
60,15,8
53,19,3
64,21,-2
78,13,3
64,18,3
62,15,3
64,15,6
61,14,7
59,15,7
59,14,6
60,14,6
62,15,5
60,17,4
61,16,5
60,17,6
59,16,6
59,16,6
62,15,7
62,14,7
64,14,7
69,14,9
78,9,13
78,6,15
73,7,13
70,12,10
67,14,8
57,24,2
57,36,3
56,38,2
44,42,-3
41,49,-3
32,49,-7
26,50,-6
24,52,-5
14,52,-4
9,56,-5
9,59,-4
3,56,-6
-2,56,-5
-7,59,-2
-11,58,-4
-15,58,-9
-16,57,-22
-21,59,-28
-23,58,-27
-18,61,-18
-19,61,-14
-13,61,-6
-16,58,-7
-18,58,-12
-39,55,-24
-29,54,-12
-11,59,4
-10,60,-3
-14,59,-6
-14,61,-10
-14,62,-11
-17,61,-11
-16,59,-22
-12,61,-31
-11,58,-31
-17,67,-29
-10,53,-10
-11,55,-7
-13,54,-6
-10,59,-10
-8,60,-10
-11,54,-15
-9,64,-20
-11,74,-19
-12,61,-22
-7,60,-19
-8,67,-18
-10,61,-14
-5,62,-9
-3,60,-9
-9,62,-10
-10,60,-9
-8,51,-3
-2,53,2
5,52,5
3,47,2
1,48,1
-3,41,-9
-6,51,-13
-12,66,-16
-26,39,-13
-36,39,-12
-46,29,-14
-47,29,-13
-52,24,-10
-66,20,-17
-69,19,-17
-52,16,9
-56,11,17
-91,-9,-10
-86,-2,-4
-81,-5,1
-84,-13,10
-80,-8,17
-86,-4,9
-83,-1,7
-66,-3,17
-70,-10,7
-128,-6,6
-102,7,-22
-31,-18,27
-79,-9,-6
-72,-4,11
-52,-14,37
-67,-12,19
-62,-3,0
-69,-3,-9
-56,-13,15
-58,2,11
-68,1,1
-64,0,11
-62,-2,14
-67,0,15
-58,-5,22
-65,-1,12
-59,-2,12
-65,-4,14
-63,-1,16
-66,1,11
-62,0,10
-63,9,9
-61,3,8
-66,-1,-5
-63,-6,0
-60,-3,-2
-65,5,-1
-66,9,-1
-61,8,2
-61,8,-10
-61,2,-1
-66,0,5
-78,1,-9
-72,1,-10
-62,-2,-4
-55,-5,3
-61,2,-4
-65,2,-9
-57,-7,-21
-61,-11,-16
-72,-6,-15
-75,2,-16
-74,-1,-23
-76,-3,-25
-64,0,-19
-63,2,-17
-67,-1,-20
-64,0,-12
-61,0,-5
-71,0,-10
-78,1,-16
-81,0,-17
-80,4,-12
-81,6,-12
-82,11,-10
-79,14,-6
-79,15,-5
-73,18,-8
-69,22,-9
-63,29,-7
-53,36,-6
-46,40,-3
-40,49,-3
-31,50,-3
-24,52,-6
-16,59,-6
-13,57,-5
-4,61,-3
-1,60,-2
5,62,0
12,61,3
14,59,6
15,55,8
14,53,4
12,54,2
-3,51,-15
3,54,-15
2,52,-17
7,54,-7
6,46,-9
1,57,-6
5,39,-22
12,59,-5
-8,67,-9
-14,55,-12
-8,60,-6
-6,66,-11
1,65,-7
-6,65,-7
-6,63,-5
-5,62,-3
-6,60,2
-12,60,-1
-12,60,-3
-11,61,-4
-9,64,-2
-4,64,-2
-4,64,-5
-5,63,-6
-5,63,-5
-5,62,-8
-3,62,-2
-5,60,-2
-5,60,0
-7,62,-2
-8,62,-2
-9,60,1
-6,65,4
-4,67,2
-10,64,0
-10,60,-2
-8,61,-6
-7,61,-8
-6,61,-8
0,62,-6
2,61,-5
2,52,-12
5,74,-10
6,61,-9
2,65,-6
-2,61,-9
-5,61,-11
-5,61,-13
0,62,-13
6,65,-12
6,64,-11
0,65,-13
-1,62,-10
-2,62,-12
1,62,-7
-1,62,-5
0,63,-3
2,62,-2
2,63,0
-4,63,-3
-6,62,-5
-2,63,-6
0,64,-5
1,63,-4
-4,62,-6
-5,63,-5
-7,61,-6
-6,62,-8
-5,63,-6
-5,63,-6
-4,63,-6
-6,62,-8
-6,61,-8
-4,61,-8
-2,60,-8
-2,59,-8
-1,59,-10
1,59,-14
4,59,-16
7,60,-20
14,60,-19
15,60,-20
21,59,-21
19,59,-23
18,56,-24
22,53,-21
16,53,-24
12,50,-24
15,50,-23
22,47,-17
27,43,-10
26,43,-13
49,42,-10
54,39,-9
60,37,-9
53,33,-7
53,30,-9
58,27,-9
63,28,-11
64,27,-11
53,22,-15
51,22,-12
61,21,-6
61,18,-7
62,18,-6
66,16,-4
66,14,-6
72,13,-9
69,15,-12
67,14,-10
67,13,-3
67,14,-1
75,15,4
78,14,1
74,16,-4
71,20,-6
64,26,-9
59,29,-11
58,39,-14
55,42,-17
45,45,-18
45,47,-16
36,45,-15
17,43,-13
19,47,-9
16,49,-2
8,48,5
9,49,12
9,52,23
4,51,29
1,54,20
-1,54,20
-5,54,23
-4,62,8
16,57,19
3,61,11
7,63,10
5,62,12
-4,62,5
4,60,5
5,60,4
2,65,-1
1,66,0
4,66,2
-6,68,-3
-1,70,-2
-4,66,-2
1,65,1
2,63,3
5,60,5
11,62,0
9,59,2
12,61,-3
9,62,-6
15,61,-13
11,61,-12
23,62,-12
16,61,-14
22,58,-11
15,52,-3
15,53,-8
15,53,-5
13,51,4
15,55,4
8,61,5
13,64,3
5,64,12
5,69,13
-4,69,20
1,72,15
-5,72,14
3,72,2
2,68,0
4,67,-4
7,60,-2
12,62,-8
10,54,-6
10,55,-9
12,56,-9
14,55,-4
15,55,-4
15,59,-6
15,57,4
13,63,6
10,66,7
8,70,11
5,71,12
6,76,10
4,74,10
2,70,8
3,63,5
8,66,-3
2,62,-1
3,59,1
5,59,-7
11,60,-11
10,60,-9
4,60,-7
3,60,-8
2,61,-9
3,62,-5
4,63,-3
1,62,-2
2,61,0
2,59,2
5,58,2
8,59,3
4,59,-3
-3,60,-8
-2,62,-6
4,66,-3
3,65,-6
-6,69,-10
-11,67,-14
-8,75,-14
-15,66,-24
-13,68,-26
-12,71,-28
-8,64,-20
-3,64,-18
-4,63,-19
-4,59,-20
-5,61,-17
-8,59,-12
-7,60,-7
-12,55,-3
-10,54,-2
-14,49,0
-27,54,-7
-29,51,-9
-21,58,-11
-24,59,-13
-25,63,-13
-11,62,-13
-14,63,-13
-15,61,-8
-13,60,-9
-11,58,-5
-15,60,-13
-17,62,-16
-7,63,-14
-8,64,-14
-7,63,-13
-11,62,-11
-9,62,-10
-11,61,-10
-10,60,-9
-11,60,-10
-13,59,-12
-10,63,-16
-10,63,-18
-12,66,-20
-8,66,-18
-13,65,-17
-5,62,-13
-6,65,-13
-8,60,-14
-5,64,-13
-7,62,-14
-6,63,-14
-3,66,-14
1,61,-10
1,62,-11
-3,61,-12
-3,64,-12
-4,62,-13
-1,60,-12
3,59,-10
3,59,-10
3,57,-10
2,56,-12
-1,60,-14
-9,62,-13
-13,64,-14
-15,64,-11
-13,63,-5
-13,63,-3
-18,60,-8
-17,60,-10
-17,61,-12
-17,60,-13
-15,61,-13
-12,61,-11
-16,61,-11
-16,60,-10
-16,60,-11
-17,61,-13
-19,61,-16
-16,61,-16
-12,61,-14
-12,59,-13
-16,60,-17
-12,59,-15
-14,58,-16
-14,58,-17
-13,59,-17
-10,58,-13
-12,58,-13
-13,57,-13
-8,56,-11
-2,58,-7
3,60,-5
2,63,-6
2,61,-5
3,57,5
-17,47,6
-20,46,2
-22,45,-8
-30,42,-13
-50,36,-18
-57,35,-24
-66,29,-23
-67,30,-20
-68,31,-19
-76,34,-24
-78,36,-24
-73,37,-20
-68,38,-18
-67,40,-18
-63,40,-16
-60,41,-18
-57,41,-16
-53,43,-17
-47,45,-18
-45,46,-17
-38,48,-19
-34,48,-20
-26,53,-23
-22,51,-27
-16,53,-27
-8,51,-27
-7,49,-29
-6,47,-31
1,44,-32
10,44,-31
17,46,-30
24,45,-28
31,42,-25
39,41,-25
45,37,-23
50,34,-20
63,31,-12
62,34,-10
58,28,-6
58,28,-4
55,27,-1
53,29,-2
53,29,-2
52,29,-2
53,30,-3
52,29,-4
56,28,-4
59,26,-3
56,24,-8
54,25,-13
68,21,-11
70,17,-12
67,16,-11
58,15,-10
57,19,-9
57,18,-9
59,17,-6
61,19,-5
59,19,-7
59,20,-5
61,19,-3
60,19,-1
58,18,-2
56,18,-1
57,18,1
58,18,1
59,20,1
58,20,0
58,21,0
60,21,-1
61,21,-2
61,19,-1
60,18,-1
59,18,-1
59,18,-1
60,18,-1
60,18,-1
60,18,-1
60,18,-1
60,18,-1
59,18,-1
60,17,-1
59,18,-1
60,18,-1
59,18,-2
59,18,-2
60,18,-1
60,18,-1
60,18,-1
60,18,-1
59,17,-2
60,17,-2
60,18,-2
59,17,-2
60,17,-2
60,17,-2
60,17,-2
61,18,-2
60,18,-2
62,18,-1
62,18,-2
63,19,-2
64,20,-2
63,21,-3
62,21,-3
59,23,-4
59,23,-4
55,24,-6
53,24,-7
52,24,-6
53,24,-7
54,25,-6
48,28,-7
47,29,-6
48,31,-5
50,31,-7
52,31,-7
53,30,-8
54,30,-9
56,29,-10
56,28,-12
54,28,-15
60,27,-14
61,24,-12
58,24,-10
52,24,-9
52,23,-7
53,24,-6
53,26,-6
54,28,-6
54,28,-6
55,29,-6
56,26,-5
60,27,-2
62,26,-2
58,28,-2
57,29,0
58,28,2
56,27,2
56,27,3
55,26,2
57,25,3
57,25,3
56,26,2
55,25,2
56,26,2
57,25,2
58,25,2
61,25,2
64,25,3
67,25,5
73,24,7
67,25,5
67,29,-1
63,30,-5
57,36,-9
46,38,-14
41,41,-16
38,44,-17
32,44,-18
25,48,-19
19,49,-17
20,52,-17
16,52,-14
9,55,-16
12,56,-14
9,54,-10
3,53,-11
-1,55,-11
1,54,-11
-1,55,-11
-7,53,-12
-9,51,-11
-16,48,-9
-24,45,-5
-31,43,-3
-42,42,-1
-44,42,1
-52,43,5
-52,43,5
-54,45,5
-61,46,6
-62,44,6
-60,45,6
-63,43,6
-67,42,5
-64,39,4
-63,40,2
-62,39,0
-58,40,-1
-59,39,-2
-56,39,-1
-51,40,-1
-50,41,-1
-49,40,-2
-49,42,-3
-48,40,-2
-48,41,-2
-48,42,-3
-48,42,-4
-46,42,-3
-50,43,-5
-48,43,-3
-49,42,-4
-50,43,-6
-46,41,-6
-44,41,-3
-44,40,-4
-46,41,-7
-43,40,-5
-43,42,-4
-45,43,-5
-49,42,-1
-53,44,-3
-55,43,-2
-53,42,-2
-52,42,-1
-52,42,-4
-52,41,-4
-51,42,-3
-50,44,-7
-50,44,-5
-48,42,-3
-46,41,-2
-51,39,-3
-52,43,-5
-52,42,-7
-46,44,-4
-51,43,-5
-49,42,-2
-50,42,-1
-49,41,0
-47,42,0
-50,42,-1
-48,43,0
-47,43,2
-48,43,1
-51,43,0
-48,42,-2
-47,43,-3
-49,42,-6
-50,42,-8
-48,43,-7
-48,43,-4
-50,42,-4
-47,45,-2
-48,42,-1
-49,43,-1
-49,42,-1
-48,41,-1
-53,43,-3
-51,42,-3
-48,43,-1
-52,43,-6
-49,43,-3
-47,40,-3
-49,40,-5
-49,40,-6
-49,40,-2
-50,41,-1
-49,42,1
-52,42,0
-50,39,0
-48,43,-5
-51,43,-7
-47,41,-7
-47,43,-8
-46,43,-6
-53,43,-6
-49,42,-4
-48,41,-3
-47,42,-4
-50,43,-5
-49,44,-4
-46,47,1
-47,48,0
-45,48,-1
-44,47,-4
-42,44,-9
-43,43,-13
-42,41,-11
-45,42,-11
-48,40,-13
-34,41,-4
-47,38,-12
-44,41,-11
-48,44,-11
-57,43,-13
-57,45,-4
-48,46,3
-50,48,0
-46,46,3
-52,45,-4
-39,45,2
-49,44,-6
-49,46,-8
-43,45,-5
-44,49,-8
-41,48,-3
-42,48,3
-39,48,8
-37,47,13
-34,48,17
-42,50,13
-30,49,20
-29,48,21
-46,48,13
-31,46,18
-36,46,15
-33,43,19
-32,44,18
-41,43,9
-43,46,7
-46,45,7
-45,40,15
-53,23,26
-54,15,33
-38,26,27
-31,29,26
-43,22,21
-44,29,21
-66,29,19
-61,32,25
-56,-1,27
-81,7,18
-50,2,31
-62,-5,24
-56,2,10
-51,-5,9
-51,-15,15
-55,-20,14
-57,-21,18
-62,-22,17
-62,-24,12
-64,-26,6
-67,-34,3
-70,-34,-11
-79,-30,-19
-89,-27,-14
-60,-31,15
-58,-35,19
-72,-40,10
-34,-43,27
-63,-32,4
-55,-37,6
-50,-29,15
-59,-30,14
-63,-32,30
-52,-33,18
-48,-34,19
-52,-35,18
-52,-31,19
-56,-29,19
-56,-28,23
-60,-31,24
-51,-29,23
-56,-30,24
-50,-29,28
-55,-27,28
-50,-29,31
-45,-26,30
-45,-25,29
-51,-24,33
-52,-27,27
-50,-26,25
-48,-26,37
-50,-21,28
-48,-21,34
-45,-23,37
-47,-19,31
-43,-21,35
-46,-22,36
-44,-22,39
-56,-30,37
-61,-31,29
-39,-33,33
-45,-27,24
-46,-31,23
-46,-37,26
-53,-38,23
-40,-37,36
-52,-27,34
-25,-22,34
-46,-33,11
-51,-39,9
-52,-41,6
-49,-40,5
-63,-65,7
-61,-26,-11
-63,-29,0
-58,-24,0
-45,-41,14
-52,-42,6
-20,-38,9
-26,-47,16
-18,-49,9
-24,-59,8
-32,-65,6
-40,-61,0
-45,-58,-2
-47,-60,0
-40,-53,-4
-53,-56,-12
-32,-55,-7
-43,-53,-8
-29,-57,-3
-29,-57,1
-36,-58,-7
-37,-58,-4
-34,-61,-2
-27,-56,4
-54,-58,-13
-26,-69,37
-47,-55,-6
-36,-52,-18
-31,-48,-23
-24,-65,17
-42,-55,7
-36,-57,1
-29,-57,-5
-33,-57,2
-35,-55,1
-29,-53,11
-40,-61,-14
-24,-60,0
-32,-58,0
-38,-60,1
-44,-35,-2
-34,-54,-1
-37,-50,-1
-36,-54,-1
-35,-53,-3
-37,-54,2
-37,-53,3
-54,-56,-1
-64,-33,-29
-53,-37,-15
-48,-55,6
-37,-128,34
15,-22,10
-27,-74,-14
-50,-58,-21
-30,-49,6
-73,-43,-13
-41,-48,2
-47,-53,14
-33,-51,16
-23,-54,19
-31,-48,22
-15,-47,36
-20,-51,26
-24,-57,24
-25,-56,17
-57,-54,8
-51,-52,13
-33,-48,-3
-38,-50,-5
-38,-52,-20
-42,-47,-15
-35,-52,-9
-26,-47,-7
-20,-57,16
-41,-55,21
-8,-61,25
-16,-74,26
-53,-46,-12
-60,-45,-7
-43,-53,-1
-30,-54,11
-21,-56,16
-15,-59,17
-12,-60,28
-39,-56,-1
-45,-53,8
-43,-55,17
-9,-59,25
-22,-58,8
-31,-35,-11
-32,-91,-1
-27,-63,4
-46,-56,10
-7,-56,29
-11,-56,31
-24,-60,9
-47,-63,2
-25,-53,20
-2,-52,28
-22,-56,8
-22,-57,8
-27,-57,3
-26,-59,14
-13,-54,32
-22,-55,23
-32,-55,12
-26,-56,15
-15,-53,16
-27,-62,11
-32,-67,5
-31,-56,-6
-30,-60,15
-35,-64,19
13,-61,16
-77,-85,-23
-56,-61,6
-50,-62,27
-46,-64,27
-46,-42,13
-50,-51,9
-69,-57,2
-85,-61,-6
-60,-70,5
-52,-56,22
-63,-49,15
-37,0,-10
-128,9,0
-58,-6,14
-35,16,34
-68,12,29
-53,13,41
-33,23,45
-19,13,43
-35,51,17
-16,55,12
-7,61,11
7,74,7
10,76,2
14,79,-4
21,73,0
22,70,5
6,58,-9
-10,51,-13
-20,36,-3
-3,40,1
-3,41,-4
5,47,-16
-5,46,-24
-1,49,-28
5,50,-26
8,49,-29
5,53,-19
0,52,-17
0,55,-16
12,56,9
9,56,1
-12,63,-14
-11,54,-11
-19,35,-24
-13,91,-13
3,83,-29
-6,69,-6
-34,52,-4
-7,69,-2
-18,62,-11
-15,59,-9
-15,54,3
-16,58,3
-19,54,5
-20,58,9
-18,61,13
-4,63,25
-18,64,11
-17,65,9
-10,64,8
-15,64,0
-16,62,-1
-8,61,3
-7,59,4
-7,58,5
-12,58,3
-9,59,0
-14,58,1
-10,58,2
-15,59,1
-21,58,3
-30,62,0
-34,62,1
-23,61,3
-19,67,3
-10,64,2
-5,68,1
-2,66,-1
-2,64,1
1,63,4
0,61,5
-1,61,6
-1,61,6
-6,61,8
-9,61,9
-10,61,13
-5,61,20
0,63,23
0,61,26
0,59,27
-3,60,17
-1,59,20
-1,55,18
-1,59,17
-4,58,14
-2,59,11
1,60,8
-3,59,6
-6,55,4
-8,56,2
-8,51,1
-11,47,-7
-15,44,-12
-17,43,-19
-18,46,-23
-26,45,-30
-27,47,-30
-32,44,-32
-47,41,-37
-47,41,-36
-45,41,-32
-54,41,-34
-56,43,-34
-53,48,-36
-54,46,-33
-58,44,-29
-55,41,-23
-54,41,-21
-54,40,-20
-56,39,-21
-54,38,-20
-53,38,-20
-53,38,-19
-52,37,-17
-53,36,-18
-52,38,-19
-55,36,-21
-54,37,-21
-53,38,-21
-54,37,-21
-54,38,-22
-53,39,-21
-53,39,-22
-53,39,-22
-51,41,-22
-51,41,-23
-51,44,-24
-50,45,-25
-48,47,-24
-44,49,-22
-42,50,-22
-39,54,-21
-36,57,-20
-35,58,-19
-31,62,-13
-29,63,-12
-24,65,-9
-17,67,-3
-13,64,0
-4,67,6
-2,64,7
5,58,11
10,57,10
12,54,9
10,53,5
11,51,6
14,53,6
14,54,5
11,53,3
12,56,2
11,56,2
11,56,10
7,57,6
10,58,6
9,56,5
15,57,5
19,53,6
14,57,3
10,62,4
9,63,2
11,59,1
15,64,0
10,65,-9
10,66,-8
8,67,-8
9,69,-2
7,68,-3
6,62,-2
6,61,-2
6,55,-3
9,56,-3
9,57,-6
10,61,-8
8,64,-6
8,65,-6
8,67,-4
9,67,-1
8,64,-1
8,62,0
9,62,0
8,62,0
7,62,-2
5,61,-1
9,62,-1
6,62,-1
6,62,-2
8,62,0
8,63,-5
9,61,-2
9,63,1
7,62,1
4,61,0
6,62,1
9,64,-1
9,63,0
7,63,1
7,62,-1
6,63,-3
8,62,-3
8,62,-1
9,63,0
8,62,-1
8,62,-1
9,63,-4
8,63,-3
7,63,-1
7,62,1
7,61,1
8,62,-1
7,62,-3
5,63,-6
7,63,-4
7,63,-4
7,62,-3
6,62,-3
6,62,-3
8,60,0
8,60,0
11,59,6
9,58,8
2,54,5
5,57,-1
6,59,-4
9,62,-6
7,65,-13
5,67,-16
5,65,-23
1,64,-26
9,62,-26
21,54,-22
25,52,-20
28,45,-17
31,41,-14
44,34,-7
51,28,-6
53,26,-8
70,21,-3
72,18,-2
60,16,-8
64,15,-3
61,13,-3
70,15,5
65,14,8
62,14,7
65,18,8
66,19,5
62,19,2
62,20,6
60,19,5
59,17,6
61,17,6
63,14,8
56,14,6
57,15,6
62,14,8
62,14,8
62,12,6
64,13,5
62,13,4
60,15,2
60,14,2
58,14,4
57,14,6
56,14,7
57,14,9
59,14,9
60,14,8
64,15,7
65,14,8
63,14,7
60,13,6
59,14,5
62,14,7
62,14,6
60,14,6
61,14,7
61,14,8
58,13,8
58,14,9
59,14,9
58,13,9
58,14,8
59,13,9
60,14,10
60,14,10
60,13,8
62,13,9
62,13,9
60,13,8
60,13,9
61,13,10
60,13,10
59,13,9
60,14,10
60,13,10
61,13,10
61,13,10
62,13,11
63,12,13
63,12,13
67,12,15
66,13,12
63,14,10
57,18,6
58,20,5
55,24,4
54,26,4
53,27,2
51,29,0
51,29,-1
49,30,-3
50,30,-4
51,31,-4
50,31,-6
50,30,-6
53,30,-6
54,30,-7
55,30,-8
55,29,-9
55,29,-9
56,28,-8
60,27,-7
58,26,-8
56,25,-7
57,24,-6
58,22,-5
60,21,-3
59,21,-3
59,20,-2
59,21,-1
60,21,-1
59,21,-1
59,21,-1
58,22,-2
58,23,-2
58,23,-2
57,23,-3
57,23,-3
58,23,-2
58,22,-2
59,21,-2
60,20,-2
60,19,-2
62,17,-2
63,16,-3
61,15,-4
61,17,-6
61,18,-7
61,21,-11
60,22,-12
58,25,-14
54,24,-17
53,28,-19
48,25,-20
43,25,-19
41,26,-18
41,33,-17
38,33,-26
32,36,-28
16,45,-18
14,48,-16
20,42,-18
0,31,-37
-8,30,-42
-13,28,-42
-5,25,-44
5,40,-49
-8,56,-54
-4,55,-49
9,32,-55
11,31,-69
18,21,-79
7,1,-69
4,-5,-66
-7,-22,-65
-16,-22,-68
-11,-22,-66
4,-28,-65
11,-19,-63
19,-14,-55
10,-26,-42
21,-37,-37
13,-33,-42
12,-38,-39
21,-50,-41
22,-43,-64
23,-42,-69
25,-41,-71
26,-41,-63
15,-39,-62
9,-39,-53
5,-36,-49
17,-38,-38
19,-41,-40
18,-44,-41
12,-41,-48
11,-36,-51
21,-44,-47
14,-43,-41
10,-46,-40
26,-46,-43
37,-46,-55
21,-43,-69
20,-48,-42
12,-45,-19
-2,-40,-37
18,-41,-48
24,-46,-50
12,-40,-40
12,-41,-39
20,-40,-45
20,-40,-45
17,-40,-43
18,-42,-43
15,-42,-45
15,-40,-47
13,-39,-48
16,-39,-47
13,-40,-50
21,-41,-44
8,-37,-52
15,-38,-49
13,-42,-48
13,-39,-44
11,-40,-47
16,-37,-46
10,-38,-47
10,-42,-44
7,-35,-46
5,-41,-46
7,-39,-49
3,-38,-49
11,-39,-49
4,-39,-49
15,-34,-54
20,-38,-51
10,-42,-50
17,-40,-43
9,-40,-47
8,-40,-47
8,-40,-48
10,-38,-50
7,-39,-49
10,-41,-51
12,-40,-51
15,-37,-51
14,-39,-45
12,-38,-46
10,-38,-47
12,-40,-48
8,-40,-48
9,-35,-47
7,-38,-47
8,-39,-46
14,-36,-47
18,-36,-47
17,-40,-43
7,-36,-49
22,-34,-42
9,-42,-55
14,-37,-48
14,-41,-46
13,-43,-41
9,-40,-43
9,-35,-50
14,-39,-48
2,-43,-50
20,-42,-41
19,-41,-40
7,-38,-49
11,-40,-48
8,-42,-51
9,-43,-48
11,-46,-45
12,-41,-45
13,-41,-46
10,-45,-47
14,-42,-44
13,-45,-41
12,-41,-41
18,-44,-39
8,-44,-52
12,-46,-48
14,-45,-50
13,-45,-46
10,-46,-50
12,-44,-51
16,-47,-47
13,-45,-49
15,-46,-46
8,-44,-50
6,-42,-51
4,-44,-54
-1,-41,-58
1,-40,-57
-7,-38,-65
-9,-40,-65
-4,-38,-71
-1,-34,-73
3,-35,-68
-3,-28,-71
-1,-28,-64
-4,-26,-60
-21,-21,-66
-25,-19,-67
-36,-9,-65
-44,-5,-61
-58,-1,-51
-67,2,-50
-66,2,-51
-52,8,-41
-42,16,-32
-31,25,-17
-13,42,-1
-6,46,0
10,48,-2
17,53,-7
30,62,-6
39,53,-11
38,55,-19
32,48,-24
25,43,-27
25,43,-26
10,38,-34
7,38,-39
14,40,-36
19,40,-35
14,49,-34
12,45,-33
12,45,-33
15,51,-29
12,52,-30
8,46,-33
12,57,-29
12,57,-31
17,59,-27
20,55,-23
14,53,-22
16,55,-19
24,56,-15
17,56,-14
18,56,-7
18,57,-4
15,57,-1
19,58,1
21,57,0
18,58,-5
15,59,-6
14,63,-4
10,63,-3
12,63,-4
16,63,-3
14,62,-4
11,62,-8
13,60,-6
12,59,-9
16,62,-8
14,61,-9
17,60,-6
21,60,-4
20,59,-4
22,59,-5
20,59,-6
16,59,-9
10,60,-10
9,61,-11
11,62,-10
11,62,-8
11,62,-7
10,62,-6
9,61,-6
8,61,-6
6,62,-9
5,60,-11
4,62,-15
3,61,-17
6,62,-15
7,61,-14
9,61,-12
12,62,-9
10,63,-10
11,62,-9
11,61,-9
12,61,-8
11,61,-6
11,60,-6
11,60,-5
12,60,-6
11,60,-6
9,60,-7
10,61,-7
10,61,-8
7,60,-10
7,59,-12
5,59,-14
5,58,-17
4,58,-19
3,58,-22
3,58,-23
3,56,-26
3,57,-30
3,56,-31
5,57,-32
5,56,-33
6,54,-34
8,54,-35
9,53,-35
12,52,-34
12,51,-33
12,48,-34
12,44,-34
13,43,-35
13,41,-40
20,41,-44
30,41,-41
53,38,-29
52,34,-23
55,33,-18
55,24,-15
64,19,-11
64,13,-8
65,12,-8
64,11,-7
57,10,-9
59,11,-10
69,12,-9
68,13,-10
67,17,-11
65,17,-7
60,18,-9
55,23,-13
57,29,-15
57,26,-16
55,25,-14
54,24,-11
49,22,-7
54,21,-2
51,21,-3
54,21,1
56,21,3
56,21,6
58,24,6
60,24,6
59,25,4
59,24,4
60,24,3
60,22,2
59,20,1
58,19,-2
57,19,-6
64,16,-3
62,16,-3
59,16,-5
62,15,-2
64,14,2
61,14,2
59,14,4
60,15,5
62,17,6
60,17,6
59,18,6
59,17,7
59,17,7
57,17,7
60,16,8
61,16,8
60,16,7
59,15,7
60,15,7
59,15,7
59,16,6
60,16,6
61,17,6
61,16,5
60,16,5
61,15,5
61,15,5
60,15,5
60,15,6
60,15,5
60,15,5
64,15,7
71,13,11
71,13,12
69,13,13
68,14,12
64,17,7
61,21,3
57,24,0
50,28,-5
46,31,-6
40,34,-10
35,35,-14
33,36,-15
36,41,-16
33,40,-19
27,42,-21
27,44,-23
26,45,-25
30,47,-31
32,50,-41
29,49,-42
39,48,-35
42,47,-33
40,42,-33
40,39,-31
42,38,-29
45,35,-25
46,35,-23
44,35,-21
44,35,-20
45,36,-20
45,38,-20
44,39,-20
44,42,-20
43,42,-21
42,43,-22
42,44,-22
41,44,-22
41,45,-23
39,45,-24
37,46,-25
38,46,-24
35,47,-25
35,47,-25
35,48,-24
34,48,-24
34,50,-23
33,50,-22
33,51,-21
29,51,-18
29,51,-16
27,51,-13
24,52,-12
24,54,-9
23,55,-4
23,55,-2
27,51,5
22,55,8
18,53,6
20,58,3
19,60,1
23,61,-1
21,62,-3
21,61,-4
26,59,-2
22,58,-4
23,57,-3
24,56,-3
24,56,-3
27,56,-4
26,57,-5
25,57,-6
26,58,-5
26,58,-5
25,56,-6
26,55,-5
26,54,-4
26,52,-4
27,51,-4
27,50,-4
23,51,-8
21,50,-10
24,51,-13
30,51,-15
28,50,-18
31,54,-25
33,55,-27
33,55,-32
35,55,-34
34,53,-32
36,48,-26
41,46,-23
44,41,-25
39,39,-28
39,36,-27
41,36,-25
41,36,-24
40,36,-24
42,37,-24
43,37,-24
43,37,-25
42,37,-25
42,36,-25
42,34,-25
43,33,-25
46,30,-22
45,27,-22
45,26,-23
49,26,-22
49,24,-22
47,22,-24
49,19,-21
50,16,-19
48,10,-17
46,7,-17
44,2,-20
58,4,-26
63,5,-24
65,2,-25
67,3,-25
67,3,-30
78,8,-30
78,8,-29
78,8,-25
73,12,-25
70,15,-25
54,19,-20
50,24,-17
43,30,-10
36,35,-6
32,39,-5
27,49,-2
23,64,3
13,111,-3
16,71,-14
22,41,-11
18,1,19
17,-9,35
34,27,56
29,54,53
25,59,50
23,48,45
19,38,43
14,27,45
18,35,53
17,40,54
16,43,57
6,39,58
2,35,59
-2,33,57
0,34,56
5,36,55
8,35,53
9,36,51
8,37,49
10,38,49
11,39,49
13,38,50
12,37,50
12,37,49
12,36,49
10,36,50
12,36,51
12,36,51
13,34,51
13,35,51
13,35,52
14,34,50
16,31,49
9,21,48
2,26,52
-1,32,57
-5,33,55
-8,37,58
7,40,63
7,40,48
7,39,46
13,36,53
11,35,54
8,34,53
9,33,55
7,32,54
10,31,55
12,31,55
16,31,57
13,30,57
7,30,56
-11,30,54
-9,32,56
-11,29,57
-28,39,46
-19,42,46
-11,41,45
-9,38,52
-13,38,51
-19,34,53
-20,36,51
-13,41,51
-18,44,43
-4,44,46
-2,39,34
-4,40,34
4,33,39
1,34,48
10,32,79
2,30,86
-21,6,52
-8,7,60
-22,-9,43
-33,4,37
-41,26,49
-23,38,62
-16,36,75
-5,22,69
7,9,67
-4,20,52
-13,41,54
-14,43,61
-31,46,43
-34,39,35
-26,42,25
-31,36,21
-34,36,23
-19,29,41
-17,27,47
-40,20,48
-65,15,42
-68,13,43
-36,12,64
-17,8,67
-11,8,59
-2,15,67
-5,17,63
-101,14,46
-91,-17,12
-69,-6,37
-21,7,65
-32,7,53
-45,1,44
-47,-6,42
-45,-8,42
-42,-5,49
-40,-5,42
-40,-9,48
-36,-16,48
-33,-21,52
-40,-28,50
-40,-31,53
-30,-49,48
-30,-33,42
-42,-36,42
-34,-53,25
-41,-56,17
-38,-49,16
-33,-48,11
-31,-52,10
-27,-46,6
-27,-53,-2
-16,-53,3
-26,-51,-2
-27,-56,-4
-18,-60,-9
-12,-74,-25
-9,-85,-16
-12,-80,-20
-11,-84,-20
-12,-90,-24
-12,-77,-34
-7,-74,-32
-4,-65,-20
0,-63,-13
-3,-54,-30
-8,-47,-33
-13,-49,-27
-13,-52,-21
-6,-51,-25
-1,-52,-26
10,-56,-21
0,-55,-21
-1,-54,-17
-2,-56,-4
-4,-55,-4
-9,-49,-8
-6,-50,-7
-4,-53,-12
-12,-59,-20
-9,-65,-18
-11,-69,-19
-10,-66,-20
-11,-73,-20
-13,-84,-13
-6,-70,-7
4,-46,-11
6,-41,-16
12,-50,-19
8,-61,-9
3,-65,-6
6,-63,-6
10,-59,-3
11,-56,2
13,-57,6
12,-57,9
-1,-57,4
3,-53,10
3,-53,12
1,-53,18
0,-57,20
-4,-64,19
-9,-79,18
-10,-87,21
-11,-91,25
-10,-84,23
-10,-64,13
-10,-65,9
-11,-64,12
-16,-61,16
-18,-63,17
-17,-61,17
-13,-58,15
-14,-58,16
-15,-61,19
-15,-60,20
-16,-59,23
-15,-61,27
-15,-58,28
-15,-52,29
-18,-70,29
-16,-67,31
-17,-41,34
-19,-35,38
-19,-40,35
-14,-50,31
-15,-46,32
-19,-46,31
-20,-47,30
-23,-41,30
-21,-39,34
-20,-38,34
-26,-41,30
-28,-42,29
-27,-46,29
-31,-49,29
-30,-50,27
-29,-52,26
-28,-57,25
-28,-57,25
-28,-58,27
-27,-57,25
-26,-55,23
-24,-53,26
-25,-53,26
-28,-59,35
-30,-62,37
-33,-54,23
-33,-51,9
-30,-56,10
-35,-59,8
-19,-64,28
6,-61,38
-56,-55,-27
-75,-64,-22
-40,-58,17
-56,-52,12
-70,-42,6
-62,-36,7
-62,-33,9
-60,-21,7
-59,-14,2
-58,-12,2
-51,-8,3
-56,-7,2
-55,-7,5
-59,-9,5
-59,-9,6
-62,-11,7
-66,-13,5
-66,-12,10
-62,-15,15
-59,-16,10
-66,-9,0
-64,-7,0
-61,-7,0
-62,-4,-5
-61,-4,-5
-66,-3,-3
-67,-6,-3
-63,-6,0
-67,-8,4
-67,-8,3
-65,-7,2
-66,-9,2
-64,-9,2
-63,-7,-3
-63,-6,-5
-65,-6,-5
-66,-8,-1
-66,-8,-3
-67,-6,-3
-66,-7,2
-66,-10,0
-66,-6,1
-67,-6,-2
-64,-6,0
-61,-7,2
-64,-5,-1
-65,-5,-6
-65,-5,-6
-62,-3,-13
-64,-3,-15
-64,-3,-15
-63,-3,-12
-65,-3,-8
-67,-6,-6
-64,-4,-6
-67,-5,-8
-64,-6,-6
-63,-7,-7
-62,-6,-7
-68,-5,-6
-66,-6,-5
-63,-7,-8
-65,-5,-11
-67,-6,-5
-66,-7,-2
-66,-6,-4
-64,-6,-7
-64,-6,-6
-66,-6,-8
-65,-6,-7
-66,-5,-8
-68,-4,-14
-70,-4,-8
-64,-3,-1
-62,-4,0
-60,-1,4
-60,-4,7
-65,-4,6
-66,-3,4
-68,-2,0
-69,-3,0
-64,-4,2
-67,-3,-1
-65,-3,4
-64,-3,6
-63,-3,7
-61,-6,10
-68,-8,7
-67,-6,7
-61,-4,3
-65,-6,3
-66,-4,0
-65,-4,0
-64,-4,4
-66,-5,2
-66,-5,3
-66,-6,3
-66,-5,-1
-68,-5,0
-65,-3,4
-63,-4,8
-66,-5,7
-65,-2,5
-66,-3,6
-65,-3,7
-63,-1,8
-63,-1,9
-61,-1,10
-63,-2,9
-69,-4,6
-64,-5,11
-65,-5,10
-65,-4,9
-63,-3,10
-62,-3,11
-64,-3,12
-65,-2,8
-64,0,7
-65,-1,12
-65,0,6
-62,-1,8
-64,-2,8
-65,-1,3
-66,-2,3
-67,-2,0
-67,-2,1
-65,-1,2
-66,-2,3
-64,0,0
-63,-1,0
-67,-1,-2
-65,0,-1
-64,-1,1
-66,-1,-1
-66,-1,-1
-65,-1,0
-65,-2,0
-66,-2,0
-66,-2,-1
-65,-1,-2
-65,1,3
-66,-3,-2
-68,-1,-1
-64,-5,2
-68,-4,0
-66,-1,0
-68,-4,6
-65,-2,-1
-63,0,-8
-62,-1,-4
-66,-1,-2
-65,-2,-1
-65,-1,-2
-66,-1,-1
-66,-1,-1
-66,-1,-3
-65,-1,-2
-65,-1,-1
-65,-1,-1
-66,-1,-2
-65,-1,-2
-66,-1,-3
-66,0,-3
-65,0,-2
-65,0,-2
-65,0,-2
-65,0,-3
-65,0,-3
-66,0,-3
-65,0,-2
-65,0,-2
-65,1,-4
-65,1,-4
-65,1,-2
-65,1,-3
-66,1,-4
-66,3,-6
-63,1,-3
-65,0,-4
-66,1,-6
-65,0,-5
-66,-1,-4
-64,1,-5
-66,1,-6
-62,3,-6
-63,1,-6
-66,3,-9
-64,1,-7
-66,2,-9
-65,2,-8
-66,1,-9
-66,0,-10
-63,-1,-9
-66,-4,-7
-66,-3,-8
-66,-2,-9
-68,1,-11
-62,0,-7
-63,0,-10
-62,3,-14
-65,1,-12
-62,3,-8
-66,1,-11
-65,2,-12
-64,2,-11
-64,1,-11
-64,1,-12
-65,2,-13
-65,1,-13
-64,2,-13
-64,2,-11
-64,1,-12
-64,2,-11
-64,2,-11
-63,1,-10
-61,0,-9
-60,0,-10
-63,-1,-16
-63,-1,-18
-63,0,-23
-62,0,-25
-62,0,-26
-62,0,-27
-62,0,-27
-62,-1,-24
-61,0,-25
-60,1,-24
-62,-1,-23
-64,0,-26
-64,0,-25
-62,0,-22
-62,-1,-21
-62,0,-23
-61,-1,-15
-61,-3,-13
-63,-1,-17
-64,1,-20
-63,0,-16
-60,-5,-3
-65,-5,-7
-64,-2,-10
-64,-2,-14
-65,-1,-17
-64,0,-17
-62,0,-15
-63,0,-16
-64,1,-17
-64,0,-16
-64,0,-16
-65,0,-17
-63,0,-17
-63,0,-17
-63,0,-16
-64,0,-17
-63,0,-16
-63,1,-17
-63,1,-18
-63,1,-16
-63,1,-17
-63,1,-17
-63,0,-16
-64,1,-16
-63,1,-17
-63,1,-18
-62,1,-17
-63,1,-16
-62,1,-16
-63,1,-17
-64,0,-17
-63,1,-16
-63,1,-17
-63,1,-16
-64,1,-17
-63,1,-17
-63,1,-16
-63,1,-16
-63,1,-16
-63,2,-16
-64,1,-16
-64,1,-17
-63,1,-17
-64,0,-16
-64,0,-17
-63,1,-16
-64,1,-17
-64,1,-17
-62,1,-17
-63,1,-17
-63,1,-17
-63,1,-16
-64,1,-17
-63,1,-17
-63,1,-15
-64,1,-16
-63,2,-18
-63,1,-17
-63,1,-17
-63,2,-18
-63,2,-18
-63,2,-17
-64,2,-19
-63,-1,-16
-63,-1,-19
-63,0,-18
-65,1,-21
-62,2,-18
-61,3,-17
-62,2,-18
-62,2,-19
-63,1,-18
-64,1,-17
-63,1,-18
-63,1,-18
-63,2,-18
-63,1,-18
-63,2,-18
-62,2,-18
-63,2,-18
-63,2,-18
-63,2,-18
-63,2,-18
-62,2,-18
-63,2,-18
-63,2,-18
-63,2,-18
-63,1,-19
-63,2,-19
-63,2,-18
-63,2,-18
-63,2,-18
-63,2,-18
-63,2,-18
-63,2,-19
-63,2,-18
-62,2,-18
-62,2,-18
-62,2,-18
-62,2,-18
-63,2,-18
-63,2,-18
-63,2,-18
-63,2,-18
-62,2,-18
-63,2,-18
-63,2,-18
-63,2,-18
-63,2,-18
-63,2,-18
-63,2,-19
-62,2,-18
-63,2,-18
-63,2,-18
-63,2,-18
-63,2,-18
-63,2,-18
-63,2,-18
-63,2,-18
-63,2,-18
-62,2,-18
-62,2,-18
-62,2,-18
-62,2,-18
-62,3,-18
-62,2,-18
-62,2,-18
-63,3,-19
-63,2,-19
-63,2,-18
-63,2,-18
-63,3,-18
-63,2,-18
-63,2,-19
-62,2,-19
-63,2,-18
-63,2,-18
-62,2,-19
-62,2,-18
-62,3,-18
-62,2,-18
-63,2,-18
-63,2,-18
-63,2,-19
-62,3,-18
-62,1,-16
-64,2,-18
-64,3,-20
-62,3,-19
-62,3,-19
-62,2,-18
-62,2,-18
-63,2,-19
-63,2,-22
-62,2,-22
-61,2,-17
-64,2,-20
-61,2,-18
-63,3,-19
-62,3,-21
-61,4,-21
-62,3,-20
-61,3,-20
-62,3,-18
-63,2,-19
-62,3,-19
-63,2,-19
-63,3,-19
-62,3,-18
-63,2,-19
-63,2,-19
-63,3,-18
-63,3,-18
-63,2,-16
-62,3,-14
-63,3,-16
-64,3,-17
-63,2,-16
-63,3,-15
-64,2,-15
-64,3,-16
-64,2,-15
-64,3,-14
-63,3,-13
-64,3,-14
-64,3,-14
-64,3,-13
-64,3,-14
-64,3,-13
-64,3,-14
-64,3,-14
-64,3,-14
-64,3,-14
-64,3,-14
-64,3,-14
-64,3,-13
-64,3,-13
-64,3,-13
-64,3,-13
-64,3,-13
-64,2,-13
-64,3,-13
-64,3,-14
-64,3,-14
-64,3,-13
-64,3,-13
-64,3,-13
-64,3,-13
-64,3,-13
-64,3,-13
-64,3,-13
-64,3,-13
-64,3,-13
-64,3,-13
-64,3,-13
-64,3,-13
-64,3,-13
-64,3,-13
-64,3,-13
-64,3,-13
-64,3,-13
-64,3,-13
-64,3,-13
-64,3,-14
-64,3,-14
-64,3,-13
-64,3,-14
-64,3,-13
-64,3,-13
-64,3,-14
-64,3,-13
-64,3,-13
-64,3,-13
-64,3,-13
-64,3,-13
-64,3,-14
-64,3,-14
-64,3,-14
-64,3,-14
-64,3,-14
-64,3,-15
-64,3,-14
-64,3,-14
-63,3,-14
-63,3,-14
-64,3,-14
-64,2,-14
-63,3,-15
-64,3,-15
-64,3,-15
-64,3,-15
-64,3,-15
-63,3,-15
-63,3,-15
-63,3,-15
-64,3,-16
-64,3,-15
-64,3,-15
-63,3,-16
-63,2,-15
-64,2,-15
-64,2,-16
-64,2,-16
-64,2,-16
-64,3,-15
-63,3,-15
-63,3,-16
-63,3,-15
-64,3,-16
-63,2,-15
-64,2,-16
-63,3,-16
-63,3,-16
-64,3,-16
-63,2,-15
-63,1,-15
-64,2,-13
-64,2,-15
-62,2,-14
-64,1,-17
-62,2,-17
-63,3,-19
-66,3,-22
-62,3,-19
-62,3,-20
-63,3,-19
-63,2,-16
-63,2,-17
-62,3,-17
-63,3,-17
-63,3,-17
-63,3,-15
-64,3,-17
-64,3,-17
-64,3,-14
-63,3,-14
-63,4,-15
-64,1,-9
-67,1,-8
-65,2,-6
-62,1,-2
-68,0,-5
-64,1,-6
-64,3,-9
-65,3,-11
-64,3,-10
-65,3,-10
-65,2,-11
-64,3,-10
-65,2,-11
-64,3,-11
-64,3,-10
-64,3,-10
-64,3,-10
-64,4,-11
-65,3,-11
-65,3,-12
-64,3,-12
-64,3,-12
-64,3,-12
-64,4,-12
-64,3,-12
-64,3,-12
-64,3,-12
-65,3,-13
-64,3,-12
-64,3,-13
-64,3,-13
-64,3,-13
-64,3,-13
-64,3,-13
-64,3,-13
-64,3,-13
-64,3,-13
-64,4,-13
-64,3,-13
-64,3,-13
-64,3,-13
-64,4,-14
-64,4,-13
-64,3,-14
-64,4,-14
-64,3,-13
-64,4,-13
-64,3,-14
-64,4,-14
-64,3,-13
-64,4,-14
-64,3,-14
-64,3,-14
-63,4,-15
-63,3,-14
-64,3,-14
-63,4,-14
-63,4,-15
-63,3,-15
-64,2,-15
-66,-1,-14
-66,1,-16
-65,3,-18
-63,3,-17
-63,3,-17
-62,4,-16
-63,4,-16
-63,3,-16
-64,3,-16
-64,3,-16
-64,3,-16
-63,3,-15
-63,3,-16
-63,3,-16
-64,3,-16
-63,3,-15
-64,4,-16
-64,4,-15
-63,4,-15
-63,4,-16
-63,4,-15
-63,4,-16
-63,4,-15
-63,4,-16
-64,4,-16
-64,4,-16
-63,4,-16
-63,4,-16
-63,4,-16
-63,4,-16
-63,4,-15
-63,4,-16
-63,4,-16
-64,4,-16
-63,4,-16
-63,4,-16
-63,4,-16
-63,4,-16
-63,4,-15
-63,4,-15
-63,4,-15
-62,5,-16
-63,4,-18
-62,4,-17
-63,4,-17
-63,4,-17
-63,4,-17
-63,4,-17
-63,5,-17
-63,5,-17
-64,4,-16
-63,4,-16
-64,5,-18
-63,5,-17
-63,4,-17
-63,4,-17
-63,4,-17
-63,4,-17
-63,4,-17
-63,4,-17
-63,5,-17
-63,4,-17
-63,4,-17
-63,4,-17
-63,4,-17
-63,4,-16
-63,5,-17
-63,5,-17
-63,4,-17
-63,4,-17
-63,4,-17
-63,4,-17
-63,4,-16
-63,4,-16
-63,4,-17
-63,4,-16
-63,4,-16
-63,4,-16
-63,4,-17
-63,4,-17
-63,4,-17
-63,4,-17
-63,4,-17
-63,4,-17
-63,4,-17
-63,4,-17
-63,4,-16
-63,4,-16
-63,4,-16
-63,4,-17
-63,4,-16
-63,4,-17
-63,4,-17
-63,4,-17
-63,4,-17
-63,4,-16
-63,4,-16
-63,4,-16
-64,4,-17
-63,4,-16
-63,3,-14
-64,3,-17
-64,4,-18
-62,5,-17
-63,3,-17
-63,3,-16
-63,5,-17
-63,4,-16
-64,3,-16
-63,5,-17
-63,4,-16
-66,4,-17
-64,4,-16
-62,4,-14
-67,3,-14
-65,4,-13
-61,4,-12
-62,4,-13
-64,4,-14
-64,4,-12
-65,4,-13
-64,4,-13
-64,4,-13
-64,4,-13
-64,4,-13
-64,4,-13
-65,3,-14
-64,3,-14
-62,3,-10
-64,3,-12
-64,5,-12
-65,4,-15
-64,4,-13
-64,4,-13
-64,4,-14
-64,4,-14
-64,4,-14
-64,4,-13
-64,4,-13
-64,4,-13
-64,4,-13
-65,5,-14
-63,5,-14
-62,4,-12
-65,3,-14
-62,4,-14
-62,3,-13
-62,5,-15
-65,3,-18
-66,4,-13
-64,5,-14
-65,3,-14
-60,4,-9
-66,3,-19
-62,3,-17
-63,2,-17
-64,3,-18
-63,4,-18
-62,4,-17
-63,4,-17
-63,4,-17
-63,5,-17
-64,4,-17
-63,4,-17
-63,4,-17
-63,4,-18
-62,4,-18
-62,4,-18
-63,4,-18
-62,4,-18
-63,4,-17
-64,4,-19
-62,5,-20
-61,5,-20
-64,4,-21
-62,4,-17
-63,3,-17
-64,4,-17
-63,5,-17
-64,5,-17
-64,5,-14
-63,3,-7
-65,2,-6
-63,1,-9
-63,3,-11
-67,4,-16
-66,4,-15
-62,5,-14
-64,4,-14
-66,4,-15
-62,3,-15
-62,4,-14
-65,4,-16
-62,5,-15
-63,4,-14
-65,5,-16
-63,4,-15
-63,4,-16
-64,3,-16
-64,3,-16
-64,4,-15
-63,4,-16
-63,4,-15
-63,4,-14
-64,3,-15
-63,5,-17
-65,5,-17
-64,4,-17
-61,4,-14
-64,5,-16
-65,5,-17
-62,6,-16
-64,5,-15
-62,2,-7
-66,3,-12
-64,3,-11
-62,3,-11
-64,4,-15
-65,5,-15
-64,5,-14
-64,5,-15
-63,4,-14
-64,4,-14
-64,4,-14
-64,4,-14
-63,4,-15
-65,4,-15
-65,4,-16
-62,4,-14
-65,4,-15
-65,4,-16
-63,5,-15
-63,5,-15
-63,4,-14
-64,3,-14
-64,4,-15
-64,3,-14
-63,4,-13
-64,4,-14
-63,5,-16
-62,6,-16
-65,5,-17
-64,6,-17
-62,6,-14
-63,2,-10
-68,0,-10
-62,2,-9
-64,3,-13
-67,3,-19
-64,6,-18
-63,5,-16
-64,5,-17
-62,4,-16
-62,4,-16
-63,3,-16
-63,3,-18
-63,4,-19
-63,4,-21
-63,4,-20
-63,3,-20
-62,3,-19
-63,3,-20
-62,4,-18
-64,4,-20
-61,4,-19
-63,4,-19
-63,4,-20
-63,4,-18
-63,4,-18
-63,4,-20
-63,3,-18
-63,3,-18
-64,4,-19
-65,4,-20
-63,5,-22
-61,6,-20
-61,5,-17
-63,3,-16
-63,2,-16
-63,3,-17
-64,4,-16
-64,4,-16
-63,6,-18
-64,5,-13
-65,6,-12
-62,4,-18
-62,3,-3
-61,3,-14
-64,6,-19
-62,4,-16
-61,3,-16
-61,4,-16
-63,4,-17
-62,5,-17
-63,4,-17
-63,4,-16
-64,5,-20
-64,5,-21
-61,4,-18
-62,4,-17
-63,5,-20
-62,4,-17
-63,4,-17
-64,5,-19
-63,5,-19
-63,5,-17
-64,4,-18
-63,4,-17
-64,4,-17
-63,5,-19
-62,5,-19
-62,5,-19
-62,4,-18
-63,4,-17
-64,4,-18
-62,4,-17
-64,5,-18
-63,5,-17
-63,5,-18
-63,5,-18
-65,3,-16
-62,4,-17
-63,4,-17
-64,5,-18
-61,5,-17
-63,5,-18
-64,5,-19
-63,5,-18
-64,5,-17
-63,5,-16
-62,5,-14
-64,4,-13
-63,4,-12
-63,4,-11
-65,4,-13
-65,4,-12
-65,5,-13
-64,5,-13
-64,5,-13
-64,5,-13
-63,5,-13
-64,5,-14
-65,5,-16
-62,5,-16
-62,5,-13
-63,3,-12
-65,4,-14
-65,4,-13
-65,4,-13
-65,3,-13
-63,4,-14
-63,4,-14
-63,4,-15
-64,4,-15
-63,4,-15
-63,4,-15
-64,5,-15
-65,4,-15
-64,5,-14
-63,5,-15
-64,5,-14
-64,5,-14
-63,5,-14
-64,4,-14
-64,5,-14
-64,4,-14
-64,5,-14
-63,5,-14
-63,5,-14
-63,5,-14
-63,5,-14
-64,5,-14
-64,5,-14
-67,5,-13
-63,4,-9
-64,5,-10
-64,5,-9
-64,5,-10
-65,6,-10
-63,6,-11
-63,6,-11
-63,6,-11
-64,6,-12
-64,5,-12
-64,5,-12
-65,5,-12
-64,5,-13
-64,5,-13
-64,4,-12
-64,4,-12
-64,4,-13
-65,3,-12
-67,2,-13
-64,3,-13
-64,1,-13
-65,2,-12
-64,2,-12
-63,3,-12
-65,3,-13
-64,3,-13
-63,3,-13
-63,3,-13
-62,4,-12
-63,4,-13
-65,4,-13
-63,4,-14
-64,4,-15
-65,4,-14
-65,4,-14
-65,5,-14
-65,4,-13
-65,5,-13
-65,5,-14
-66,5,-13
-65,4,-13
-65,4,-13
-65,3,-13
-65,3,-13
-63,4,-14
-63,3,-15
-61,5,-16
-63,5,-17
-63,5,-17
-63,6,-16
-64,5,-16
-63,6,-16
-62,6,-16
-62,6,-15
-63,6,-15
-63,6,-16
-63,6,-15
-64,6,-16
-63,6,-16
-62,6,-15
-65,4,-16
-64,4,-16
-62,4,-16
-64,4,-18
-65,5,-16
-63,6,-15
-62,6,-15
-64,6,-15
-64,6,-15
-64,6,-15
-64,6,-15
-64,6,-15
-64,6,-15
-64,6,-16
-63,6,-15
-64,6,-15
-64,6,-15
-64,6,-15
-63,6,-14
-63,6,-13
-62,6,-15
-62,6,-13
-61,6,-12
-61,6,-15
-61,6,-17
-55,5,-19
-65,6,-23
-61,5,-26
-62,5,-30
-62,5,-31
-61,5,-31
-61,6,-31
-60,4,-29
-60,4,-27
-60,4,-26
-59,5,-24
-59,5,-25
-60,5,-26
-59,5,-24
-60,5,-25
-61,5,-25
-60,5,-24
-61,5,-24
-61,5,-23
-61,6,-23
-61,6,-22
-61,6,-21
-61,6,-21
-61,6,-22
-61,6,-21
-61,6,-22
-61,6,-22
-61,6,-22
-62,6,-22
-61,6,-21
-61,7,-21
-61,7,-22
-62,7,-22
-61,7,-22
-62,7,-22
-61,7,-22
-61,7,-22
-61,7,-21
-61,7,-22
-61,7,-22
-61,7,-22
-61,7,-22
-62,7,-22
-62,7,-22
-61,7,-22
-61,7,-22
-61,7,-22
-61,7,-22
-61,7,-22
-61,7,-22
-61,7,-22
-61,7,-22
-61,7,-22
-61,7,-22
-61,7,-23
-60,7,-23
-63,7,-24
-61,7,-21
-61,7,-21
-62,8,-22
-61,7,-21
-59,7,-20
-62,6,-19
-62,7,-20
-63,6,-17
-63,5,-17
-63,6,-20
-63,5,-17
-63,5,-19
-62,6,-20
-63,7,-20
-62,5,-17
-61,8,-20
-61,6,-18
-62,6,-18
-62,6,-18
-63,6,-18
-63,5,-18
-62,6,-19
-63,6,-18
-62,5,-18
-63,6,-19
-62,5,-18
-62,5,-19
-63,5,-19
-63,5,-19
-62,5,-18
-63,5,-19
-63,6,-20
-61,6,-18
-62,5,-18
-63,5,-19
-63,5,-19
-63,5,-20
-62,6,-19
-62,5,-19
-62,5,-19
-62,5,-19
-62,4,-18
-63,4,-18
-62,6,-18
-61,6,-17
-62,5,-19
-62,4,-18
-62,5,-19
-62,5,-19
-62,5,-19
-63,5,-19
-62,5,-19
-62,5,-19
-62,5,-19
-63,5,-20
-63,5,-19
-61,6,-19
-62,5,-19
-63,5,-21
-61,5,-20
-62,4,-19
-63,5,-20
-63,5,-20
-63,5,-19
-63,5,-19
-62,4,-21
-61,5,-19
-61,5,-19
-62,4,-19
-63,4,-20
-63,7,-21
-61,7,-24
-61,6,-23
-60,6,-22
-63,6,-23
-62,6,-21
-63,4,-20
-62,4,-20
-62,6,-21
-62,5,-20
-60,5,-19
-62,5,-22
-62,5,-22
-60,5,-21
-62,5,-22
-61,6,-22
-62,5,-21
-61,5,-22
-62,6,-23
-62,5,-22
-61,5,-21
-62,6,-22
-61,5,-21
-63,4,-22
-60,5,-21
-62,4,-22
-62,4,-21
-62,4,-22
-61,5,-22
-61,5,-21
-62,4,-20
-61,5,-21
-62,6,-22
-62,5,-23
-58,6,-23
-58,7,-21
-57,4,-21
-59,5,-29
-56,3,-28
-63,8,-37
-57,3,-32
-50,6,-31
-59,4,-35
-56,5,-34
-54,6,-37
-54,5,-38
-52,7,-37
-55,4,-37
-52,5,-38
-55,5,-37
-53,5,-37
-54,5,-38
-55,5,-38
-54,7,-36
-54,5,-35
-55,5,-36
-55,6,-36
-52,5,-34
-55,4,-37
-55,5,-36
-54,5,-36
-54,5,-36
-55,4,-36
-54,4,-36
-55,5,-36
-55,5,-37
-54,6,-36
-54,5,-36
-55,5,-37
-54,5,-37
-54,5,-37
-54,5,-36
-53,4,-37
-53,5,-36
-54,5,-37
-54,4,-36
-53,4,-36
-54,4,-37
-53,4,-36
-55,4,-37
-54,4,-36
-55,4,-36
-54,5,-36
-55,4,-38
-52,5,-37
-55,3,-35
-56,4,-34
-53,5,-37
-54,4,-36
-55,3,-35
-53,5,-36
-55,4,-36
-54,4,-36
-54,4,-36
-54,5,-36
-54,4,-36
-54,4,-36
-54,5,-37
-53,4,-36
-54,4,-36
-54,5,-36
-54,4,-36
-54,4,-36
-54,4,-36
-53,5,-37
-54,5,-36
-54,5,-36
-54,4,-36
-51,6,-37
-56,2,-36
-57,4,-37
-54,5,-37
-52,5,-37
-54,4,-36
-53,4,-37
-53,4,-37
-54,4,-36
-53,4,-36
-54,4,-37
-53,4,-36
-54,4,-36
-53,4,-36
-54,4,-36
-54,4,-37
-54,4,-37
-54,4,-37
-54,4,-36
-54,5,-36
-54,4,-37
-54,4,-37
-54,5,-37
-53,4,-36
-53,4,-37
-53,5,-37
-53,5,-39
-51,5,-35
-55,4,-37
-54,4,-37
-53,5,-38
-55,4,-35
-55,4,-36
-53,5,-37
-54,4,-36
-54,4,-36
-54,4,-37
-54,4,-37
-54,4,-37
-54,5,-36
-54,4,-36
-54,5,-36
-54,4,-36
-54,4,-36
-54,4,-37
-53,4,-36
-53,4,-37
-53,4,-37
-54,4,-37
-54,4,-36
-54,4,-37
-54,4,-37
-51,5,-35
-53,3,-35
-56,4,-37
-55,4,-36
-52,5,-37
-54,4,-36
-53,4,-36
-53,4,-37
-53,3,-37
-53,4,-37
-53,4,-37
-53,4,-37
-54,4,-36
-54,4,-37
-53,4,-37
-54,4,-37
-54,4,-37
-54,4,-37
-54,4,-37
-53,4,-37
-54,4,-37
-54,4,-37
-53,5,-37
-53,4,-37
-53,5,-37
-52,4,-37
-52,4,-36
-54,5,-39
-53,4,-37
-54,4,-37
-54,5,-37
-54,5,-34
-54,4,-37
-53,5,-36
-53,5,-36
-53,4,-37
-52,4,-37
-53,5,-37
-53,5,-37
-53,5,-36
-54,5,-37
-54,5,-37
-54,5,-36
-54,5,-36
-54,4,-36
-54,5,-37
-54,5,-36
-54,5,-36
-54,5,-36
-54,5,-37
-54,4,-36
-54,4,-37
-53,4,-37
-53,5,-37
-53,5,-37
-53,5,-37
-54,4,-36
-55,4,-38
-52,5,-36
-55,4,-37
-55,4,-37
-54,5,-36
-52,5,-37
-55,4,-36
-54,4,-37
-53,4,-37
-54,4,-37
-53,4,-37
-53,4,-37
-53,4,-37
-53,5,-37
-54,4,-37
-53,4,-36
-54,4,-36
-54,4,-37
-54,4,-36
-54,4,-37
-54,4,-37
-54,4,-37
-53,4,-37
-53,4,-37
-53,4,-37
-53,4,-37
-53,4,-37
-53,4,-37
-54,4,-37
-54,3,-38
-52,5,-36
-54,3,-35
-55,4,-36
-53,4,-38
-55,4,-37
-53,4,-36
-53,4,-37
-53,4,-37
-53,4,-37
-54,4,-38
-53,4,-37
-54,5,-37
-53,5,-37
-54,5,-37
-53,4,-36
-54,5,-37
-54,4,-36
-54,4,-37
-54,4,-36
-53,5,-36
-54,4,-37
-54,5,-37
-53,5,-37
-53,5,-38
-52,5,-37
-53,6,-38
-54,3,-35
-56,4,-38
-55,5,-37
-54,5,-37
-55,4,-36
-53,5,-36
-53,5,-37
-53,4,-37
-54,4,-37
-53,4,-37
-54,4,-37
-53,4,-37
-54,4,-37
-54,4,-37
-53,4,-36
-52,4,-37
-52,4,-37
-54,6,-37
-52,5,-36
-49,6,-35
-45,5,-39
-49,5,-43
-51,2,-43
-47,4,-48
-52,8,-51
-48,6,-46
-46,4,-43
-51,6,-45
-51,6,-43
-51,6,-41
-51,5,-40
-49,5,-38
-52,6,-37
-52,5,-36
-51,5,-36
-52,6,-38
-52,6,-37
-52,6,-37
-54,6,-38
-54,7,-38
-52,7,-37
-52,7,-37
-53,7,-38
-53,6,-38
-55,4,-37
-50,7,-38
-55,6,-40
-54,8,-39
-52,7,-35
-49,7,-36
-53,6,-37
-54,6,-38
-53,7,-38
-53,7,-38
-52,7,-38
-53,7,-38
-52,7,-38
-52,7,-38
-53,6,-37
-53,6,-38
-53,7,-39
-51,6,-37
-52,6,-38
-52,6,-37
-53,6,-38
-53,6,-38
-53,6,-38
-53,6,-38
-52,7,-38
-52,7,-38
-52,6,-38
-53,6,-39
-53,7,-38
-53,6,-37
-53,6,-38
-53,6,-38
-52,6,-37
-52,6,-37
-53,6,-39
-53,6,-38
-52,6,-38
-53,7,-38
-53,7,-38
-52,7,-39
-51,7,-37
-53,6,-38
-53,7,-39
-52,7,-38
-52,7,-38
-52,7,-37
-53,7,-38
-53,7,-38
-53,7,-38
-53,7,-38
-52,8,-39
-52,7,-38
-51,7,-34
-53,7,-36
-55,8,-37
-54,8,-36
-55,7,-37
-54,6,-35
-53,7,-35
-53,6,-33
-55,6,-36
-55,7,-37
-54,7,-37
-51,7,-36
-52,6,-36
-52,8,-34
-55,6,-36
-55,6,-36
-55,7,-37
-53,6,-34
-55,7,-37
-53,6,-36
-52,7,-36
-54,6,-36
-54,7,-36
-54,7,-36
-53,7,-36
-54,7,-36
-55,7,-36
-53,8,-36
-54,7,-35
-54,7,-36
-54,7,-36
-54,7,-37
-54,7,-36
-55,7,-37
-52,8,-36
-52,8,-35
-57,7,-37
-53,6,-36
-55,7,-37
-54,6,-37
-54,7,-37
-53,7,-35
-54,6,-36
-55,7,-36
-54,8,-36
-54,7,-36
-54,7,-36
-53,7,-36
-53,7,-35
-54,6,-36
-54,7,-36
-54,7,-36
-54,7,-36
-54,7,-36
-53,8,-38
-51,7,-36
-52,7,-36
-54,7,-37
-55,7,-37
-54,8,-37
-54,6,-37
-52,8,-35
-56,6,-35
-59,7,-37
-52,8,-37
-52,6,-35
-54,7,-37
-53,6,-37
-54,7,-38
-53,7,-37
-53,7,-37
-53,7,-37
-53,7,-37
-52,7,-36
-55,7,-36
-54,7,-35
-54,7,-37
-54,7,-35
-54,7,-37
-53,7,-36
-54,8,-37
-54,7,-36
-53,7,-36
-54,7,-36
-54,7,-36
-53,7,-36
-53,7,-36
-54,7,-36
-54,7,-36
-54,7,-36
-54,8,-35
-54,7,-35
-54,6,-35
-53,7,-35
-53,7,-36
-54,8,-36
-54,8,-36
-55,8,-36
-53,6,-35
-52,6,-35
-52,6,-35
-52,8,-35
-52,8,-36
-53,9,-36
-54,9,-37
-55,9,-38
-55,8,-38
-56,7,-39
-55,6,-38
-55,6,-38
-55,5,-38
-53,4,-36
-53,3,-37
-53,2,-37
-53,2,-37
-54,1,-36
-54,0,-36
-53,-1,-35
-54,0,-36
-54,0,-35
-54,0,-35
-55,0,-35
-55,0,-35
-53,1,-35
-55,1,-35
-56,0,-35
-55,0,-35
-55,1,-35
-55,1,-36
-55,1,-35
-55,0,-35
-55,1,-35
-54,1,-36
-55,1,-35
-55,1,-36
-55,1,-35
-54,1,-35
-55,1,-35
-54,2,-36
-54,1,-35
-54,1,-36
-55,1,-36
-54,1,-35
-54,1,-36
-54,1,-36
-54,1,-35
-55,1,-35
-55,1,-36
-55,1,-35
-55,1,-35
-55,1,-35
-55,1,-36
-55,1,-35
-55,1,-35
-55,1,-36
-55,1,-35
-55,1,-36
-55,1,-36
-55,1,-35
-55,1,-35
-54,1,-35
-54,1,-36
-55,1,-36
-54,1,-35
-55,2,-36
-55,1,-35
-55,1,-36
-55,2,-35
-55,2,-36
-54,2,-35
-54,2,-35
-55,2,-35
-55,2,-35
-55,2,-36
-55,2,-36
-54,2,-35
-54,2,-35
-54,2,-35
-54,2,-35
-55,3,-36
-55,2,-36
-55,2,-36
-57,1,-37
-55,2,-35
-55,2,-35
-54,3,-35
-54,3,-34
-54,3,-34
-54,3,-33
-54,3,-33
-54,3,-33
-55,4,-34
-55,3,-33
-55,3,-33
-55,3,-32
-56,1,-30
-56,0,-28
-58,2,-31
-57,2,-30
-58,3,-30
-60,2,-32
-58,2,-32
-60,3,-31
-56,1,-28
-60,0,-30
-61,-1,-27
-62,0,-26
-64,1,-26
-60,2,-24
-60,4,-24
-60,3,-24
-61,3,-26
-62,4,-26
-63,3,-24
-64,3,-24
-62,5,-22
-64,5,-21
-62,5,-20
-63,6,-19
-63,6,-18
-62,6,-17
-62,6,-18
-61,6,-18
-59,6,-18
-58,7,-21
-59,7,-22
-59,7,-24
-60,7,-25
-59,7,-31
-61,7,-35
-62,7,-36
-58,6,-30
-60,4,-31
-61,4,-33
-60,3,-31
-59,2,-29
-58,1,-27
-58,1,-26
-56,1,-23
-60,0,-26
-59,-1,-23
-59,-2,-23
-60,-1,-24
-63,-3,-23
-61,-2,-23
-62,-4,-23
-61,-6,-20
-62,-7,-20
-64,-10,-17
-63,-13,-15
-64,-13,-15
-64,-14,-13
-63,-14,-12
-62,-14,-11
-61,-13,-11
-62,-13,-10
-62,-15,-8
-60,-16,-6
-60,-16,-5
-60,-17,-5
-62,-18,-5
-62,-17,-6
-62,-18,-6
-61,-18,-5
-61,-18,-4
-62,-18,-5
-64,-18,-4
-65,-17,-4
-65,-17,-3
-64,-16,-2
-64,-15,-2
-63,-14,-2
-63,-13,-2
-64,-14,-2
-67,-15,-3
-67,-16,-3
-64,-15,-1
-61,-15,0
-63,-16,-1
-66,-19,-4
-62,-19,-3
-58,-19,-2
-56,-18,-2
-57,-18,-4
-61,-18,-6
-64,-18,-7
-66,-19,-7
-67,-20,-7
-66,-20,-6
-64,-20,-6
-62,-20,-6
-62,-20,-6
-61,-20,-7
-61,-20,-6
-61,-20,-7
-62,-19,-6
-62,-19,-6
-62,-19,-6
-62,-20,-7
-62,-20,-7
-62,-19,-6
-62,-18,-6
-62,-17,-7
-61,-17,-8
-61,-16,-8
-62,-16,-9
-62,-16,-9
-62,-16,-9
-62,-16,-9
-62,-16,-9
-63,-17,-10
-63,-18,-10
-63,-19,-10
-63,-20,-10
-63,-20,-10
-61,-19,-9
-60,-18,-9
-60,-18,-9
-61,-16,-11
-61,-16,-11
-62,-16,-12
-63,-17,-13
-63,-17,-13
-63,-16,-13
-62,-16,-13
-63,-15,-14
-62,-14,-14
-62,-13,-14
-62,-13,-14
-61,-13,-15
-62,-13,-16
-62,-12,-16
-62,-12,-15
-62,-12,-16
-62,-12,-16
-62,-12,-16
-60,-12,-17
-60,-12,-17
-58,-11,-17
-57,-11,-20
-59,-11,-22
-59,-11,-26
-60,-12,-28
-59,-11,-30
-62,-11,-31
-59,-12,-30
-57,-9,-30
-58,-9,-30
-57,-9,-29
-57,-8,-29
-58,-8,-30
-60,-7,-31
-61,-8,-31
-59,-7,-29
-56,-7,-26
-56,-7,-26
-58,-7,-28
-59,-8,-28
-60,-8,-29
-60,-8,-28
-59,-8,-28
-60,-7,-29
-59,-7,-29
-58,-7,-29
-58,-7,-28
-57,-7,-28
-58,-6,-28
-57,-7,-28
-57,-8,-28
-58,-10,-27
-58,-10,-27
-60,-11,-27
-60,-12,-27
-59,-11,-26
-58,-12,-25
-56,-10,-24
-57,-9,-25
-57,-9,-25
-58,-10,-25
-59,-11,-25
-60,-13,-24
-61,-15,-24
-62,-16,-25
-61,-16,-25
-61,-16,-24
-61,-16,-24
-61,-15,-24
-60,-14,-23
-59,-14,-22
-59,-14,-22
-59,-16,-22
-58,-16,-21
-59,-17,-22
-59,-18,-22
-58,-19,-21
-59,-19,-21
-59,-18,-21
-58,-18,-20
-59,-18,-19
-59,-18,-19
-59,-17,-18
-60,-18,-19
-59,-17,-19
-61,-17,-20
-62,-17,-20
-61,-17,-20
-61,-16,-21
-61,-15,-22
-60,-14,-22
-60,-13,-22
-59,-13,-22
-58,-14,-22
-62,-13,-25
-61,-13,-23
-60,-13,-23
-60,-12,-23
-60,-12,-23
-60,-13,-23
-60,-12,-24
-60,-12,-24
-59,-12,-23
-59,-11,-23
-59,-11,-24
-60,-12,-23
-60,-13,-24
-61,-13,-24
-61,-14,-23
-61,-13,-23
-61,-13,-22
-61,-13,-23
-60,-14,-22
-59,-14,-23
-60,-14,-23
-60,-15,-22
-59,-15,-22
-59,-14,-22
-60,-14,-21
-61,-14,-22
-60,-14,-22
-60,-14,-22
-61,-15,-21
-60,-15,-21
-61,-14,-21
-61,-13,-22
-60,-13,-21
-61,-12,-21
-60,-11,-21
-60,-10,-20
-60,-10,-20
-60,-10,-20
-60,-10,-20
-61,-10,-19
-61,-11,-19
-61,-11,-19
-61,-11,-19
-62,-11,-19
-61,-11,-19
-61,-11,-19
-61,-10,-20
-62,-10,-20
-62,-9,-19
-61,-9,-19
-61,-8,-20
-63,-9,-21
-63,-9,-21
-62,-9,-21
-61,-9,-20
-62,-9,-21
-62,-10,-20
-61,-9,-20
-62,-9,-20
-63,-10,-21
-63,-10,-21
-62,-11,-19
-60,-10,-18
-61,-10,-19
-60,-9,-19
-60,-9,-19
-60,-10,-19
-61,-10,-20
-61,-10,-20
-61,-10,-20
-62,-10,-20
-62,-10,-19
-62,-9,-19
-62,-9,-19
-62,-9,-19
-62,-8,-20
-61,-8,-20
-62,-9,-20
-62,-9,-20
-62,-9,-20
-62,-9,-20
-62,-9,-20
-61,-9,-20
-61,-8,-20
-61,-8,-20
-61,-8,-21
-62,-8,-21
-62,-9,-20
-62,-8,-20
-61,-8,-20
-61,-8,-20
-61,-8,-20
-61,-8,-20
-62,-8,-20
-62,-9,-20
-61,-9,-20
-62,-9,-21
-62,-9,-20
-61,-9,-20
-61,-9,-21
-62,-9,-20
-62,-8,-21
-61,-8,-20
-62,-9,-20
-61,-9,-20
-62,-9,-21
-62,-9,-21
-62,-9,-21
-62,-8,-22
-61,-8,-21
-61,-8,-21
-61,-8,-21
-61,-9,-20
-61,-9,-21
-61,-9,-21
-61,-9,-20
-61,-9,-21
-61,-9,-20
-62,-8,-21
-61,-9,-21
-61,-9,-20
-61,-9,-21
-61,-9,-21
-61,-9,-21
-61,-8,-21
-61,-8,-21
-61,-8,-21
-62,-8,-22
-61,-9,-22
-62,-9,-22
-62,-9,-22
-60,-9,-22
-61,-9,-22
-62,-8,-24
-61,-8,-23
-62,-9,-22
-61,-10,-22
-62,-10,-23
-61,-10,-23
-62,-10,-22
-61,-11,-22
-62,-10,-22
-63,-11,-21
-62,-11,-20
-65,-12,-23
-64,-12,-20
-62,-10,-18
-62,-11,-18
-63,-11,-18
-62,-9,-15
-62,-9,-15
-63,-8,-15
-61,-6,-13
-62,-6,-13
-62,-5,-13
-62,-5,-13
-62,-5,-13
-63,-3,-14
-63,-3,-15
-65,-3,-15
-62,-2,-15
-61,-1,-16
-62,0,-17
-60,0,-18
-65,-3,-17
-69,-4,-19
-67,-3,-20
-63,-4,-15
-69,-5,-14
-64,-1,-22
-58,0,-20
-58,-2,-19
-60,0,-19
-62,-2,-20
-64,-1,-21
-63,-1,-20
-62,-1,-20
-63,-1,-20
-62,-1,-20
-61,-1,-19
-61,-1,-20
-60,-1,-20
-62,-1,-19
-63,-1,-20
-64,-1,-20
-63,0,-20
-63,1,-20
-64,2,-19
-62,3,-19
-63,4,-21
-64,5,-22
-62,5,-22
-63,7,-23
-61,8,-22
-61,8,-23
-60,9,-23
-59,9,-23
-59,10,-23
-61,13,-25
-62,13,-26
-62,15,-25
-61,14,-23
-57,14,-19
-58,13,-21
-58,14,-21
-58,15,-22
-57,16,-23
-57,17,-23
-57,18,-23
-57,18,-24
-56,20,-23
-56,20,-23
-57,20,-23
-56,19,-23
-56,19,-23
-57,18,-24
-59,18,-26
-60,18,-25
-59,18,-26
-58,18,-25
-58,18,-25
-57,18,-24
-57,18,-24
-58,18,-25
-58,18,-24
-58,18,-25
-58,17,-25
-58,17,-25
-58,17,-25
-58,18,-25
-58,18,-26
-58,18,-25
-58,18,-25
-58,18,-25
-58,18,-25
-58,18,-25
-57,18,-25
-58,17,-25
-57,17,-25
-58,17,-26
-57,17,-25
-58,17,-25
-57,17,-25
-58,17,-25
-58,17,-25
-58,16,-25
-58,17,-25
-58,17,-25
-58,17,-25
-58,17,-25
-58,17,-25
-58,17,-25
-58,17,-25
-58,17,-25
-58,17,-24
-58,16,-24
-59,18,-25
-56,14,-23
-59,15,-24
-61,17,-26
-60,17,-25
-57,17,-23
-58,16,-24
-59,16,-24
-59,16,-24
-59,16,-24
-58,17,-24
-58,17,-24
-58,17,-24
-58,17,-24
-58,17,-24
-58,17,-24
-58,17,-24
-58,17,-24
-58,17,-24
-58,17,-24
-58,16,-24
-58,17,-24
-58,17,-25
-59,16,-25
-58,17,-24
-58,16,-24
-59,16,-24
-58,17,-24
-59,17,-24
-58,17,-24
-58,17,-24
-58,17,-24
-58,17,-24
-59,17,-25
-58,16,-25
-58,16,-24
-61,17,-25
-57,16,-25
-57,16,-25
-59,16,-24
-59,16,-24
-59,17,-24
-59,16,-24
-59,16,-24
-58,17,-24
-59,17,-24
-59,16,-24
-58,16,-24
-58,16,-24
-58,17,-24
-58,16,-24
-58,17,-24
-59,16,-24
-58,16,-24
-58,16,-24
-58,16,-24
-59,16,-24
-58,16,-24
-59,16,-25
-58,16,-24
-58,16,-25
-59,16,-25
-59,16,-24
-58,16,-24
-59,17,-25
-58,16,-24
-59,16,-24
-58,16,-25
-58,16,-24
-58,16,-25
-58,16,-25
-58,16,-25
-58,16,-25
-57,16,-25
-58,16,-25
-62,16,-29
-63,16,-28
-61,16,-22
-61,16,-19
-59,15,-16
-60,15,-11
-62,14,-7
-62,14,-5
-64,15,-8
-64,15,-5
-65,15,-3
-63,15,-2
-63,15,-1
-66,14,3
-62,13,6
-61,14,13
-62,14,13
-61,13,14
-60,13,15
-60,13,16
-63,13,17
-63,13,16
-65,12,14
-60,12,14
-60,10,17
-65,10,20
-64,11,15
-63,12,17
-56,12,19
-58,11,16
-62,12,15
-58,11,15
-59,11,15
-61,10,17
-60,10,17
-60,8,17
-59,7,17
-62,7,16
-60,5,15
-60,4,15
-64,3,12
-64,0,12
-62,0,12
-66,-1,14
-65,-2,16
-64,-1,17
-64,5,10
-57,8,6
-57,6,9
-65,4,9
-61,4,10
-64,0,6
-66,0,4
-59,-4,8
-62,-12,9
-59,-14,13
-63,-23,6
-62,-28,10
-59,-35,9
-54,-43,16
-57,-43,15
-51,-46,16
-51,-46,15
-51,-46,15
-47,-43,16
-47,-40,15
-51,-38,13
-47,-38,17
-48,-37,16
-49,-40,14
-50,-43,9
-42,-46,19
-50,-44,19
-42,-46,18
-44,-48,21
-58,-55,17
-40,-45,25
-45,-47,20
-43,-47,21
-37,-50,19
-39,-49,16
-31,-58,14
-39,-63,6
-34,-59,5
-27,-62,10
-27,-60,7
-25,-58,7
-24,-60,8
-23,-60,8
-24,-60,7
-24,-57,10
-25,-54,10
-25,-53,18
-26,-52,19
-30,-53,25
-31,-53,28
-30,-50,27
-24,-53,33
-24,-54,34
-26,-59,35
-26,-67,31
-20,-68,27
-17,-66,26
-15,-64,23
-14,-60,21
-14,-56,18
-14,-51,16
-15,-47,14
-18,-49,13
-17,-51,13
-25,-66,7
-29,-72,8
-31,-70,14
-29,-70,13
-24,-71,12
-20,-67,5
-19,-64,1
-17,-65,4
-19,-69,6
-18,-71,6
-17,-75,7
-19,-78,9
-16,-79,16
-20,-74,20
-24,-73,20
-26,-68,21
-27,-58,23
-28,-54,23
-23,-44,23
-21,-37,23
-29,-26,26
-40,-18,30
-46,-21,30
-50,-26,31
-51,-27,29
-51,-16,28
-53,0,19
-58,9,14
-61,5,18
-62,-1,17
-66,0,11
-71,-1,1
-75,-1,1
-82,-7,5
-82,-15,7
-90,-33,19
-103,-60,-1
-92,-75,-7
-61,-103,-17
-52,24,27
-61,127,57
36,127,78
2,88,4
-79,51,-95
20,47,-33
94,-20,-74
-74,9,27
-97,75,-42
-21,121,-107
-52,108,-128
-34,90,-102
-1,48,-59
-5,35,-54
7,17,-33
-6,16,-25
-11,18,-24
-8,31,-18
1,40,-17
17,57,-12
42,60,-1
46,59,3
38,49,6
40,26,18
39,13,22
32,1,26
36,-8,32
40,-13,34
26,-8,35
22,-2,41
20,8,48
14,1,63
-3,8,72
-11,56,79
-17,80,102
-11,41,95
-3,34,73
-6,7,65
1,-3,55
-13,-3,48
-15,11,57
-13,22,60
-8,30,56
3,17,71
4,12,71
-9,8,65
-6,17,66
4,29,66
-14,51,68
-26,47,68
0,39,65
4,41,45
6,45,36
16,42,28
15,36,33
14,43,50
36,52,49
25,49,32
5,55,11
-12,59,0
-4,58,15
-25,45,18
-41,42,2
6,36,34
-7,26,48
-70,0,44
-7,15,86
7,45,92
-4,48,88
-23,31,69
-17,32,75
-22,38,51
-19,37,40
0,28,43
-8,18,49
-18,10,37
-14,21,17
-49,23,16
-49,12,42
-62,0,66
-54,5,72
-55,18,54
-67,18,39
-68,13,18
-39,10,61
-49,10,63
-47,16,63
-43,31,41
-24,39,36
11,47,39
14,48,43
-7,26,51
-37,23,51
-28,32,51
46,43,77
35,54,69
-25,41,33
-6,40,48
-4,37,46
6,39,43
1,36,44
-22,30,44
-35,19,60
-11,31,69
-37,39,31
-47,38,25
-66,48,5
-50,48,11
-37,55,17
-34,60,18
-14,54,23
-11,50,23
-9,53,25
-9,51,30
-14,53,34
-23,53,27
-22,54,23
-25,56,22
-24,55,23
-25,52,25
-26,50,28
-25,49,28
-26,52,30
-25,51,31
-22,52,31
-18,51,30
-13,51,32
-5,47,36
4,49,41
9,47,45
11,46,48
7,46,45
-1,41,42
-2,35,44
0,36,44
-2,43,40
0,50,42
-3,54,42
-8,56,42
-9,54,44
-8,46,47
-13,42,49
-11,43,52
-1,48,53
1,48,51
5,46,45
9,45,43
15,45,40
17,45,37
18,46,37
20,47,37
23,47,36
23,48,34
25,47,33
26,45,33
24,45,31
29,45,29
28,46,28
30,49,28
30,48,28
29,46,28
30,47,25
31,50,24
33,53,23
36,52,24
33,50,24
34,44,28
36,44,32
28,46,34
32,51,35
33,52,34
19,48,37
21,49,35
20,50,32
11,45,37
2,49,33
5,55,39
6,54,40
-3,56,33
1,54,30
2,52,26
-6,55,5
-8,59,-1
-29,59,-16
-35,65,-7
-37,63,0
-36,58,6
-37,55,6
-33,52,8
-31,57,9
-31,59,8
-24,59,11
-20,57,13
-15,56,14
-17,58,14
-19,58,14
-21,59,16
-19,58,18
-20,57,18
-19,57,18
-18,57,18
-21,57,16
-21,59,17
-20,59,17
-23,58,17
-22,57,19
-23,57,17
-23,57,15
-24,58,13
-22,59,13
-24,59,9
-26,59,7
-15,59,9
-11,59,8
-1,58,7
6,58,9
15,60,14
28,55,25
29,56,28
22,56,23
26,54,24
25,54,23
28,53,24
28,53,25
30,52,25
30,52,25
29,52,25
27,53,23
26,52,24
26,51,26
26,52,26
26,52,25
26,52,24
26,52,24
25,51,25
25,51,26
25,52,26
25,51,26
25,51,27
25,51,27
26,51,27
27,50,27
27,50,27
27,50,28
27,50,27
27,50,27
28,50,27
28,50,26
28,49,26
28,49,26
29,49,26
29,49,26
29,48,27
29,48,27
30,48,27
31,47,27
30,46,27
31,46,27
30,46,27
30,46,26
30,45,29
30,44,30
31,44,30
34,41,26
35,44,28
32,41,33
35,41,35
33,40,36
32,45,41
30,49,43
27,42,51
26,41,54
24,41,51
24,41,43
22,40,38
31,41,34
34,42,28
36,41,27
40,39,26
40,40,28
42,39,29
42,38,31
40,39,32
42,41,32
41,39,33
42,38,33
39,38,29
38,39,28
37,41,28
38,42,27
38,43,28
35,43,24
34,43,24
34,44,23
35,43,25
35,45,23
32,47,20
33,49,21
34,51,23
31,49,24
30,48,25
30,46,25
32,48,23
32,49,22
34,49,23
33,48,23
34,46,24
34,46,26
33,47,27
33,48,27
32,48,28
31,48,27
31,48,27
31,47,27
32,47,26
31,47,26
32,47,26
32,47,26
32,47,25
30,48,26
32,47,28
31,47,27
31,46,27
32,46,27
33,45,28
34,45,28
35,45,28
36,45,29
37,45,30
37,45,30
36,45,29
36,45,29
35,46,29
35,46,27
34,46,24
34,47,22
35,47,21
36,49,18
36,47,17
36,47,15
33,50,11
33,52,10
32,55,10
27,54,11
30,53,14
32,51,17
31,50,17
31,51,15
35,52,15
35,53,13
29,54,12
28,53,12
29,51,14
30,52,14
28,52,13
29,54,15
32,53,17
33,50,17
32,54,16
32,55,15
31,47,21
32,49,23
33,51,22
28,52,21
25,52,19
30,52,20
32,49,21
31,50,22
32,50,21
32,49,20
33,51,21
34,52,21
33,50,20
31,51,17
34,50,19
34,50,18
34,51,18
32,51,16
34,50,15
31,52,14
32,51,14
38,52,11
35,50,12
35,52,13
35,51,14
34,51,14
38,47,19
30,46,17
29,53,12
6,85,-12
59,1,11
38,50,18
26,48,15
36,50,20
30,50,17
34,51,19
32,51,17
33,51,17
33,51,17
33,51,17
33,51,16
32,51,16
32,51,15
33,52,15
33,51,15
32,51,15
32,52,16
32,51,16
32,52,16
32,52,16
32,52,16
32,52,16
32,51,16
32,52,17
31,52,16
31,52,16
31,52,16
31,52,17
31,52,17
31,52,17
31,52,17
31,52,17
31,52,17
32,52,17
31,52,17
31,52,16
32,52,17
31,52,17
31,52,17
31,52,17
31,52,16
31,52,17
31,52,16
31,52,16
31,52,17
31,52,17
31,52,17
31,52,17
31,52,17
31,52,17
31,52,17
31,52,17
31,52,17
31,52,17
30,52,16
31,52,17
31,52,16
31,52,17
31,52,17
31,52,17
32,52,17
31,52,17
31,52,17
31,52,17
31,52,17
31,52,17
31,52,17
31,52,17
31,52,17
31,52,17
31,52,17
31,52,17
31,52,17
31,52,17
31,52,17
31,52,17
31,52,17
31,52,17
31,52,17
31,52,17
31,52,17
31,52,17
31,52,17
31,52,17
31,52,17
31,52,17
31,52,17
31,52,16
31,52,17
31,51,17
31,52,17
31,52,17
32,52,17
31,52,17
32,52,17
32,52,17
32,51,17
32,52,17
32,51,17
32,52,17
32,51,17
31,51,17
31,52,17
31,52,16
32,52,17
32,52,16
32,52,16
32,51,16
32,52,17
32,51,16
32,51,16
32,52,16
32,52,16
32,52,16
32,51,16
32,51,16
32,51,16
32,51,16
32,51,16
32,51,15
32,51,15
33,51,15
32,51,15
33,51,15
33,51,15
34,52,15
33,51,15
32,52,15
32,51,15
33,52,14
32,52,14
32,52,14
33,51,15
33,51,14
34,51,15
33,52,15
33,51,15
33,51,15
33,51,15
34,51,15
34,51,15
33,50,16
34,50,16
34,50,15
34,50,15
34,50,16
34,50,16
34,50,16
34,49,16
35,49,15
34,46,13
40,50,18
37,47,15
38,45,15
38,47,18
40,48,19
40,48,18
35,48,19
36,46,19
36,46,20
36,47,19
37,49,20
37,47,20
36,47,19
36,47,19
36,46,20
38,47,20
36,47,20
37,47,20
36,47,20
36,47,21
36,47,21
36,47,20
36,47,20
36,47,19
36,47,20
35,47,20
35,47,21
35,47,21
35,47,21
35,47,22
35,47,22
35,47,22
35,47,22
35,47,22
35,47,22
35,47,22
36,47,21
35,47,21
35,47,21
35,47,22
35,47,21
35,48,22
35,48,21
34,47,22
34,48,22
34,48,22
34,47,22
35,48,22
35,48,21
34,48,22
34,48,22
35,48,22
34,48,21
34,48,21
35,48,21
35,48,21
35,48,21
34,48,21
35,48,21
34,48,21
34,48,21
34,48,21
34,49,21
34,48,21
34,48,21
34,49,21
34,48,21
34,48,21
34,48,21
34,48,21
34,48,21
34,48,21
34,48,20
35,48,20
35,48,20
35,48,19
35,49,20
35,48,20
35,49,20
35,48,20
35,48,20
35,48,19
35,48,20
35,48,20
35,48,20
35,48,20
35,48,20
35,48,20
35,48,21
35,48,21
36,48,20
37,49,20
37,48,22
35,47,28
37,46,29
44,48,23
67,40,27
35,51,17
67,52,26
50,43,17
37,38,20
-3,48,15
16,45,29
-1,44,29
-49,46,23
-45,37,22
-15,33,33
-37,38,32
-56,38,36
-45,42,42
-47,38,40
-50,23,37
-68,20,41
-73,43,49
-25,29,63
-16,21,63
-7,31,80
-6,37,76
-8,35,67
-10,32,44
-6,31,31
-5,34,5
3,45,-15
11,53,-20
13,59,-29
6,60,-32
-2,47,-21
-9,32,-13
-17,27,-19
-33,23,-33
-34,29,-41
-38,19,-50
-44,12,-61
-49,9,-70
-47,9,-79
-49,9,-80
-47,8,-76
-41,3,-66
-38,5,-63
-29,5,-58
-27,4,-53
-29,0,-53
-27,1,-57
-27,0,-60
-21,0,-66
-15,1,-67
-13,1,-66
-14,3,-67
-13,2,-64
-14,2,-62
-15,3,-64
-18,5,-68
-19,4,-66
-24,5,-66
-26,5,-65
-32,7,-67
-31,8,-66
-32,11,-65
-33,13,-65
-34,16,-60
-31,20,-60
-29,23,-59
-25,23,-56
-23,29,-54
-20,29,-55
-14,32,-50
-14,34,-50
-6,41,-45
-2,42,-38
2,45,-33
7,43,-23
12,47,-19
14,49,-9
14,50,1
16,47,8
19,52,22
23,53,27
29,57,28
34,57,22
32,56,20
31,54,20
33,52,20
28,55,17
24,53,22
17,54,20
13,53,24
7,58,22
1,55,22
-3,53,26
-11,52,27
-19,49,36
-26,44,46
-21,51,43
-23,54,35
-21,45,38
-23,50,30
-24,49,35
-33,49,30
-23,48,39
-24,47,41
-21,47,39
-15,49,34
-15,51,36
-13,47,39
-2,50,39
1,53,40
-7,45,33
-5,48,32
13,49,38
28,50,41
27,43,47
23,49,41
26,49,38
26,47,41
26,51,30
28,49,29
23,48,34
16,50,33
14,48,43
12,50,41
12,49,40
7,48,38
9,48,38
8,51,37
8,52,35
7,52,34
13,53,34
11,54,29
8,55,26
12,54,27
13,55,26
14,55,26
14,57,22
14,57,22
16,56,23
17,56,23
18,56,23
17,56,22
18,56,22
19,56,24
18,56,23
17,55,23
18,55,25
18,55,25
17,55,25
17,56,24
17,55,25
17,55,25
17,55,24
17,56,24
17,55,24
17,55,25
17,55,25
17,55,25
17,55,24
18,56,24
17,56,24
18,55,25
17,56,25
17,55,24
17,55,24
17,56,24
17,55,24
17,56,24
17,55,25
17,55,24
17,55,25
18,55,25
17,55,24
18,55,25
17,56,24
18,55,25
18,55,24
18,55,25
18,55,25
18,55,25
18,55,24
18,55,25
18,55,24
18,55,24
18,55,24
19,55,25
19,55,24
19,55,24
19,55,24
19,55,24
19,55,24
18,55,24
19,55,25
19,55,24
18,55,24
18,55,24
18,55,24
18,55,24
18,55,24
19,55,24
18,55,24
18,55,24
19,55,25
18,55,24
19,55,24
18,55,24
18,55,24
19,55,25
19,55,24
18,55,24
18,55,25
19,55,25
18,55,25
19,55,24
19,55,25
19,55,24
19,55,24
18,55,24
19,55,24
18,55,24
18,55,24
18,55,24
18,55,24
18,55,25
19,55,25
18,55,24
19,55,25
19,55,24
19,55,24
19,55,24
19,55,24
19,55,24
19,55,24
18,55,24
18,55,24
19,55,25
19,55,24
19,55,25
19,55,25
19,55,24
19,55,24
19,55,24
19,55,25
19,55,24
19,55,24
19,55,24
19,55,25
19,55,24
19,55,24
19,55,24
19,55,24
19,55,24
19,55,24
19,55,24
19,55,24
19,55,24
19,55,24
19,55,24
19,55,25
18,55,24
19,55,24
19,55,24
18,55,24
19,55,25
19,55,24
19,55,24
19,55,25
19,55,24
18,55,24
19,55,25
19,55,25
19,55,24
19,55,24
18,55,24
19,55,24
19,55,24
19,55,24
19,55,25
19,55,25
19,55,25
18,55,24
19,55,24
19,55,24
19,55,24
19,55,25
19,55,24
19,55,24
19,55,24
19,55,24
19,55,24
19,55,24
19,55,24
19,55,24
19,55,25
19,55,25
19,55,24
19,55,24
19,55,24
19,55,24
19,55,24
19,55,25
19,55,24
19,55,24
18,55,25
19,55,24
19,55,24
19,55,24
19,55,24
19,55,25
19,55,25
19,55,24
19,55,25
18,55,24
19,55,24
19,55,24
19,55,24
19,55,24
19,55,24
19,55,24
19,55,25
19,55,25
19,55,24
19,55,24
19,55,25
19,55,24
19,55,24
19,55,24
19,55,25
19,55,24
19,55,24
19,55,25
19,55,24
18,55,25
19,55,25
19,55,25
19,55,24
19,55,24
19,55,24
19,55,24
19,55,24
19,55,24
18,55,25
19,55,24
19,55,24
19,55,24
19,55,24
19,55,24
18,55,24
19,55,25
19,55,25
18,55,24
19,55,24
19,55,24
19,55,24
19,55,24
19,55,24
19,55,24
18,55,24
19,55,25
19,55,24
19,55,24
19,55,24
19,55,25
18,55,24
19,55,24
19,55,24
19,55,24
19,55,24
19,55,24
18,55,24
19,55,24
19,55,24
19,55,24
19,55,24
19,55,24
19,55,24
19,55,24
19,55,24
19,55,24
18,55,24
19,55,24
19,55,25
19,55,25
19,55,25
19,55,24
19,55,24
19,55,24
19,55,24
19,55,24
19,55,24
19,55,25
19,55,25
19,55,24
19,55,25
19,55,24
18,55,24
19,55,25
19,55,24
19,55,24
19,55,24
19,55,25
19,55,24
19,55,24
19,55,25
19,55,25
19,55,24
19,55,24
19,55,24
19,55,24
19,55,24
19,55,24
19,55,24
19,55,25
18,55,24
19,55,24
19,55,24
19,55,24
19,55,24
19,55,24
19,55,24
19,55,24
19,55,25
19,55,24
19,55,24
19,55,24
19,55,24
19,55,24
19,55,25
19,55,24
19,55,24
19,55,25
19,55,25
19,55,24
19,55,24
19,55,24
19,55,24
19,55,24
19,55,24
19,55,25
19,55,24
18,55,24
19,55,24
19,55,24
19,55,25
19,55,24
19,55,24
19,55,24
19,55,24
19,55,24
19,55,24
19,55,25
19,55,24
19,55,24
19,55,24
19,55,24
19,55,25
19,55,24
19,55,24
18,55,24
19,55,25
19,55,24
19,55,24
19,55,24
19,55,24
19,55,24
19,55,24
19,55,24
19,55,24
19,55,24
19,55,25
19,55,24
19,55,24
19,55,25
19,55,24
19,55,24
19,55,25
19,55,25
19,55,25
19,55,25
19,55,24
19,55,24
19,55,24
19,55,24
19,55,24
19,55,24
19,55,25
19,55,25
19,55,24
19,55,24
19,55,24
19,55,24
19,55,24
19,55,24
18,55,24
19,55,24
19,55,24
19,55,24
19,55,24
19,55,24
19,55,24
19,55,24
19,55,25
19,55,24
19,55,25
18,55,25
18,55,25
15,54,27
11,54,28
11,52,30
10,53,30
11,51,31
21,52,27
25,49,22
28,49,19
37,49,10
42,51,1
44,50,0
42,47,-2
42,46,-4
40,45,-7
39,48,-15
38,50,-16
35,50,-18
36,50,-21
37,49,-24
37,48,-25
36,48,-26
35,47,-26
36,46,-25
37,46,-23
38,46,-21
39,46,-20
38,46,-18
38,46,-18
37,45,-16
35,45,-15
35,45,-14
32,45,-15
31,46,-22
34,46,-23
34,46,-28
35,46,-31
33,45,-35
29,44,-38
28,43,-39
29,43,-39
30,44,-39
28,45,-37
29,45,-35
30,44,-34
30,45,-34
29,44,-33
28,45,-31
29,45,-30
30,45,-30
30,46,-28
29,46,-28
30,46,-28
29,46,-28
29,46,-28
29,46,-29
30,47,-30
30,46,-30
30,46,-31
30,46,-31
31,47,-31
31,47,-31
31,47,-31
31,47,-30
31,47,-30
31,48,-29
32,48,-27
33,49,-26
32,49,-24
31,49,-24
31,50,-21
30,51,-20
29,52,-20
29,53,-18
28,53,-18
28,53,-17
28,54,-14
27,54,-13
27,53,-8
27,54,-6
28,55,-5
29,55,-2
28,55,-1
28,54,2
28,55,4
28,55,4
28,56,5
29,56,6
28,56,5
28,56,6
28,56,6
26,56,5
25,56,6
25,57,5
26,57,6
25,57,5
24,57,6
25,57,6
24,58,6
24,58,6
24,57,6
25,57,7
25,57,6
24,57,6
24,57,6
24,58,7
23,58,6
23,57,8
24,58,8
24,58,8
24,57,8
24,57,9
24,57,9
23,57,8
24,57,9
24,58,8
24,58,8
24,58,8
24,58,8
24,58,7
24,58,7
24,58,7
24,57,7
24,57,7
24,57,7
24,58,8
24,57,8
24,58,8
24,58,8
24,57,8
24,58,8
24,58,8
24,57,7
24,58,8
24,58,8
24,57,7
24,57,7
24,57,8
24,58,7
24,58,7
24,58,8
24,57,8
24,58,7
24,58,8
24,58,8
24,57,8
24,57,8
24,58,8
24,57,8
24,58,8
24,58,8
24,57,8
24,58,8
24,58,8
24,58,8
24,57,8
24,57,8
24,57,8
24,57,8
24,58,8
24,58,8
24,57,8
24,58,8
24,57,8
24,57,8
24,58,8
24,57,8
24,57,8
24,58,8
24,58,8
24,58,8
24,57,8
24,57,8
24,57,8
24,58,8
24,57,8
24,57,8
24,57,8
24,57,8
24,58,8
24,57,8
24,57,8
24,58,8
24,57,8
24,57,8
24,57,9
24,57,9
24,57,9
23,57,9
23,57,9
24,57,9
23,57,8
23,58,8
23,58,8
24,57,9
23,58,9
24,58,9
24,57,9
23,57,9
23,58,10
23,58,9
23,57,9
23,58,9
23,57,9
23,57,9
23,58,9
24,58,9
23,58,9
23,57,9
23,58,9
23,58,9
23,58,9
23,57,9
24,57,9
23,58,9
23,58,9
24,58,9
23,58,9
23,58,9
23,58,9
23,58,9
23,58,10
23,57,9
23,58,9
23,58,9
23,58,9
23,57,9
23,58,9
23,58,10
23,58,9
23,58,10
23,58,9
23,57,10
23,57,9
23,57,10
23,58,9
23,58,9
23,58,10
23,58,10
23,57,10
23,58,10
23,58,10
23,58,9
23,58,9
23,58,9
23,57,10
23,58,10
23,58,10
23,58,10
23,58,9
23,58,9
23,58,9
23,57,10
23,58,10
23,57,10
23,58,10
23,58,10
23,57,10
23,58,9
23,58,10
23,58,10
23,58,10
23,57,10
23,58,9
23,58,10
23,58,10
23,58,10
23,58,10
23,58,10
23,58,9
23,58,10
23,58,10
23,58,10
23,57,10
23,58,10
23,58,9
23,57,10
23,58,10
23,58,10
23,58,9
23,58,10
23,57,10
23,57,10
23,58,10
23,58,10
23,58,10
23,58,10
23,58,10
23,57,10
23,57,10
23,58,10
23,58,10
23,57,10
23,57,10
23,58,10
23,58,10
23,58,10
23,57,10
23,58,9
23,58,9
23,58,9
23,58,10
23,58,10
23,58,10
23,57,10
23,57,10
23,57,10
23,58,10
23,58,10
23,58,10
23,58,9
23,58,9
23,58,9
23,58,10
23,58,10
23,58,9
23,58,10
23,58,10
23,57,10
23,57,10
23,58,9
23,58,9
23,57,9
23,57,9
23,58,9
23,58,10
23,58,10
23,58,10
23,58,10
23,58,10
23,58,9
23,58,9
23,58,9
23,58,9
23,58,10
23,57,10
23,57,10
23,58,10
23,58,10
23,58,10
23,58,9
23,58,9
23,58,10
23,58,10
23,58,10
23,58,10
23,58,10
23,58,9
23,58,10
23,58,9
23,58,9
23,57,10
23,58,10
23,57,10
22,58,9
23,57,10
23,58,10
23,57,10
23,57,10
23,58,10
23,58,9
23,58,10
23,57,10
23,57,10
23,58,10
23,57,10
23,58,10
23,58,10
23,58,10
23,58,10
23,58,10
23,58,10
23,58,10
23,58,10
23,58,10
23,58,10
23,58,10
23,57,10
23,58,10
23,58,9
23,58,10
23,57,10
23,58,10
23,58,10
23,58,10
23,57,10
23,58,10
23,57,10
23,58,10
23,58,10
23,58,10
23,58,10
23,58,10
23,58,10
23,57,10
23,58,10
23,58,9
23,58,9
23,58,10
23,58,10
23,58,10
23,58,10
23,58,10
23,58,10
23,58,10
23,58,10
23,57,10
23,58,10
23,58,10
23,58,10
23,58,10
23,57,10
23,58,10
23,58,10
23,58,10
23,58,10
23,58,10
23,58,10
23,58,10
23,58,9
23,58,10
23,57,10
23,57,10
23,58,10
23,58,10
23,58,10
23,58,10
23,58,10
23,58,10
23,58,10
23,58,10
23,58,10
23,58,10
23,58,10
23,58,10
23,57,10
23,58,10
23,58,10
23,58,9
21,58,8
15,58,2
16,58,0
19,58,-6
30,59,-8
38,57,-5
30,56,-9
30,56,-9
32,55,-4
33,57,-2
26,56,-2
22,57,-3
25,57,-1
23,57,0
26,56,3
21,57,0
24,57,1
25,57,1
24,58,0
24,58,0
24,58,0
25,57,1
24,58,0
24,58,1
25,58,2
24,58,2
24,58,2
23,58,2
23,58,3
23,58,2
23,58,3
22,58,2
22,58,2
22,58,1
22,58,1
21,58,0
23,58,0
23,58,0
23,58,0
23,58,1
23,58,1
25,58,2
25,58,3
25,57,3
25,58,3
25,57,3
25,57,3
25,58,3
25,58,3
25,58,3
24,58,2
24,58,2
24,58,3
23,58,2
23,58,2
23,58,2
23,58,2
23,58,2
23,58,1
24,58,0
23,58,1
24,58,3
26,57,4
25,58,4
26,57,5
26,56,6
27,57,6
26,57,5
26,56,6
24,57,6
28,57,6
29,56,7
24,57,5
23,57,5
25,56,6
26,58,5
30,51,7
32,60,9
26,57,6
29,54,7
35,53,10
29,51,9
31,54,9
31,54,8
28,57,6
30,53,4
30,56,4
32,57,7
30,54,5
29,55,5
30,55,4
31,55,4
27,56,3
28,56,3
26,57,3
25,56,2
26,57,3
23,57,1
25,57,1
27,57,0
27,57,0
27,57,0
28,57,1
27,57,2
26,57,2
25,58,3
26,56,3
25,57,3
25,58,3
25,57,2
26,57,3
26,57,2
25,57,1
26,58,1
26,57,1
26,57,0
26,57,1
26,57,1
26,58,1
26,57,2
26,57,2
26,57,3
