1561114525.000000, 1561114525.000000, 1561114525.000000
32.000000, 32.000000, 32.000000
3,2,63
3,2,63
3,2,63
3,2,63
3,2,62
3,2,62
3,2,63
3,2,63
3,2,63
3,2,63
3,2,62
3,2,62
3,2,62
3,3,63
3,2,63
3,2,62
3,2,62
3,2,63
3,2,63
4,2,62
3,2,63
3,2,63
3,2,62
3,2,62
3,2,63
3,2,62
3,2,62
3,2,62
3,2,62
3,3,62
3,2,63
3,2,62
4,2,63
4,2,63
3,2,62
3,2,63
3,3,63
3,2,63
3,2,63
3,2,62
3,2,62
4,2,64
7,2,65
6,2,65
1,2,66
2,2,66
1,-2,62
1,1,59
-11,5,58
-12,6,56
-16,10,57
-9,9,62
-14,8,64
-21,8,59
-23,9,57
-29,9,56
-24,9,58
-23,8,58
-29,6,54
-33,3,52
-34,0,50
-35,-1,50
-37,-4,51
-51,-4,48
-46,-1,49
-44,-2,48
-46,1,46
-43,1,46
-46,1,44
-48,1,42
-59,2,32
-59,1,29
-50,2,25
-58,6,23
-68,11,19
-67,14,13
-71,18,10
-67,14,12
-62,15,16
-58,16,17
-56,16,16
-59,16,13
-57,16,14
-55,18,14
-54,20,16
-53,22,16
-53,27,15
-54,27,17
-53,28,16
-55,28,15
-56,30,15
-58,29,16
-56,28,16
-52,30,15
-51,31,15
-50,33,16
-52,37,15
-55,39,19
-53,29,15
-52,31,16
-53,30,18
-53,32,18
-53,31,18
-52,30,17
-53,31,16
-53,30,16
-54,29,15
-55,30,18
-55,30,17
-55,29,17
-55,29,17
-54,29,16
-55,28,16
-56,28,16
-55,28,16
-55,28,17
-56,29,16
-55,29,14
-55,28,14
-57,28,14
-58,28,14
-58,27,14
-55,28,13
-56,27,14
-55,28,14
-56,28,14
-56,27,15
-55,28,15
-57,27,14
-54,27,15
-54,28,14
-56,28,14
-57,28,14
-55,27,15
-54,27,15
-57,28,13
-55,28,14
-55,27,15
-56,27,15
-56,27,15
-57,28,14
-57,27,15
-56,28,14
-56,27,14
-56,27,15
-56,27,15
-56,27,15
-57,27,14
-56,27,14
-56,27,14
-57,27,14
-57,26,14
-56,27,14
-56,27,14
-56,27,14
-56,26,14
-56,27,14
-57,27,14
-57,27,14
-56,27,14
-56,27,14
-56,26,14
-57,27,14
-56,27,14
-57,27,14
-57,27,14
-58,26,14
-56,26,13
-57,26,13
-57,26,13
-57,26,14
-57,26,13
-57,26,13
-57,26,13
-57,26,14
-57,26,13
-56,26,13
-57,26,14
-57,26,13
-57,26,14
-57,26,14
-57,26,13
-57,26,13
-57,26,14
-57,26,13
-57,26,14
-57,26,13
-57,26,13
-57,26,14
-57,26,14
-56,26,13
-58,26,13
-57,26,14
-57,26,13
-57,26,13
-57,26,13
-57,26,13
-57,26,13
-57,26,14
-57,26,13
-57,26,13
-57,26,13
-57,26,13
-57,26,13
-57,26,13
-57,26,13
-57,26,13
-57,26,13
-57,26,13
-57,26,13
-57,26,13
-57,26,13
-57,26,13
-57,26,13
-57,26,13
-57,26,13
-57,26,13
-57,26,13
-57,26,13
-57,26,13
-57,26,13
-57,26,13
-57,26,13
-57,26,13
-57,26,13
-57,26,13
-57,26,13
-57,26,13
-57,26,13
-57,26,13
-57,26,13
-57,26,13
-57,26,13
-57,26,13
-57,26,13
-57,26,13
-56,26,12
-58,26,13
-57,26,13
-57,26,13
-57,26,13
-57,26,13
-57,26,13
-57,26,13
-57,26,13
-57,26,13
-57,26,13
-57,26,13
-57,26,13
-57,26,13
-57,26,13
-57,26,13
-57,26,13
-57,26,13
-58,26,13
-57,26,13
-57,26,13
-57,26,13
-57,26,13
-57,26,13
-57,26,12
-57,26,13
-57,26,13
-57,26,13
-57,26,13
-58,26,13
-57,26,13
-57,26,13
-57,26,13
-57,26,12
-57,26,12
-57,26,13
-57,26,13
-58,26,13
-57,26,13
-57,26,13
-57,26,12
-58,25,13
-57,26,13
-58,26,12
-57,26,12
-57,26,12
-57,26,12
-57,26,12
-57,26,13
-57,26,13
-57,26,13
-58,26,12
-57,26,12
-58,26,12
-58,26,12
-56,26,12
-57,26,13
-57,26,14
-57,26,13
-57,26,13
-57,26,13
-57,26,13
-57,26,13
-57,27,13
-57,26,13
-56,27,13
-57,27,13
-57,26,13
-56,27,14
-57,26,13
-56,26,14
-57,27,13
-57,26,13
-57,27,13
-57,27,13
-57,27,13
-57,27,13
-57,27,13
-57,27,13
-57,26,13
-58,27,13
-56,27,13
-56,26,13
-57,27,14
-57,27,13
-57,27,13
-57,27,13
-57,27,13
-57,26,13
-57,27,13
-57,27,13
-57,26,13
-57,26,13
-57,27,13
-57,27,13
-57,26,13
-57,27,13
-57,26,13
-57,27,13
-57,27,13
-57,27,13
-57,27,13
-57,27,13
-57,26,13
-57,26,13
-57,27,13
-57,27,13
-57,26,13
-57,26,13
-57,27,13
-57,27,13
-57,27,13
-57,27,13
-57,27,13
-57,27,13
-57,26,13
-57,27,13
-57,27,13
-57,27,13
-57,27,13
-57,27,13
-57,27,13
-57,27,13
-57,27,13
-56,27,13
-57,26,13
-57,27,14
-57,27,13
-58,26,13
-57,26,12
-56,27,12
-57,27,12
-56,27,13
-57,26,16
-59,26,16
-57,27,14
-58,27,13
-59,27,12
-57,27,12
-56,26,12
-56,28,11
-55,29,10
-56,28,10
-56,28,9
-56,28,10
-56,29,10
-57,29,10
-57,28,11
-57,28,12
-56,29,13
-56,29,12
-56,29,11
-56,29,10
-56,29,10
-56,29,10
-56,29,11
-57,29,12
-56,29,12
-55,29,12
-55,28,12
-56,29,11
-56,29,11
-56,29,11
-56,29,11
-55,29,11
-56,29,11
-55,28,11
-56,29,11
-56,29,10
-57,29,11
-57,28,10
-56,29,10
-57,29,11
-56,28,10
-57,28,10
-57,28,11
-57,28,11
-57,27,11
-57,27,11
-57,27,11
-57,27,11
-57,27,11
-57,27,12
-58,27,11
-57,27,12
-58,26,12
-58,26,12
-58,26,12
-58,27,12
-57,27,11
-57,26,11
-57,26,10
-58,26,11
-58,26,11
-58,27,11
-57,27,12
-56,26,12
-56,26,12
-57,26,12
-57,27,12
-57,27,11
-57,27,11
-57,26,10
-57,25,10
-59,26,11
-59,26,12
-58,27,12
-57,26,12
-57,26,12
-57,25,12
-59,25,11
-58,26,11
-58,26,11
-60,26,11
-59,26,12
-59,26,12
-59,26,12
-57,27,13
-57,28,12
-58,28,11
-58,29,10
-56,30,11
-56,30,8
-56,32,9
-55,33,8
-55,33,7
-57,34,5
-55,37,4
-53,37,3
-51,38,1
-48,36,-1
-36,37,-4
-36,39,-4
-34,45,1
-47,47,11
-49,42,16
-42,26,32
-62,3,32
-76,0,34
-60,13,45
-49,10,39
-52,6,34
-52,5,34
-58,-3,35
-51,-1,37
-56,1,34
-48,5,36
-51,6,34
-50,5,33
-55,4,31
-65,3,24
-57,3,35
-53,3,34
-60,5,25
-56,5,28
-51,4,24
-67,4,13
-62,2,13
-70,3,11
-74,2,10
-55,3,27
-44,2,35
-64,1,26
-50,1,21
-58,0,18
-64,9,9
-61,4,-1
-68,3,2
-59,3,5
-78,6,-1
-83,7,-4
-65,7,-3
-71,16,-10
-63,17,-9
-64,23,-14
-60,25,-9
-48,27,-16
-40,27,-24
-46,26,-27
-47,30,-27
-54,29,-29
-49,26,-25
-43,24,-22
-56,29,-25
-53,28,-28
-47,28,-27
-46,31,-27
-47,31,-31
-47,28,-32
-49,28,-31
-54,24,-32
-58,19,-33
-61,20,-35
-67,25,-36
-62,25,-35
-58,23,-29
-59,23,-30
-56,29,-31
-51,30,-27
-46,28,-23
-43,30,-19
-41,30,-18
-35,33,-13
-34,31,-17
-37,33,-18
-35,29,-18
-37,30,-20
-36,34,-10
-48,35,-18
-44,34,-18
-45,34,-23
-43,35,-22
-46,35,-26
-45,34,-25
-52,34,-30
-52,36,-33
-49,33,-28
-52,33,-31
-54,33,-31
-53,29,-28
-49,28,-31
-50,27,-32
-53,24,-26
-53,23,-28
-53,21,-30
-51,19,-28
-54,19,-32
-56,17,-33
-57,16,-31
-57,16,-30
-61,10,-29
-56,15,-21
-58,15,-21
-66,11,-27
-61,8,-19
-57,8,-22
-61,9,-23
-61,12,-15
-60,11,-18
-64,11,-14
-63,6,-16
-63,6,-19
-63,3,-17
-61,1,-18
-64,0,-19
-65,1,-15
-66,4,-17
-66,4,-18
-64,1,-17
-63,3,-20
-58,-1,-15
-57,2,-15
-61,4,-17
-64,3,-15
-62,4,-17
-64,5,-20
-63,1,-18
-62,-2,-19
-69,3,-23
-73,-3,-20
-71,-8,-19
-68,-8,-24
-69,-2,-22
-61,-5,-15
-57,4,-9
-57,9,-9
-51,10,-13
-54,10,-11
-59,22,-6
-53,32,2
-45,36,0
-38,54,11
-38,42,18
-44,30,40
-12,34,61
13,23,70
-25,30,53
-33,26,50
-41,20,51
-43,16,47
-56,15,44
-53,10,46
-57,1,52
-64,4,44
-49,2,41
-36,9,42
-37,12,41
-45,12,39
-45,14,41
-47,15,36
-45,12,40
-45,12,42
-50,14,37
-54,15,32
-58,19,24
-56,22,23
-52,22,14
-47,19,6
-51,11,10
-52,9,9
-56,18,-11
-94,16,-43
-110,5,-52
-35,14,-16
-56,22,-29
-61,18,-32
-76,23,-40
-43,22,-23
-39,23,-25
-50,28,-23
-76,30,-60
-26,6,-17
-30,-14,-41
-66,39,-52
-48,32,-35
-39,35,-40
-27,36,-33
-24,37,-28
-39,40,-28
-38,39,-30
-34,42,-27
-42,41,-34
-41,41,-28
-43,43,-26
-48,45,-27
-39,46,-26
-44,46,-23
-43,43,-24
-38,44,-25
-41,43,-26
-39,43,-28
-41,44,-29
-38,46,-27
-28,45,-26
-37,50,-29
-41,49,-31
-12,58,-20
-25,46,-33
-17,46,-33
-7,59,-29
-20,57,-28
-10,60,-22
-15,56,-16
-18,53,-15
-24,57,-15
-22,58,-19
-20,56,-24
-14,57,-22
-21,56,-20
-24,56,-17
-40,57,-7
-36,49,-6
-37,52,-12
-35,52,-22
-40,54,-20
-38,53,-12
-37,50,-8
-45,51,-10
-41,48,-10
-43,47,-10
-44,47,-12
-44,47,-13
-41,49,-17
-42,48,-16
-45,47,-15
-44,47,-14
-44,48,-15
-46,47,-19
-45,44,-21
-45,42,-16
-43,43,-16
-45,42,-12
-51,42,-9
-46,43,0
-44,43,-11
-51,41,-25
-45,41,-26
-52,39,-15
-45,41,-10
-49,48,-14
-50,48,-19
-46,45,-23
-43,40,-21
-38,38,-18
-46,45,-14
-50,44,-10
-47,44,-20
-44,43,-20
-42,46,-20
-41,49,-20
-35,52,-22
-35,51,-25
-36,53,-26
-30,51,-21
-29,51,-24
-34,44,-11
-30,49,0
-32,54,-1
-35,57,2
-33,60,-2
-29,59,-3
-28,60,-5
-28,58,-3
-29,58,-1
-28,60,-3
-28,61,-5
-28,56,-3
-26,58,-4
-30,59,-8
-29,63,-13
-16,57,-9
-18,54,-7
-30,58,-6
-33,61,-6
-33,58,-9
-29,58,-13
-25,53,-14
-29,57,-13
-39,60,-12
-34,57,-12
-31,54,-10
-38,52,-10
-44,51,-10
-46,53,-11
-34,50,-12
-29,47,-8
-42,47,-1
-44,46,-1
-45,41,-2
-50,49,-8
-49,47,-7
-46,46,-9
-43,47,-11
-53,43,-9
-58,45,-10
-53,47,-13
-56,39,-16
-53,42,-17
-46,39,-16
-38,40,-18
-39,37,-16
-54,34,-10
-54,55,-8
-50,30,-13
-57,31,-20
-45,39,-23
-42,40,-20
-42,43,-31
-31,45,-27
-41,41,-40
-35,28,-28
-34,32,-28
-36,42,-36
-43,32,-43
-32,28,-42
-34,32,-41
-32,28,-53
-36,27,-52
-34,21,-47
-26,21,-44
-28,28,-48
-32,28,-57
-18,24,-48
-19,22,-47
-24,29,-51
-23,28,-49
-21,23,-49
-21,25,-48
-24,25,-60
-18,17,-56
-18,17,-58
-20,26,-56
-18,28,-13
-35,10,-54
-16,19,-38
-32,17,-58
-29,23,-53
-41,25,-47
-53,14,-27
-42,19,-35
-61,31,-26
-73,33,-37
-68,22,-51
-76,28,-84
-66,40,-91
-20,37,-93
-3,44,-76
-4,49,-19
-17,59,3
-29,57,3
-40,50,7
-65,34,15
-72,14,-28
-58,11,-34
-72,11,-21
-44,9,-5
-51,20,-6
-50,28,5
-62,30,0
-52,38,-3
-43,39,-4
-61,39,-4
-49,38,-9
-53,37,-17
-67,16,-20
-75,11,-24
-53,9,-14
-48,18,-6
-56,24,-14
-60,23,-12
-56,22,-10
-64,23,-19
-63,23,-26
-81,17,-42
-78,20,-32
-80,30,-29
-51,47,-21
-48,48,-15
-47,46,-15
-28,49,-11
-9,54,-12
-13,56,-13
-11,62,-7
-7,54,2
-13,48,15
-18,46,3
-23,30,-20
-78,-14,15
-63,-8,13
-80,-12,-18
-67,-14,-11
-62,-14,-13
-79,-9,-27
-78,-14,-25
-60,-6,-24
-58,2,-30
-57,5,-30
-56,8,-26
-54,7,-24
-54,8,-29
-55,8,-26
-62,0,-51
-62,2,-38
-60,6,-32
-56,7,-30
-57,5,-28
-55,4,-28
-56,5,-28
-56,11,-33
-50,5,-32
-52,13,-34
-54,15,-39
-51,11,-38
-48,9,-38
-56,11,-38
-48,3,-16
-49,8,-17
-61,20,-33
-59,17,-48
-53,17,-46
-48,6,-36
-49,0,-31
-61,2,-24
-73,3,-32
-80,4,-31
-77,6,-28
-67,7,-33
-50,1,-25
-58,3,-11
-46,22,-2
14,31,32
29,32,49
-69,16,36
-85,31,45
-33,-4,63
-50,13,43
-30,12,44
-6,9,66
-25,7,54
-59,24,55
-26,19,61
-38,7,48
-28,14,58
-20,5,60
-35,5,51
-40,-2,47
-34,0,62
-22,5,66
-12,12,57
-4,10,57
-13,2,67
-19,1,58
-22,4,58
-2,4,68
-16,2,64
-34,11,54
-9,8,62
-26,12,60
-25,15,52
-31,5,57
-31,6,59
-30,10,53
-19,13,51
-33,12,50
-42,12,51
-5,8,68
-7,8,66
-44,13,49
-36,13,49
-21,5,58
-40,14,58
-27,-2,61
-29,9,53
-26,4,55
-29,-3,61
-35,2,54
-34,3,54
-26,0,58
-27,2,56
-23,3,60
-29,-1,58
-35,13,57
-34,10,57
-38,13,52
-33,18,60
-32,20,59
-28,21,54
-28,27,62
-29,21,62
-22,22,58
-30,24,51
-30,25,42
-31,26,44
-38,22,37
-38,22,33
-45,24,30
-47,26,28
-44,25,25
-47,24,14
-56,24,15
-60,25,8
-56,25,10
-57,26,11
-54,25,11
-52,28,10
-60,26,8
-68,25,7
-69,30,7
-52,26,7
-57,26,8
-58,25,13
-57,25,11
-55,30,2
-56,30,-1
-54,32,1
-54,32,5
-52,33,5
-57,43,2
-61,38,6
-54,30,12
-50,33,6
-53,29,-4
-59,31,5
-61,31,5
-56,33,0
-55,32,-2
-59,31,0
-55,34,4
-54,31,-1
-58,33,0
-55,32,2
-56,30,0
-54,32,0
-57,30,0
-57,30,2
-59,32,-1
-52,33,-8
-55,34,-3
-53,32,3
-54,32,1
-56,33,-3
-56,33,-1
-56,32,-1
-56,31,-3
-55,31,-2
-55,33,-2
-55,33,-1
-57,33,0
-53,33,-4
-53,35,-4
-54,33,-2
-56,32,-1
-55,30,0
-55,31,-3
-57,35,-7
-54,35,0
-53,34,1
-56,32,-2
-56,33,-3
-56,31,-3
-56,32,-2
-55,33,-2
-55,34,-3
-55,33,-5
-48,35,-9
-66,31,-7
-54,32,1
-53,33,-4
-50,33,-3
-53,35,-4
-49,35,-3
-51,34,-5
-53,35,-3
-55,34,-1
-56,34,-4
-51,33,-3
-60,32,0
-75,39,-7
-49,33,-2
-63,33,-6
-51,33,-3
-55,30,-8
-59,32,-7
-57,30,-7
-57,31,-3
-55,34,-1
-53,35,-3
-54,31,-11
-57,30,-4
-55,29,4
-56,29,-4
-57,30,-7
-54,31,-3
-55,31,-3
-58,30,-1
-54,30,-7
-50,29,-11
-54,32,-12
-60,31,-10
-57,30,-7
-57,29,-6
-68,26,-6
-54,28,-4
-57,28,-5
-60,26,-8
-56,26,-6
-64,25,-13
-66,26,-16
-72,27,-21
-88,24,-10
-87,24,-4
-92,20,-18
-77,12,-17
-44,28,-10
-28,47,2
-23,37,6
-11,50,15
-13,58,14
3,55,19
8,53,19
-17,45,24
-32,79,40
-34,67,33
-2,49,34
-11,51,35
-39,53,39
-31,57,41
-13,56,52
4,60,49
9,60,41
20,70,29
33,83,22
40,85,7
26,78,7
12,69,11
4,42,23
-2,26,30
2,12,48
-4,3,38
-73,-15,20
-61,-1,43
0,-16,75
4,-2,75
8,-2,80
4,6,73
-5,3,73
16,1,84
16,10,81
12,12,77
-20,16,57
-24,13,53
-18,15,51
-30,14,48
-20,22,59
-14,19,53
-16,17,52
-26,24,48
-21,23,53
-22,22,52
-23,22,52
-30,21,45
-22,23,48
-30,22,47
-30,25,53
-25,23,54
-32,24,51
-30,26,49
-33,27,42
-33,26,51
-29,25,52
-27,25,48
-34,24,45
-24,19,61
-25,24,56
-19,20,60
-15,22,61
-18,22,55
-25,25,46
-33,25,31
-47,25,29
-44,28,36
-26,21,46
-51,22,44
-57,28,47
-48,27,34
-48,27,34
-75,26,30
-49,30,37
-8,27,48
-31,37,29
-30,35,29
-21,26,38
-22,22,42
-7,18,53
6,4,71
7,0,78
19,7,77
5,0,68
5,-8,72
-2,-3,70
-21,-1,66
-37,3,58
-47,4,41
-55,10,20
-45,12,29
-48,9,40
-57,4,44
-53,6,40
-61,8,22
-74,1,22
-63,7,37
-61,4,33
-57,5,22
-57,9,18
-67,-3,34
-50,1,34
-49,4,30
-56,4,35
-51,1,25
-52,-1,25
-57,-1,30
-61,4,32
-62,2,28
-59,3,28
-61,10,19
-52,1,32
-55,-1,28
-66,0,30
-65,4,22
-61,-1,29
-70,-3,24
-49,-1,33
-55,-1,27
-57,-1,21
-54,-2,30
-62,0,28
-75,2,22
-70,1,25
-67,-7,40
-33,-5,52
-22,-3,41
-64,-9,37
-49,-10,57
-23,0,63
-34,7,51
-48,10,40
-50,10,31
-59,17,9
-55,19,8
-57,24,13
-58,18,9
-48,18,12
-62,20,14
-67,16,11
-58,18,15
-65,23,9
-51,25,14
-55,28,7
-63,26,-4
-51,26,8
-59,25,9
-58,22,17
-55,18,23
-61,22,19
-72,25,-2
-66,31,-4
-50,25,10
-66,21,5
-61,19,12
-37,20,33
-60,20,25
-66,18,24
-40,15,46
-52,17,45
-59,11,33
-50,10,37
-58,10,29
-58,12,28
-34,12,40
-33,7,44
-56,7,31
-51,9,39
-57,9,39
-65,12,14
-62,15,15
-59,6,30
-63,9,30
-59,17,14
-44,22,17
-41,19,31
-49,24,29
-68,18,25
-54,18,44
-65,9,40
-62,13,35
-51,14,24
-44,16,15
-80,-4,26
-86,-6,26
-52,21,9
-55,13,13
-51,17,16
-61,6,36
-51,7,36
-61,9,29
-59,10,25
-60,7,21
-57,13,11
-58,5,25
-53,2,33
-56,3,24
-60,1,25
-52,6,29
-62,6,27
-54,0,39
-59,0,35
-56,7,12
-52,6,22
-51,1,24
-63,3,34
-52,9,31
-56,3,30
-57,5,25
-61,1,29
-56,1,30
-58,-1,32
-59,-1,31
-58,5,21
-57,5,28
-62,2,34
-59,-2,35
-58,-1,33
-51,-2,23
-57,-3,23
-69,-1,22
-57,2,25
-53,-1,28
-54,0,27
-54,1,22
-53,-8,41
-64,0,33
-54,0,34
-54,-4,26
-55,-5,28
-57,-6,27
-52,-4,29
-53,-5,30
-58,-3,36
-59,0,35
-54,2,32
-55,0,35
-47,-6,37
-49,-6,30
-58,-4,24
-66,-1,17
-66,-5,21
-63,-6,22
-59,-5,19
-62,-5,19
-61,-5,22
-56,-2,22
-59,-7,22
-60,-8,25
-58,-4,26
-62,-5,20
-55,-6,28
-52,-6,30
-53,-7,31
-71,0,28
-58,-4,30
-52,-9,36
-60,-8,33
-58,-5,32
-66,-6,33
-73,-11,34
-56,-10,42
-60,-9,38
-58,-10,37
-67,-11,31
-33,-20,42
-22,-21,53
-32,-17,54
-40,-3,45
-37,1,42
-32,7,35
-31,10,36
-32,19,36
-36,23,38
-39,26,36
-37,33,27
-38,36,26
-46,42,29
-47,40,29
-39,43,25
-40,45,15
-41,44,12
-44,51,8
-41,52,8
-38,53,7
-37,56,7
-41,55,6
-56,52,4
-56,50,2
-51,42,11
-56,37,13
-63,33,6
-60,30,7
-67,26,7
-63,23,7
-57,24,11
-53,23,15
-64,22,12
-62,23,13
-60,26,15
-54,26,15
-60,24,12
-66,24,7
-61,23,1
-57,23,1
-59,23,0
-57,22,2
-53,22,-2
-61,23,-9
-65,23,-8
-67,23,-10
-67,23,-6
-68,23,3
-56,27,8
-59,27,5
-60,23,8
-61,22,9
-59,22,9
-61,25,15
-62,22,12
-64,24,17
-65,24,18
-60,28,16
-62,26,19
-58,27,22
-54,27,23
-55,26,23
-56,30,18
-52,30,20
-48,33,22
-45,36,20
-44,38,20
-45,41,24
-40,44,24
-34,46,26
-34,47,28
-26,49,26
-25,51,23
-30,53,19
-29,51,18
-31,53,16
-20,54,11
-20,55,7
-30,50,1
-34,47,-3
-39,39,3
-53,42,-11
-48,41,-6
-41,35,2
-55,32,0
-52,37,-11
-57,32,-8
-78,25,4
-68,30,0
-67,26,3
-56,30,10
-48,35,2
-64,31,-1
-74,29,3
-52,29,10
-58,27,14
-64,25,16
-75,21,22
-65,19,26
-70,25,36
-46,37,46
-19,33,47
-43,31,45
-48,29,34
-37,30,21
-23,24,30
-44,18,48
-31,28,52
-24,29,50
-16,26,54
-10,24,61
-16,20,64
-30,21,58
-35,14,70
-28,19,70
-27,26,66
-46,32,63
-23,33,60
-19,49,51
-23,55,50
-26,57,29
-8,60,23
1,64,23
3,62,22
-6,60,20
-2,54,19
0,49,22
-24,44,28
-21,38,35
-21,25,41
-58,21,34
-51,19,42
-67,5,40
-27,11,45
-22,10,45
-30,15,49
-21,17,59
-10,20,63
-18,23,57
-22,29,53
-20,29,52
-14,22,49
-12,32,46
-19,36,42
-13,31,39
-3,32,39
-4,43,41
0,41,33
-11,38,44
-26,43,57
-27,41,50
-44,41,60
-43,44,61
-39,33,78
-48,31,63
-47,33,66
-26,36,55
-25,32,47
-28,38,28
-31,41,21
-28,45,22
-32,51,17
-35,52,17
-22,47,23
-29,49,19
-33,49,23
-32,47,25
-35,48,22
-37,53,18
-33,51,25
-47,58,21
-49,58,13
-43,52,20
-35,51,14
-31,50,14
-30,49,11
-30,47,12
-37,49,8
-37,49,12
-34,49,13
-29,47,14
-33,51,12
-41,55,7
-38,52,8
-48,56,25
-55,57,23
-48,55,11
-49,51,16
-40,49,11
-27,47,7
-31,49,8
-33,46,3
-32,44,12
-34,46,14
-37,52,4
-37,53,4
-37,52,8
-34,52,18
-32,54,21
-40,57,10
-54,57,13
-58,54,3
-55,58,-4
-38,48,-9
-38,50,-13
-43,46,-22
-42,45,-24
-29,51,-24
-29,45,-18
-27,45,-14
-28,37,-7
-39,43,-17
-25,52,-27
-25,59,-21
-23,57,-23
-31,56,-26
-28,54,-22
-27,54,-24
-29,55,-26
-29,54,-23
-25,54,-21
-28,54,-22
-29,53,-17
-29,53,-17
-31,54,-22
-33,55,-25
-41,49,-17
-41,55,-21
-35,59,-23
-40,67,-18
-39,63,-17
-29,58,-18
-27,58,-15
-22,57,-10
-15,56,-5
-12,55,-3
-20,52,-2
-26,52,-2
-23,53,10
-27,56,9
-39,64,0
-25,61,6
-20,61,12
-19,61,12
-22,59,10
-23,62,8
-20,60,9
-20,61,12
-19,61,14
-22,62,15
-20,63,11
-21,61,10
-15,63,16
-15,63,18
-21,69,8
-27,67,2
-30,63,0
-29,57,-9
-22,59,-12
-13,61,2
-23,53,3
-21,56,3
-17,56,7
-20,60,5
-21,65,2
-16,67,4
-16,64,8
-14,61,4
-14,62,3
-18,61,8
-17,62,8
-20,65,4
-17,63,6
-15,65,6
-14,62,4
-16,62,2
-12,62,4
-14,61,4
-14,62,8
-14,64,7
-14,64,4
-14,61,6
-15,61,7
-17,63,1
-19,64,2
-14,62,12
-18,66,4
-18,66,3
-12,62,7
-13,63,9
-17,64,4
-19,64,3
-16,62,7
-15,63,4
-14,63,4
-14,62,4
-14,62,3
-9,62,5
-3,61,9
-11,60,-5
-14,58,3
-15,56,-1
-32,61,-1
-33,60,1
-36,56,-6
-38,63,-14
-24,67,-10
-24,60,-4
-24,60,-5
-21,61,-7
-22,60,-5
-24,59,-7
-26,59,-5
-27,59,-1
-28,57,-4
-29,57,-4
-29,55,-3
-35,54,-5
-35,55,-3
-36,53,-2
-37,52,-1
-38,52,1
-39,50,3
-43,48,5
-42,46,5
-42,44,6
-39,44,10
-42,47,8
-43,48,5
-42,47,8
-58,45,8
-49,44,15
-47,41,12
-51,29,39
-53,41,21
-42,33,20
-55,33,24
-50,34,27
-50,33,27
-47,32,26
-46,31,27
-44,29,29
-48,27,28
-45,25,27
-60,24,38
-81,29,40
-31,22,46
-44,25,40
-48,26,37
-49,24,36
-47,24,35
-48,24,32
-49,25,32
-49,24,32
-48,25,34
-47,25,35
-47,24,35
-47,24,36
-47,25,35
-48,26,34
-49,26,34
-47,24,34
-48,23,34
-48,22,35
-48,22,35
-48,23,34
-48,24,34
-48,25,34
-48,26,35
-48,26,34
-47,25,35
-47,24,35
-48,24,34
-48,26,33
-48,26,33
-49,27,33
-49,27,34
-48,25,35
-48,25,36
-56,27,41
-59,27,39
-64,33,37
-71,39,35
-73,40,38
-54,44,42
-46,45,36
-39,46,26
-33,47,23
-33,47,16
-25,51,9
-26,49,9
-15,45,12
-3,47,14
-30,52,4
-10,52,29
-14,46,26
-28,71,9
-14,59,24
-47,45,12
-3,53,17
-18,59,20
-22,62,22
-14,54,24
-11,54,20
-10,58,17
-10,54,26
3,57,20
0,62,27
-7,59,25
-7,58,22
-10,59,24
-9,59,24
-5,56,20
-4,55,22
-4,62,20
-1,59,24
-1,60,24
4,60,23
3,59,24
3,59,23
2,60,21
2,58,21
5,58,24
4,58,24
2,59,31
5,58,28
13,62,23
1,58,30
9,57,28
9,59,32
-1,58,42
14,53,24
12,60,30
8,59,35
18,57,31
21,53,29
10,54,27
8,62,30
13,56,26
11,56,29
6,59,34
3,62,32
-4,70,33
-4,61,34
6,58,34
16,52,32
8,56,35
16,54,28
4,55,13
-1,56,11
19,61,32
17,64,28
9,62,29
6,58,32
6,58,26
6,56,23
6,58,30
7,59,35
3,60,31
-3,64,19
3,59,22
5,59,22
-1,60,22
1,61,24
4,62,27
1,61,25
1,62,14
4,60,0
-2,56,19
-10,70,21
1,61,15
-2,65,10
3,62,20
3,61,17
0,64,12
5,63,18
6,62,18
8,63,18
6,63,18
2,63,15
3,63,16
5,62,17
5,62,17
10,62,16
9,61,17
6,63,15
3,63,14
5,61,17
8,61,20
6,61,21
6,62,22
7,62,20
0,62,16
1,62,19
1,62,21
6,62,18
6,62,19
-1,64,13
-2,64,14
3,62,19
2,63,19
0,63,16
-2,64,10
1,63,10
-1,64,15
1,64,12
5,65,1
8,63,10
3,63,18
-2,64,16
2,64,11
4,64,5
1,63,22
1,63,15
4,63,12
1,63,17
6,63,15
8,62,14
8,63,16
1,64,21
0,63,20
12,62,16
17,62,16
11,61,17
10,61,19
-5,62,19
-6,64,15
3,63,15
4,62,14
1,63,12
9,63,14
13,62,14
9,64,12
8,63,21
10,60,22
9,61,10
15,61,12
18,59,12
19,62,8
30,59,12
20,58,15
19,61,10
20,61,13
20,60,14
19,60,18
19,60,16
21,58,17
23,59,13
22,60,13
23,60,11
23,59,11
22,59,10
21,60,13
22,60,11
23,59,10
24,58,13
23,59,15
24,58,16
22,59,15
23,60,11
24,59,10
24,59,10
24,59,9
23,59,13
23,60,12
22,58,15
26,59,12
27,59,11
26,59,10
26,59,9
26,59,7
26,60,6
22,59,8
23,59,10
22,59,11
19,59,14
19,59,16
16,59,19
16,59,19
15,59,19
19,58,25
19,58,27
19,57,28
19,57,27
18,57,24
19,57,24
19,58,24
19,58,23
18,58,23
18,58,23
18,57,23
18,57,23
18,57,24
18,58,23
18,58,23
18,58,23
17,58,23
18,58,22
18,58,23
18,58,22
17,58,22
18,58,22
18,58,22
18,58,22
18,58,21
18,58,22
18,58,22
18,58,22
18,58,22
18,58,22
18,58,22
18,58,22
18,58,22
18,58,21
18,58,22
18,58,22
18,58,22
18,58,21
18,58,22
18,58,22
18,58,22
18,58,22
18,58,22
18,58,22
18,58,22
18,58,22
18,58,22
18,58,22
18,58,22
18,58,22
18,58,22
18,58,22
18,58,22
18,58,22
18,58,22
18,58,22
18,58,22
18,58,22
18,58,22
18,58,22
18,58,22
18,58,22
18,58,22
18,58,22
18,58,22
17,58,22
17,58,22
18,58,22
18,58,22
18,58,22
18,58,22
18,58,22
18,58,22
17,58,22
18,58,22
18,58,22
18,58,22
17,58,22
18,58,22
18,58,22
18,58,22
18,58,22
18,58,22
18,58,22
18,58,22
18,58,22
18,58,22
18,58,22
18,58,22
17,58,21
17,58,22
18,58,22
18,58,22
18,58,22
17,58,22
17,58,21
17,58,22
17,58,22
18,58,22
18,58,22
17,58,22
17,58,22
17,58,22
17,58,22
17,58,22
17,58,22
17,58,22
17,58,22
17,58,22
17,58,22
17,58,22
17,58,22
17,58,22
17,58,22
17,58,22
18,58,22
17,58,22
17,58,22
18,58,22
17,58,22
17,58,22
18,58,22
17,58,21
17,58,22
18,58,22
17,58,22
17,58,22
17,58,22
17,58,22
17,58,22
17,58,22
16,58,22
17,58,22
16,58,22
16,58,21
17,58,22
17,58,22
17,58,22
16,58,21
17,57,23
17,57,24
18,54,27
18,52,28
17,50,27
20,49,28
19,50,24
29,43,23
25,42,25
21,40,25
19,37,26
19,35,32
5,30,50
-9,26,69
-5,38,64
7,34,53
-33,0,76
-37,8,100
-5,13,79
7,13,63
9,14,56
6,8,61
7,7,66
7,6,67
3,7,66
3,8,64
5,6,65
3,6,60
7,4,61
7,4,64
4,4,68
4,4,69
0,5,58
2,5,63
2,3,63
1,4,64
2,4,63
3,4,61
-2,6,60
1,5,57
16,1,80
-5,2,64
-7,6,62
-4,6,62
0,5,63
2,1,64
-4,4,63
-3,4,62
-1,4,63
-3,4,63
-4,5,62
-2,3,63
-1,2,62
0,5,63
3,4,62
3,6,61
1,3,66
1,5,64
2,5,59
1,5,62
0,5,62
1,5,63
1,5,63
1,5,63
1,6,62
0,5,63
0,6,62
0,5,61
1,5,63
1,5,64
1,6,62
1,5,62
0,5,63
0,6,63
0,6,63
0,5,61
0,5,61
2,5,64
1,5,63
2,5,63
2,5,61
1,5,62
-2,6,65
-1,6,63
2,5,60
2,6,62
3,7,63
4,6,63
3,5,62
0,6,61
1,7,62
2,6,63
2,6,62
1,5,63
1,6,61
2,6,61
2,5,64
3,5,64
4,6,62
1,4,59
0,6,65
4,6,65
5,6,65
-2,9,64
0,8,66
-2,7,63
-5,7,62
-7,9,64
-8,9,63
-8,11,60
-12,10,55
-15,11,56
-13,14,62
-13,14,57
-13,15,52
-20,14,59
-19,13,60
-19,14,58
-19,13,59
-14,10,58
-21,9,59
-23,9,60
-17,9,60
-15,9,60
-19,10,59
-20,10,57
-20,10,57
-21,10,58
-21,12,57
-24,10,59
-24,11,59
-24,11,58
-21,10,59
-22,12,59
-22,11,59
-22,11,60
-22,11,59
-20,10,58
-17,8,59
-16,9,58
-15,8,57
-23,7,59
-23,10,60
-19,9,61
-20,12,69
1,8,66
-8,2,60
-23,3,56
-17,4,59
-17,6,65
-19,12,62
-16,13,56
-14,12,56
-16,11,56
-19,12,55
-21,12,57
-23,13,57
-33,14,53
-34,12,55
-32,12,55
-29,12,56
-32,12,53
-36,15,51
-34,13,52
-34,12,52
-31,12,50
-31,12,53
-30,12,56
-28,11,55
-30,11,54
-28,11,55
-24,9,54
-29,8,59
-32,9,56
-21,7,58
-21,6,73
-6,11,60
-13,8,46
-21,14,61
-9,12,62
-14,2,59
-29,10,68
-8,8,54
-2,8,55
-2,10,67
18,11,75
-12,9,50
-20,9,47
-25,9,63
-24,12,62
-10,11,54
-9,10,52
-18,5,56
-15,9,86
-5,16,79
-5,17,48
-19,14,43
-22,12,56
-21,12,56
-17,12,61
-12,10,64
-12,8,63
-13,6,64
-14,6,63
-13,5,58
-18,5,57
-23,1,54
-6,-2,91
2,2,72
-2,2,50
-8,-4,53
-27,1,54
-26,7,61
-24,10,59
-29,19,54
-28,16,52
-26,17,52
-27,16,52
-29,17,57
-31,14,56
-31,12,54
-33,10,55
-32,11,55
-29,13,55
-29,10,56
-30,11,58
-26,10,58
-28,9,55
-27,6,56
-23,6,57
-22,6,56
-25,2,57
-20,-1,63
-11,10,58
-10,10,62
-13,9,70
-9,3,74
-8,2,64
-18,1,47
-32,0,47
-25,6,56
-24,10,55
-23,16,55
-22,18,57
-24,21,56
-22,20,54
-19,16,54
-25,10,57
-25,6,63
-14,7,75
-15,13,64
-23,18,46
-21,16,55
-16,15,58
-15,13,61
-14,11,61
-13,7,61
-15,7,60
-15,1,61
-21,6,57
-15,6,55
-13,4,62
-17,5,70
-12,12,66
-2,4,58
-11,3,57
-14,3,59
-18,3,61
-23,10,63
-22,11,55
-23,11,54
-23,14,54
-22,13,52
-28,16,62
-29,17,62
-24,13,58
-25,12,59
-24,12,58
-18,10,57
-16,10,56
-16,10,55
-18,9,57
-19,13,61
-16,10,59
-17,13,82
-12,17,43
-5,16,49
-18,18,54
-19,15,54
-13,11,60
-16,10,61
-13,7,62
-13,7,60
-16,7,63
-21,7,62
-18,6,61
-17,3,56
-15,-1,57
3,2,83
-10,12,45
-11,8,47
-18,10,51
-18,9,57
-18,12,71
-16,11,67
-17,12,56
-19,10,59
-19,11,60
-17,12,59
-19,12,57
-19,12,61
-18,13,60
-19,12,59
-22,15,59
-20,13,60
-19,12,59
-19,12,60
-18,10,58
-16,9,58
-19,8,59
-20,7,60
-19,7,59
-16,4,58
-17,5,57
-16,10,59
-16,14,66
-17,5,63
-16,8,75
-13,7,60
-20,-2,50
-21,0,53
-21,2,54
-15,11,62
-15,17,59
-16,21,55
-16,20,57
-7,15,67
-44,19,43
-19,9,63
-22,3,72
-34,5,60
-10,7,62
-12,8,60
-12,8,57
-14,6,51
-13,5,51
-10,12,54
-12,12,56
-9,18,61
-4,19,61
-1,14,56
1,11,64
5,10,66
3,7,63
-1,6,68
4,0,74
7,1,58
-6,4,60
-1,6,63
-2,6,63
-12,3,62
-8,10,61
-1,4,61
0,9,67
1,8,60
-6,3,63
1,3,66
0,5,60
6,6,58
3,6,64
-6,6,65
0,4,60
-1,1,62
-10,1,60
-8,0,65
-4,4,62
0,3,62
1,5,63
3,5,63
-2,5,63
-2,5,62
-2,4,63
-2,5,62
0,4,62
2,5,62
3,5,63
1,4,63
1,6,63
3,4,64
-2,4,63
-2,4,64
6,3,60
2,5,61
-2,5,64
-3,6,63
2,5,61
3,4,64
1,4,64
4,7,67
4,2,65
5,6,60
14,4,60
4,6,58
2,7,68
-8,8,60
-7,5,63
-4,6,65
5,5,69
6,5,67
2,10,63
-1,14,67
-5,14,65
-15,19,60
-15,18,59
-16,19,56
-16,21,55
-18,20,53
-27,15,49
-23,12,48
-17,4,52
-19,1,52
-22,-2,54
-17,6,57
-19,12,68
-19,7,63
-11,12,65
-16,15,66
-18,14,62
-20,14,58
-20,14,59
-19,9,61
-19,8,56
-22,7,56
-19,9,61
-16,8,61
-19,11,58
-18,12,59
-16,10,59
-19,9,60
-20,9,61
-19,8,60
-20,9,61
-19,8,60
-19,9,60
-20,12,57
-15,9,59
-15,9,59
-14,7,57
-15,6,58
-17,7,58
-10,7,71
-6,6,75
-15,11,54
-9,7,50
-8,6,59
-18,7,64
-13,8,64
-13,8,62
-14,9,62
-15,9,59
-13,8,58
-17,8,61
-19,9,60
-16,8,58
-18,9,60
-19,9,60
-16,9,62
-17,10,62
-17,10,59
-16,10,61
-15,9,60
-16,7,59
-16,8,60
-15,7,59
-13,6,58
-14,4,60
-12,4,68
-11,5,68
-2,4,63
-5,3,59
-9,5,58
-15,6,58
-22,9,64
-18,10,61
-19,11,57
-21,12,56
-21,14,57
-21,13,60
-22,14,61
-22,13,54
-24,13,55
-24,14,57
-25,13,57
-25,12,56
-25,13,55
-23,12,56
-26,12,57
-27,13,55
-26,12,55
-26,11,57
-26,12,58
-24,12,56
-25,12,56
-27,12,57
-24,11,56
-26,11,55
-27,12,57
-25,11,56
-25,13,56
-27,13,55
-18,11,57
-20,10,57
-28,10,54
-12,5,64
-16,1,75
-5,16,70
-6,18,50
-19,12,49
-15,12,59
-14,10,61
-16,12,61
-16,13,58
-18,9,55
-17,6,55
-13,-1,56
-5,1,91
-13,10,69
-18,10,45
-21,10,49
-12,14,53
-12,12,51
-23,5,56
-15,7,94
-14,15,67
-13,12,37
-14,10,47
-18,8,57
-16,9,59
-18,6,58
-6,0,88
-6,1,75
-20,4,47
-27,0,47
-14,-1,58
-7,6,65
-4,9,65
-4,18,57
-3,20,55
-2,18,64
-10,12,66
-20,13,63
-9,6,68
-12,4,60
-13,12,55
-3,10,57
-12,10,60
-15,11,61
-7,10,63
-17,12,59
-15,9,64
-12,8,61
-11,10,60
-7,12,53
-10,7,54
-25,12,69
-22,8,59
-25,9,61
-15,13,64
-12,14,58
-13,19,59
-5,19,64
-1,19,63
4,17,51
3,12,54
-5,13,59
-8,13,59
6,9,66
15,9,61
8,12,53
-12,8,53
-16,8,58
-15,6,61
-17,8,73
-15,5,77
-16,6,63
-17,7,57
-17,7,57
-18,7,61
-14,5,65
-12,6,60
-13,7,60
-18,5,66
-13,6,63
-14,8,59
-16,8,61
-14,9,60
-17,9,57
-15,9,60
-14,8,61
-15,10,60
-13,7,61
-16,8,61
-14,8,63
-15,8,59
-14,9,58
-14,9,60
-14,9,60
-18,9,57
-18,10,58
-18,9,59
-20,9,61
-19,9,61
-24,9,59
-25,10,59
-17,9,58
-13,10,57
-13,10,57
-14,9,61
-20,9,62
-23,10,60
-19,8,59
-15,9,59
-16,9,61
-24,10,60
-22,9,57
-20,9,57
-21,9,59
-23,10,58
-23,9,57
-23,9,57
-24,9,57
-23,9,58
-23,10,57
-25,10,55
-23,10,57
-24,10,58
-24,10,58
-25,9,57
-26,10,56
-25,9,56
-26,10,57
-26,10,57
-26,9,56
-26,10,57
-26,9,57
-26,10,56
-27,10,56
-27,9,57
-27,9,57
-27,9,56
-28,10,55
-28,10,56
-27,9,57
-28,10,56
-28,9,55
-27,9,56
-28,10,56
-28,10,56
-27,10,56
-28,10,56
-28,10,56
-28,10,56
-27,10,55
-29,10,55
-29,10,56
-29,10,55
-29,10,55
-29,10,56
-30,10,55
-29,10,55
-30,10,54
-30,10,55
-30,10,55
-29,10,55
-29,10,55
-30,10,55
-29,9,56
-29,10,56
-29,10,55
-30,10,55
-29,9,55
-30,10,55
-29,10,55
-30,10,54
-30,10,54
-31,9,54
-30,10,54
-31,10,54
-31,10,54
-31,10,53
-32,10,53
-31,10,53
-32,10,54
-32,10,54
-30,10,55
-31,10,55
-31,10,54
-31,10,54
-30,10,55
-31,10,54
-31,10,54
-31,10,54
-31,10,54
-31,10,55
-31,10,54
-31,9,54
-31,10,54
-30,10,54
-31,10,54
-31,10,55
-30,10,55
-31,10,55
-31,10,54
-30,10,54
-31,10,54
-31,10,54
-30,10,54
-31,10,54
-31,10,55
-31,10,54
-30,9,54
-30,9,54
-30,10,54
-29,10,55
-29,10,55
-29,10,55
-29,10,54
-28,10,54
-29,10,56
-30,9,57
-28,9,56
-28,9,55
-28,9,56
-28,10,57
-25,9,56
-26,9,56
-28,10,56
-27,9,56
-26,9,56
-27,9,57
-27,9,57
-27,9,56
-27,9,56
-27,9,57
-27,9,57
-27,9,56
-27,9,56
-27,9,56
-26,9,56
-27,10,56
-27,9,56
-27,9,56
-27,9,56
-27,9,57
-27,9,56
-27,9,56
-26,9,56
-26,9,56
-27,9,56
-26,9,56
-27,10,56
-26,9,56
-27,9,57
-26,9,56
-26,9,56
-26,9,56
-26,9,57
-26,9,57
-25,9,57
-26,9,57
-26,9,57
-26,9,57
-25,9,57
-26,9,57
-26,9,57
-25,9,57
-26,9,57
-25,9,57
-25,9,57
-25,9,57
-25,9,57
-25,9,57
-25,9,57
-26,9,57
-25,9,57
-25,9,57
-26,9,57
-25,9,57
-25,9,57
-26,9,57
-25,9,57
-25,9,57
-26,9,57
-25,9,57
-25,9,57
-25,9,57
-26,9,57
-26,9,57
-25,9,57
-26,9,57
-26,9,57
-26,9,57
-26,9,57
-26,9,57
-25,9,57
-26,9,57
-26,9,57
-25,9,57
-25,9,56
-26,9,57
-26,9,57
-26,9,57
-26,9,57
-26,9,56
-26,10,57
-26,9,56
-27,9,57
-26,9,56
-26,9,56
-27,9,56
-27,9,56
-26,9,56
-27,9,56
-27,9,56
-27,9,56
-27,9,56
-27,9,56
-26,9,56
-27,9,56
-26,9,56
-27,9,56
-27,9,56
-27,9,56
-27,9,56
-27,9,56
-27,9,56
-27,9,56
-27,9,56
-27,9,56
-27,9,56
-27,9,56
-27,9,57
-26,9,56
-27,9,56
-27,9,56
-27,9,56
-27,9,56
-27,9,56
-27,9,56
-27,9,56
-27,9,56
-27,9,56
-27,9,56
-27,9,56
-27,9,56
-27,9,56
-27,9,56
-27,9,56
-27,9,56
-27,9,56
-27,9,56
-27,9,56
-27,9,56
-27,9,56
-27,9,56
-27,9,57
-27,9,56
-27,9,56
-27,9,56
-27,9,56
-27,9,56
-27,9,56
-27,9,56
-27,9,56
-27,9,56
-27,9,56
-27,9,56
-27,9,56
-27,9,56
-27,9,56
-27,9,56
-27,9,56
-27,9,56
-27,9,56
-27,9,56
-27,9,56
-27,9,56
-27,9,56
-28,9,57
-27,9,56
-27,9,56
-27,9,56
-27,9,56
-27,9,56
-27,9,56
-27,9,56
-27,9,56
-27,9,56
-27,9,56
-27,9,56
-27,9,56
-27,9,56
-27,9,56
-27,9,56
-27,9,56
-27,9,56
-27,9,56
-27,9,56
-27,9,56
-27,9,56
-27,9,56
-27,9,56
-27,9,56
-27,9,56
-27,9,56
-27,9,56
-27,9,56
-27,9,56
-27,9,56
-27,9,56
-27,9,56
-27,9,56
-27,9,56
-27,9,56
-27,9,56
-27,9,56
-27,9,56
-27,9,56
-27,9,56
-26,9,56
-27,9,56
-27,9,56
-27,9,56
-27,9,56
-27,9,56
-27,9,56
-27,9,56
-27,9,56
-27,9,56
-27,9,56
-27,9,57
-27,9,56
-27,9,56
-27,9,56
-27,9,56
-27,9,56
-26,9,56
-26,9,56
-27,9,57
-27,9,56
-26,9,56
-27,9,56
-27,9,57
-26,9,56
-26,9,56
-26,9,56
-26,9,56
-26,9,57
-26,9,56
-26,9,56
-27,9,56
-26,9,56
-26,9,56
-26,9,56
-26,9,57
-26,9,56
-26,9,56
-26,9,57
-26,9,57
-26,9,56
-26,9,57
-26,9,57
-26,9,56
-26,9,56
-26,9,57
-26,9,57
-26,9,56
-26,7,62
-25,9,62
-27,11,55
-27,9,55
-8,7,58
-30,8,63
-25,13,64
-35,10,47
-31,21,42
-35,12,56
-39,15,56
-39,14,48
-36,11,49
-33,9,51
-29,8,53
-28,7,55
-26,10,56
-24,10,55
-25,11,55
-25,11,59
-22,5,58
-21,17,58
-18,10,60
-29,15,56
-35,15,53
-8,1,60
-34,14,53
-29,11,54
-25,7,54
-24,7,58
-26,12,57
-20,5,57
-21,7,57
-36,14,56
-26,16,57
-24,12,57
-27,15,57
-27,9,56
-29,14,54
-27,11,55
-19,8,58
-24,13,58
-23,10,58
-22,10,58
-22,12,59
-18,11,60
-27,10,56
-20,11,58
-21,11,57
-24,11,58
-25,12,57
-28,10,54
-21,8,55
-24,11,57
-30,16,57
-25,13,57
-26,13,56
-24,12,57
-19,8,59
-20,10,58
-20,8,58
-16,4,60
-21,10,60
-21,12,59
-20,7,57
-21,7,58
-20,9,59
-20,9,59
-20,10,59
-21,10,59
-19,9,59
-18,5,59
-19,11,60
-20,9,59
-20,9,58
-19,8,59
-18,8,60
-22,11,59
-20,9,59
-20,9,58
-22,10,56
-25,11,58
-22,11,59
-20,11,58
-20,9,57
-20,8,59
-20,8,60
-18,9,60
-19,10,59
-17,8,61
-27,12,56
-14,7,62
-16,9,59
-14,8,61
-15,6,64
-18,8,61
-15,7,60
-13,6,60
-13,6,61
-15,7,61
-17,9,59
-14,7,60
-17,8,59
-15,7,61
-14,8,61
-14,8,61
-15,8,61
-15,9,60
-14,9,62
-15,7,62
-16,6,60
-14,7,60
-13,7,62
-12,0,62
-10,2,63
-18,10,60
-17,9,61
-14,8,60
-14,5,59
-13,3,61
-13,4,60
-12,7,61
-15,9,60
-12,6,60
-13,10,61
-13,6,60
-11,6,59
-11,8,61
-10,8,61
-4,6,65
-7,6,62
-7,8,67
-7,8,62
-8,8,60
-9,8,61
-11,8,62
-11,7,60
-11,8,62
-12,8,63
-12,8,61
-11,7,62
-12,8,62
-13,8,62
-12,7,61
-16,7,59
-16,6,56
-16,7,61
-17,8,62
-16,5,59
-21,8,63
-21,9,62
-8,7,60
-13,2,56
-6,8,58
0,-1,55
3,2,76
11,3,65
2,5,61
-3,6,64
-18,14,59
-9,11,59
-9,5,66
-12,18,59
-12,3,59
-18,7,52
-8,2,61
-21,9,70
-27,10,72
-18,4,69
-17,2,62
-20,4,59
-21,5,60
-20,7,59
-21,6,59
-20,4,59
-20,4,59
-21,4,61
-20,3,60
-19,3,59
-20,3,60
-20,3,61
-20,2,60
-21,2,59
-20,2,58
-20,2,59
-20,2,59
-20,1,60
-20,1,60
-20,1,59
-20,1,59
-20,1,59
-20,1,59
-20,0,60
-20,0,60
-20,0,60
-20,0,60
-20,0,60
-20,-1,60
-20,-1,60
-20,-1,59
-20,-1,60
-20,-1,59
-20,-1,60
-20,-1,59
-19,-1,59
-19,-2,60
-20,-2,60
-20,-2,60
-20,-2,59
-20,-2,59
-19,-2,60
-19,-2,60
-19,-2,60
-19,-2,60
-20,-2,60
-20,-2,60
-20,-2,59
-19,-2,60
-19,-3,60
-19,-3,60
-20,-3,59
-20,-2,59
-20,-3,59
-20,-3,59
-20,-3,59
-20,-2,59
-20,-2,59
-20,-2,60
-20,-2,60
-20,-2,60
-20,-2,59
-20,-2,59
-20,-2,59
-20,-2,60
-20,-2,60
-20,-2,60
-20,-2,59
-20,-2,59
-20,-2,60
-20,-1,59
-20,-1,59
-20,-2,59
-20,-2,59
-20,-2,60
-21,-2,59
-20,-2,60
-20,-2,59
-21,-1,59
-21,-1,59
-20,-2,59
-21,-1,59
-21,-1,59
-21,-1,59
-21,-2,59
-21,-1,59
-21,-1,59
-21,-1,59
-21,-1,59
-21,-1,59
-21,-2,59
-21,-1,59
-21,-1,59
-21,-1,59
-21,-2,59
-21,-2,59
-21,-2,59
-21,-2,59
-21,-2,59
-21,-1,59
-21,-2,59
-21,-1,59
-21,-2,59
-21,-2,59
-21,-1,59
-21,-2,59
-21,-1,59
-21,-1,59
-21,-1,59
-21,-1,59
-21,-1,59
-21,-1,59
-21,-1,59
-21,-1,59
-21,-1,59
-21,-1,59
-21,-1,59
-21,-1,59
-21,-1,59
-21,-1,59
-21,-1,59
-21,-1,59
-21,-1,59
-21,-1,59
-21,-1,59
-21,-1,59
-21,-1,59
-21,-1,59
-21,-1,59
-21,-1,59
-21,-1,59
-21,-1,59
-21,-1,59
-21,-1,59
-21,-1,59
-21,-1,59
-21,-1,59
-21,-1,59
-21,-1,59
-21,-1,59
-21,-1,59
-21,-1,59
-21,-1,59
-21,-1,59
-21,-1,59
-21,-1,59
-21,-1,59
-21,-1,59
-21,-1,59
-21,-1,59
-21,-1,59
-21,-1,59
-21,-1,59
-21,-1,59
-21,-1,59
-21,-1,59
-21,-1,59
-21,-1,59
-21,-1,59
-21,-1,59
-20,-1,59
-21,-1,59
-21,-1,59
-21,-1,59
-21,-1,59
-21,-1,59
-21,-1,59
-21,-1,59
-21,-1,59
-21,-1,59
-21,-1,59
-21,-1,59
-21,-1,59
-21,-1,59
-21,-1,59
-21,-1,59
-21,-1,59
-21,-1,59
-21,-1,59
-20,-1,59
-21,-1,59
-21,-1,59
-20,-1,59
-20,-1,59
-21,-1,59
-20,-1,59
-21,-1,59
-21,-1,59
-21,-1,59
-21,-1,59
-21,-1,59
-21,-1,59
-21,-1,59
-21,-1,59
-21,-1,59
-21,-1,59
-20,-1,59
-21,-1,59
-20,-1,59
-21,-1,59
-20,-1,59
-21,-1,59
-20,-1,59
-20,-1,59
-20,-1,59
-21,-1,59
-20,-1,59
-21,-1,59
-21,-1,59
-20,-1,59
-21,-1,59
-21,-1,59
-21,0,59
-21,0,59
-21,0,59
-20,0,60
-20,0,60
-20,0,60
-20,-1,59
-21,-1,59
-21,0,59
-21,0,59
-21,0,59
-21,-1,59
-21,-1,59
-21,0,59
-21,0,59
-21,0,59
-21,0,59
-21,0,59
-21,0,59
-20,0,59
-21,-1,59
-21,0,59
-21,-1,59
-21,-1,59
-21,-1,59
-21,-1,59
-21,-1,59
-21,-1,59
-20,-1,59
-20,-1,59
-21,-1,59
-21,0,59
-20,-1,59
-20,-1,59
-21,-1,59
-21,-1,59
-21,-1,59
-21,-1,59
-21,-1,59
-21,0,59
-21,0,59
-21,-1,59
-21,-1,59
-21,0,59
-21,0,59
-21,0,59
-21,0,59
-21,0,59
-20,0,59
-21,0,59
-21,0,59
-21,0,59
-21,0,59
-21,-1,59
-21,-1,59
-21,0,59
-21,-1,59
-21,0,59
-21,-1,59
-21,0,59
-21,0,59
-21,-1,59
-21,-1,59
-21,-1,59
-21,-1,59
-21,0,59
-21,0,59
-21,0,59
-21,0,59
-21,0,59
-21,0,59
-21,0,59
-21,0,59
-21,0,59
-21,0,59
-21,0,59
-21,0,59
-21,0,59
-21,0,59
-22,0,59
-21,0,59
-21,0,59
-22,0,59
-21,0,59
-21,0,59
-21,0,59
-21,0,59
-21,0,59
-21,0,59
-21,0,59
-21,0,59
-21,0,59
-21,0,59
-21,0,59
-21,0,59
-21,0,59
-21,0,59
-21,0,59
-21,0,59
-21,0,59
-21,0,59
-21,0,59
-21,0,59
-21,0,59
-21,0,59
-21,0,59
-21,0,59
-21,0,59
-21,0,59
-21,0,59
-21,0,59
-21,0,59
-21,0,59
-21,0,59
-21,0,59
-21,0,59
-21,0,59
-21,0,59
-21,0,59
-21,0,59
-21,0,59
-21,0,59
-21,0,59
-21,0,59
-21,0,59
-21,0,59
-21,0,59
-21,0,59
-21,0,59
-21,0,59
-21,0,59
-21,0,59
-21,0,59
-21,0,59
-21,0,59
-21,0,59
-21,0,59
-21,0,59
-21,0,59
-21,0,59
-21,0,59
-21,0,59
-21,0,59
-21,0,59
-21,0,59
-21,0,59
-21,0,59
-21,0,59
-21,0,59
-21,0,59
-21,0,59
-21,1,59
-21,1,58
-21,1,59
-22,2,60
-22,2,64
-21,-1,69
-23,-2,69
-21,0,75
-14,1,76
-20,10,53
-14,8,55
-17,2,62
-17,3,74
-17,14,68
-18,13,54
-23,22,50
-3,25,49
0,28,40
4,29,42
3,24,52
1,18,53
-18,7,76
-23,9,65
-8,5,49
-1,9,62
-2,9,60
2,5,54
0,1,64
9,4,70
0,7,66
6,11,65
7,12,68
3,7,63
10,6,60
1,7,66
1,10,72
8,13,63
10,10,59
16,10,61
13,9,60
8,9,59
5,10,60
0,10,59
7,8,65
5,7,66
3,11,62
8,9,61
10,10,59
9,8,60
2,10,64
8,9,63
8,10,61
6,9,61
4,9,62
3,9,61
4,9,62
5,10,63
8,9,60
8,9,60
7,9,62
6,9,65
6,10,60
3,7,63
10,8,73
4,8,67
-1,6,71
-1,12,79
-1,12,77
-11,16,70
-11,19,68
-11,20,56
-29,29,43
-28,34,35
-39,36,25
-35,40,25
-29,42,14
-31,50,10
-25,49,11
-33,54,-3
-26,56,-5
-24,53,11
-29,57,6
-25,56,14
-42,57,1
-36,60,0
-25,54,5
-34,57,4
-36,58,6
-29,59,10
-24,55,11
-26,57,9
-30,55,14
-29,56,10
-30,55,8
-41,54,10
-36,55,14
-29,57,10
-34,59,5
-29,57,5
-23,58,3
-28,60,-3
-32,60,-1
-31,60,3
-33,57,4
-31,54,9
-30,50,16
-31,55,5
-37,55,2
-38,50,19
-27,54,19
-28,56,10
-34,57,1
-37,54,3
-33,58,6
-36,58,5
-32,57,3
-30,58,0
-28,58,-1
-32,58,0
-32,59,1
-32,58,3
-32,56,1
-26,56,6
-38,50,13
-49,52,6
-44,49,3
-33,51,7
-33,53,11
-41,53,13
-40,53,8
-34,56,1
-34,55,0
-28,58,2
-27,61,0
-30,60,-4
-26,57,-3
-27,62,2
-32,56,0
-31,53,2
-49,49,9
-45,48,9
-34,57,5
-29,55,5
-35,54,8
-39,51,16
-38,53,14
-36,58,0
-35,57,0
-34,57,6
-30,57,11
-27,56,5
-27,57,3
-26,58,3
-29,59,2
-33,56,5
-31,59,5
-26,55,6
-29,53,10
-40,56,14
-37,56,13
-36,55,8
-32,56,4
-34,58,5
-30,55,9
-28,54,13
-35,56,10
-37,55,10
-32,56,9
-29,59,6
-30,58,3
-29,59,9
-31,58,9
-28,57,7
-25,56,9
-32,57,12
-35,57,11
-29,56,9
-26,56,10
-28,57,10
-28,58,14
-26,57,16
-28,58,16
-25,57,17
-21,57,19
-32,57,17
-31,58,17
-21,57,19
-20,59,17
-26,58,16
-29,58,19
-22,56,21
-22,56,21
-23,57,17
-22,56,21
-22,58,19
-25,56,19
-27,57,20
-28,59,20
-23,56,22
-23,55,21
-23,56,18
-28,57,18
-30,56,23
-27,57,20
-29,58,17
-20,56,16
-15,56,15
-22,58,13
-25,58,14
-27,56,22
-33,56,23
-30,55,21
-27,56,14
-32,57,11
-28,54,16
-25,54,16
-29,56,19
-36,56,18
-30,58,18
-28,57,17
-28,57,18
-25,55,16
-33,55,16
-35,54,18
-30,54,18
-28,54,18
-21,53,25
-19,54,29
-29,58,24
-20,56,25
-19,57,22
-23,58,16
-37,54,13
-36,48,38
-28,50,30
-22,60,24
-15,61,18
-16,59,19
-3,54,25
-12,58,26
-6,57,25
-10,57,24
1,55,34
-15,59,26
-13,56,23
-11,56,29
-10,57,29
-14,58,33
-13,57,30
-10,57,27
-7,58,29
-7,57,29
-8,56,30
-8,57,29
-8,57,31
-7,57,30
-6,57,29
-6,56,31
-7,57,30
-3,56,27
-5,57,30
-7,55,34
-7,55,34
-9,56,29
-3,56,35
2,54,35
-1,53,34
-10,53,31
-12,53,35
-13,57,29
-9,52,26
-31,55,19
-36,58,17
-36,58,19
-36,57,17
-26,54,14
-26,55,7
-25,56,5
-30,56,-7
-36,59,-10
-28,58,-8
-28,54,-6
-36,61,-6
-40,61,-5
-40,64,-9
-39,58,-10
-51,55,-8
-57,48,-4
-40,49,-4
-45,51,-8
-40,42,-6
-45,44,1
-37,45,-6
-21,47,11
-42,38,3
-35,49,-15
-33,54,-20
-40,55,-4
-33,53,-3
-35,52,-9
-36,54,-11
-32,52,-9
-35,54,-12
-39,54,-12
-32,52,-5
-31,74,-6
-36,42,-11
-35,57,-11
-31,54,-8
-31,54,-7
-37,57,-11
-39,56,-9
-38,55,-8
-31,55,-4
-30,53,-3
-35,56,-6
-36,52,-2
-34,49,-3
-38,58,-8
-39,59,-4
-38,53,1
-35,57,4
-38,53,5
-34,52,2
-32,53,-3
-32,61,1
-36,50,16
-40,52,12
-35,52,-5
-35,50,2
-41,55,-2
-40,54,-2
-29,54,5
-35,53,4
-40,55,-1
-37,54,2
-34,54,5
-38,55,4
-31,56,9
-37,53,11
-38,52,12
-39,55,8
-24,54,15
-31,53,12
-36,54,12
-30,54,17
-44,52,24
-47,54,18
-27,52,20
-21,55,32
-30,56,26
-37,57,14
-28,57,21
-19,57,21
-22,57,19
-18,58,22
-13,57,20
-14,59,18
-8,59,18
-6,60,16
-10,62,15
-5,61,15
-3,62,14
-11,62,19
-5,61,22
4,61,19
0,61,18
4,62,13
10,61,17
-7,59,21
-4,62,12
12,58,11
18,59,10
26,60,12
44,52,17
22,55,10
23,52,15
39,50,20
37,48,21
42,43,22
41,42,26
30,46,32
27,40,31
26,43,33
23,46,43
21,49,42
19,50,40
19,46,41
15,47,44
16,44,48
19,43,52
17,45,52
17,43,50
7,41,49
3,42,49
-5,42,47
-7,42,45
-5,41,44
-1,43,45
0,44,45
1,43,47
2,42,50
4,41,52
7,40,48
2,39,49
-5,42,48
-7,43,48
-7,43,46
-9,42,44
-9,42,44
-6,41,41
-4,40,42
0,37,47
2,35,48
1,34,46
-11,36,47
-14,37,51
-1,40,24
14,26,12
-7,2,101
-13,10,96
2,19,58
9,8,67
7,8,73
1,12,63
7,6,65
5,12,61
6,10,63
6,9,64
5,8,65
6,9,65
7,9,62
7,9,62
5,9,63
4,9,61
3,10,61
4,12,63
4,12,63
5,13,62
5,12,63
3,13,65
8,11,60
6,10,58
1,4,63
4,2,64
-1,1,63
0,5,62
6,7,61
1,9,62
2,10,63
6,11,61
4,12,61
4,13,60
5,13,59
7,13,60
3,10,66
3,9,70
4,9,60
7,8,58
14,4,60
11,3,61
7,6,64
5,7,61
5,8,61
1,8,63
-4,9,63
4,8,62
7,8,60
4,7,63
1,9,64
4,9,64
7,10,63
7,10,60
7,8,56
6,8,61
2,8,66
5,9,61
6,8,61
5,8,61
5,8,62
6,7,61
2,9,63
4,9,63
5,9,62
5,8,61
5,8,61
5,8,61
5,8,61
3,9,62
5,9,62
5,8,62
3,8,64
5,7,61
2,6,59
3,10,67
7,10,64
8,11,65
4,12,65
1,13,64
-3,15,60
-1,15,64
-3,17,66
-16,17,64
-14,15,64
-13,17,56
-13,16,51
-11,16,43
-10,16,48
-26,10,51
-25,8,57
-19,8,58
-18,14,60
-16,14,61
-20,20,61
-18,18,60
-17,19,59
-21,19,58
-22,19,57
-23,16,58
-21,14,59
-23,13,59
-22,12,56
-21,13,58
-19,13,58
-19,13,57
-20,14,58
-21,17,58
-19,14,58
-20,15,60
-21,14,58
-20,14,58
-19,15,58
-19,17,59
-19,15,59
-19,15,59
-21,15,59
-21,14,60
-21,14,55
-21,14,57
-23,12,58
-21,12,55
-20,13,56
-22,15,56
-23,13,56
-25,13,60
-23,14,59
-23,14,59
-22,13,58
-21,13,54
-23,14,55
-21,14,55
-23,16,57
-24,16,57
-24,17,56
-23,17,60
-24,17,58
-26,16,56
-25,15,56
-24,15,53
-24,15,53
-26,16,55
-24,16,55
-24,17,55
-25,17,56
-26,17,57
-27,16,56
-26,17,56
-26,16,56
-26,15,55
-26,15,56
-25,15,56
-25,15,56
-26,16,55
-26,16,54
-26,16,55
-26,17,55
-26,17,55
-27,17,55
-26,16,55
-26,15,56
-26,15,56
-26,15,56
-25,15,56
-25,15,56
-25,16,55
-25,16,55
-25,16,55
-26,16,56
-26,16,55
-26,16,55
-26,16,56
-26,16,55
-26,16,56
-26,16,55
-27,16,55
-27,16,55
-26,16,56
-25,15,56
-26,15,55
-26,16,56
-26,15,55
-26,16,55
-27,16,55
-26,16,56
-25,16,56
-26,16,53
-28,14,51
-31,14,58
-38,20,54
-35,18,55
-18,21,53
-14,16,55
-18,19,61
-11,19,59
0,13,57
-6,18,59
-5,19,61
-5,18,62
-9,17,63
-9,18,61
-11,18,58
-10,18,60
-6,18,61
-7,18,61
-8,19,61
-7,19,59
-8,19,59
-5,19,60
-7,19,61
-8,20,59
-7,19,58
-10,20,59
-13,22,57
-8,21,57
-10,22,55
-9,20,57
-16,21,58
-17,21,55
-13,19,62
-10,21,60
-13,24,55
-14,21,55
-15,21,55
-14,20,63
-12,20,60
-12,17,59
-11,16,61
-9,15,59
-9,16,59
-10,15,62
-18,16,61
-13,15,61
-14,12,61
-12,12,60
-11,13,59
-10,13,59
-12,13,60
-14,15,60
-15,15,60
-15,14,61
-14,13,60
-14,13,59
-13,13,59
-15,13,60
-15,13,60
-15,13,60
-15,13,59
-15,13,59
-15,13,60
-16,13,60
-15,13,60
-16,13,59
-15,13,60
-16,13,60
-16,13,59
-15,14,59
-16,13,60
-16,13,59
-16,13,59
-16,13,60
-16,13,59
-16,14,59
-16,13,59
-16,13,59
-16,13,59
-16,13,60
-16,13,59
-16,13,60
-15,13,59
-15,13,59
-16,13,59
-16,13,59
-16,13,59
-16,13,59
-16,13,59
-16,13,59
-16,13,59
-16,13,60
-15,13,59
-16,13,60
-16,13,59
-16,13,59
-16,13,60
-16,13,59
-16,13,59
-16,13,59
-16,13,59
-16,13,60
-16,13,60
-15,13,59
-15,13,59
-15,13,59
-16,13,60
-16,13,60
-16,13,59
-15,13,60
-16,13,60
-16,13,60
-15,13,59
-15,13,59
-15,13,60
-15,13,59
-15,13,59
-16,13,60
-16,13,60
-15,13,59
-15,13,59
-15,13,59
-15,13,60
-15,14,60
-15,13,59
-15,13,60
-16,13,60
-16,14,60
-15,14,59
-15,13,59
-15,13,60
-15,14,59
-16,13,59
-15,13,60
-15,13,60
-16,13,59
-15,13,60
-16,14,60
-15,13,59
-15,13,59
-16,13,60
-16,13,59
-15,13,60
-15,13,59
-15,13,59
-16,13,60
-16,13,60
-15,13,59
-15,13,59
-15,13,60
-16,13,59
-16,13,60
-15,14,59
-15,13,59
-16,13,59
-15,13,59
-15,14,59
-15,14,59
-16,13,60
-16,14,59
-16,13,59
-16,13,59
-16,13,59
-16,13,59
-16,13,59
-16,13,59
-16,13,60
-16,13,60
-16,13,59
-16,13,59
-16,13,59
-16,13,59
-16,13,60
-16,13,59
-16,13,59
-16,13,59
-16,13,59
-16,13,59
-16,13,59
-16,13,59
-16,13,59
-16,13,59
-17,13,59
-16,13,59
-16,13,59
-17,13,60
-16,13,59
-16,13,59
-16,13,59
-16,13,59
-16,13,59
-17,13,59
-16,13,59
-16,13,59
-16,13,59
-16,13,59
-16,13,59
-16,13,59
-16,13,59
-17,13,59
-16,13,59
-16,13,59
-16,14,60
-16,13,59
-16,13,59
-16,13,59
-16,13,59
-16,13,59
-16,13,59
-16,13,59
-16,13,59
-16,13,59
-16,13,59
-16,13,59
-16,13,59
-16,13,59
-16,13,59
-16,13,59
-16,13,59
-16,13,60
-16,13,59
-16,13,59
-17,13,59
-16,13,59
-16,13,59
-16,13,59
-16,13,60
-16,13,59
-16,13,59
-16,13,59
-16,13,59
-16,13,59
-16,13,59
-16,13,59
-16,13,59
-16,13,59
-16,13,59
-16,13,59
-16,14,59
-16,13,59
-16,13,59
-16,13,59
-16,13,59
-16,13,59
-16,13,59
-16,13,59
-17,13,60
-17,13,59
-16,13,59
-17,13,59
-16,13,59
-17,13,59
-17,13,59
-17,13,59
-16,13,59
-17,13,59
-17,13,59
-17,13,59
-17,13,59
-17,13,59
-16,13,59
-17,13,59
-16,13,59
-17,13,59
-16,13,59
-16,13,59
-16,13,59
-17,13,59
-17,13,59
-17,13,59
-17,13,59
-17,13,59
-16,13,59
-17,13,59
-17,13,59
-17,13,59
-16,13,59
-16,13,59
-17,13,59
-17,13,59
-16,14,59
-16,13,59
-16,13,59
-17,13,59
-17,13,59
-17,13,59
-16,13,59
-17,13,59
-17,13,59
-16,13,59
-16,13,59
-16,13,59
-17,13,60
-17,13,59
-16,13,59
-16,13,59
-16,12,59
-17,14,59
-16,13,59
-16,13,59
-16,13,59
-17,14,59
-16,14,59
-16,13,60
-16,13,59
-17,13,59
-17,13,60
-17,13,59
-16,13,59
-16,13,59
-17,13,59
-17,13,59
-16,13,59
-16,13,59
-16,13,59
-16,13,59
-16,13,59
-16,13,59
-17,13,59
-16,13,59
-16,13,59
-16,13,59
-16,13,59
-17,14,59
-17,13,59
-16,13,59
-16,14,60
-16,14,59
-16,13,59
-17,14,59
-16,13,59
-16,14,60
-16,13,59
-16,13,59
-16,13,59
-16,13,59
-16,13,59
-17,13,59
-16,13,59
-16,13,59
-16,13,59
-16,13,59
-16,13,59
-16,14,59
-16,13,59
-16,13,59
-16,13,59
-16,13,59
-17,13,59
-17,14,59
-16,13,59
-16,13,59
-16,13,59
-17,13,59
-17,14,59
-16,13,59
-16,13,59
-16,13,59
-17,13,59
-17,13,59
-16,13,59
-16,13,59
-17,13,59
-17,13,59
-17,13,59
-17,13,59
-17,13,59
-17,13,59
-17,13,59
-17,13,59
-17,13,59
-17,13,59
-16,13,59
-17,13,59
-17,13,59
-17,13,59
-17,13,59
-17,13,59
-17,13,59
-17,13,59
-17,13,59
-17,13,59
-17,13,59
-17,13,59
-17,13,59
-17,13,59
-17,13,59
-17,13,59
-17,13,60
-17,13,59
-17,13,59
-17,13,59
-17,13,59
-17,13,59
-17,13,59
-17,13,59
-17,13,59
-17,13,59
-17,13,59
-17,13,59
-17,13,59
-17,13,59
-17,13,59
-17,13,59
-17,13,59
-17,13,59
-17,13,59
-17,13,59
-17,13,59
-17,13,59
-17,13,59
-17,13,59
-17,13,59
-17,13,59
-17,13,59
-17,13,59
-17,13,59
-17,13,59
-17,13,59
-19,13,58
-18,13,58
-17,13,59
-21,14,57
-14,12,59
-15,12,61
-17,12,61
-15,11,60
-14,11,60
-16,12,60
-17,12,60
-16,12,59
-16,12,59
-16,12,60
-15,12,59
-15,12,60
-16,12,60
-16,12,60
-16,12,60
-16,12,60
-15,12,60
-15,12,60
-16,12,59
-16,12,60
-17,12,60
-16,12,60
-16,12,59
-16,12,60
-16,12,60
-16,12,60
-16,12,59
-16,12,59
-16,12,60
-16,12,60
-16,12,59
-16,12,60
-16,12,60
-17,12,59
-16,12,60
-16,12,59
-16,12,60
-17,12,60
-17,13,59
-16,13,59
-18,12,59
-17,12,59
-17,12,59
-17,12,59
-17,12,59
-18,12,59
-17,12,59
-17,12,59
-17,12,59
-17,12,59
-17,12,59
-17,12,59
-17,12,60
-17,12,60
-17,12,59
-17,12,59
-18,12,59
-17,12,59
-17,12,59
-17,12,59
-17,12,59
-17,12,59
-17,12,60
-17,12,59
-17,12,59
-17,13,59
-17,12,59
-17,12,59
-17,12,59
-17,12,59
-17,12,59
-17,12,60
-17,12,59
-18,13,59
-17,12,59
-17,13,59
-17,12,59
-17,12,59
-17,12,60
-17,12,59
-17,11,59
-17,12,59
-16,12,59
-17,12,59
-17,12,59
-17,12,59
-17,12,59
-17,13,59
-18,12,59
-18,11,60
-18,9,59
-18,10,60
-18,8,60
-18,12,60
-18,13,59
-18,11,61
-17,14,59
-18,14,57
-17,14,57
-18,13,60
-18,12,59
-18,12,58
-20,11,60
-21,11,60
-21,11,59
-20,11,58
-19,13,58
-18,13,58
-18,13,59
-20,13,57
-21,12,58
-21,13,58
-21,13,58
-21,12,59
-21,12,58
-20,12,59
-20,11,58
-22,11,58
-20,12,58
-20,12,58
-21,11,59
-21,12,57
-23,10,57
-21,10,56
-22,9,56
-20,12,60
-20,12,59
-18,13,60
-20,13,57
-20,14,60
-23,13,61
-21,13,59
-21,11,60
-20,10,60
-22,11,59
-18,15,64
-16,13,64
-19,13,59
-15,13,57
2,8,64
-8,8,59
-9,13,51
-13,19,58
-15,20,60
-14,22,55
-12,22,58
-11,19,58
-9,17,63
-4,17,71
1,14,70
-2,14,66
-2,13,63
-1,13,62
-1,10,55
-3,10,52
-12,13,57
-8,15,55
-9,16,57
-10,16,63
-10,19,62
-7,16,53
-16,10,54
-16,8,61
-13,-1,60
-13,2,59
-16,8,64
-19,6,63
-18,9,58
-22,14,65
-19,13,63
-15,13,54
-16,10,54
-18,10,61
-14,10,61
-12,10,60
-17,10,60
-13,9,60
-12,8,60
-11,6,63
-13,4,61
-15,6,58
-7,5,63
-7,7,63
-7,6,69
-4,4,62
-5,5,63
-6,4,63
-8,5,62
-8,4,62
-7,5,62
-6,3,63
-8,4,61
-6,4,62
-6,4,63
-6,4,62
-3,3,64
-7,4,62
-9,5,61
-9,5,61
-9,5,62
-9,7,62
-7,5,63
-10,8,61
-7,6,61
-8,6,62
-9,5,63
-8,5,62
-11,5,63
-10,5,61
-9,7,60
-13,8,61
-13,8,61
-12,10,60
-16,10,61
-16,11,62
-16,10,59
-15,9,59
-16,9,59
-12,7,60
-14,3,58
-11,4,61
-11,7,61
-14,11,61
-17,11,61
-17,11,58
-16,10,59
-15,8,61
-13,7,64
-10,7,60
-16,8,56
-18,8,56
-11,9,55
2,3,84
-6,11,65
6,6,59
-2,7,59
-14,8,62
-13,8,61
-14,8,63
-16,9,64
-18,12,57
-16,12,52
-20,12,52
-19,13,56
-19,12,57
-18,12,59
-20,12,60
-20,11,63
-16,13,64
-16,13,63
-18,15,58
-17,13,56
-17,12,57
-17,12,57
-17,12,58
-16,12,59
-16,12,59
-17,12,60
-17,12,60
-17,11,59
-17,12,60
-16,11,60
-18,12,58
-17,12,60
-16,11,60
-17,11,58
-17,10,60
-16,10,61
-17,11,61
-18,11,58
-18,11,59
-16,11,60
-16,11,60
-15,10,60
-15,11,60
-16,10,60
-17,11,59
-16,11,60
-16,10,61
-17,12,60
-16,11,59
-15,11,60
-15,11,60
-16,11,60
-16,11,60
-15,11,60
-15,11,60
-16,12,59
-16,11,60
-16,11,60
-16,11,59
-16,11,59
-16,11,59
-19,11,61
-14,8,62
-13,11,60
-15,10,58
-1,11,64
2,8,61
-7,9,61
-18,11,59
-13,10,62
-12,10,62
-12,10,61
-11,10,60
-13,10,59
-16,12,58
-13,11,60
-10,10,63
-10,10,62
-12,10,61
-12,10,60
-11,10,60
-13,11,61
-15,12,61
-12,10,62
-14,10,60
-15,11,59
-16,12,59
-15,12,59
-17,12,59
-16,11,60
-14,10,60
-14,11,62
-14,11,61
-14,11,59
-14,11,58
-17,13,60
-15,11,60
-16,11,61
-17,11,61
-16,10,60
-16,12,57
-15,12,58
-16,13,58
-18,13,62
-17,13,62
-17,12,60
-17,11,60
-16,10,59
-17,10,57
-14,12,59
-17,15,58
-15,14,60
-16,16,60
-15,15,60
-16,15,58
-16,15,61
-17,14,57
-16,13,61
-18,14,60
-17,14,59
-16,14,59
-18,14,59
-17,15,57
-15,15,58
-18,14,57
-18,14,58
-17,12,61
-18,12,61
-17,12,60
-18,13,58
-18,13,58
-17,13,59
-17,14,59
-18,14,58
-18,13,59
-18,13,60
-17,13,60
-17,12,60
-19,12,58
-20,13,58
-19,12,59
-19,13,58
-19,14,59
-19,15,59
-18,15,59
-17,17,59
-15,19,60
-16,21,60
-17,18,61
-18,18,61
-18,15,60
-19,14,58
-14,12,57
-13,11,55
-15,11,56
-15,14,60
-13,13,58
-12,17,61
-13,16,62
-11,13,65
-10,12,64
-12,12,63
-7,13,59
-9,12,56
-19,12,58
-19,14,56
-16,16,52
-19,17,55
-15,17,60
-16,19,56
-15,19,58
-17,19,61
-15,19,61
-15,17,60
-17,16,60
-16,13,62
-14,11,60
-15,13,58
-12,13,60
-8,12,61
-13,12,62
-13,13,63
-11,11,63
-14,13,58
-14,14,57
-16,13,54
-23,15,51
3,3,93
23,-4,62
15,18,48
-8,9,56
-12,10,59
-5,9,65
-13,11,60
-8,16,56
-6,16,54
-7,16,54
-1,15,59
-4,15,58
-2,15,70
-5,13,68
-9,14,59
-6,14,58
-3,13,61
-1,13,62
-8,14,62
-4,15,63
1,11,66
-8,14,61
-5,13,59
-4,14,60
-6,14,58
-4,14,60
-2,13,61
-5,14,60
-4,14,59
-4,13,63
-4,13,63
-1,13,64
-2,13,62
1,14,66
4,12,64
-1,12,59
-4,14,59
-9,14,62
2,12,56
5,10,63
-8,14,62
-2,13,58
-2,14,57
0,13,59
0,13,61
-2,12,66
-2,13,66
-2,13,60
8,13,66
9,10,62
0,13,55
-1,13,56
-1,13,60
-1,13,65
-5,14,62
-1,12,61
-2,12,61
2,11,62
-1,10,63
1,10,63
1,10,62
-3,13,60
-3,13,61
-3,13,62
-2,13,62
-2,11,61
-4,10,62
-4,10,62
-4,12,61
-4,13,62
-1,13,63
0,14,61
1,12,61
-1,12,63
-2,12,60
1,13,61
-2,10,60
-3,11,61
-3,10,63
-3,12,60
1,9,63
-8,14,60
-5,14,61
-1,13,61
-1,13,59
-6,14,61
-4,15,62
-2,14,61
-4,16,61
-3,17,61
-3,15,60
-4,15,60
-4,14,61
-4,13,61
-4,15,60
-3,13,62
-4,14,61
-4,15,60
-4,15,61
-5,14,61
-5,14,61
-5,14,61
-5,15,61
-5,15,60
-6,15,61
-5,14,62
-6,15,60
-6,15,61
-6,15,60
-5,14,61
-5,14,62
-7,14,61
-6,15,60
-7,15,61
-7,15,60
-6,15,60
-4,16,64
-8,17,62
-8,17,61
-4,17,65
-7,17,62
-8,17,59
-8,17,58
-9,15,61
-8,14,60
-11,14,57
-9,12,57
-12,9,56
-15,9,56
-10,7,55
-13,7,60
-15,8,65
-11,11,63
-13,12,61
-16,14,63
-13,14,63
-15,13,62
-15,12,59
-13,10,61
-12,8,64
-12,10,61
-11,8,60
-14,9,58
-15,9,59
-13,11,61
-11,11,60
-13,10,59
-12,3,70
-13,5,73
-11,8,52
-9,7,52
-16,9,60
-12,9,62
-11,9,60
-12,12,66
-7,12,61
-6,11,55
-9,12,58
-16,13,59
-5,16,67
-4,13,78
-9,18,58
-4,14,55
5,9,54
-4,8,60
-17,13,61
-13,12,58
-11,8,62
-1,8,58
-4,4,61
-9,6,66
-7,3,67
-9,11,61
-8,10,58
-9,10,56
-7,8,59
-11,9,60
-8,5,63
5,1,89
-8,10,64
-5,4,44
-2,7,50
-7,13,56
-11,12,58
-12,13,64
-13,13,61
-10,12,60
-5,10,66
-6,12,66
-8,6,71
-1,6,65
1,3,60
-5,4,61
-6,5,66
-15,6,58
-12,8,56
-11,9,55
-11,11,55
-12,15,56
-14,16,55
-13,17,59
-14,16,62
-14,17,62
-10,16,65
-10,15,63
-9,15,61
-10,13,60
-10,11,62
-7,10,62
-8,10,61
-8,10,62
-11,12,62
-9,13,59
-8,13,59
-7,13,61
-9,12,61
-10,13,60
-9,13,58
-6,10,58
-11,10,65
-6,10,61
-6,11,60
-10,10,58
-15,10,61
-8,7,66
-5,3,89
-11,17,56
9,5,42
-2,5,51
-4,7,67
-1,5,72
-9,9,63
-10,10,59
-9,11,57
-11,13,59
-8,13,60
-7,11,63
-8,9,65
-8,11,64
-5,10,62
-9,10,61
-7,9,61
-7,9,61
-7,10,61
-7,10,61
-8,9,62
-8,9,62
-7,11,63
-9,11,63
-9,10,62
-8,11,61
-7,11,61
-8,10,61
-8,11,59
-8,11,59
-4,9,62
-6,8,64
-4,9,67
-5,7,65
-6,7,65
-7,11,64
-5,10,62
-8,12,59
-12,11,60
-16,13,51
-18,13,51
-23,16,57
-24,16,56
-23,16,60
-19,14,60
-18,14,56
-20,14,60
-17,14,59
-22,12,58
-16,7,63
-15,6,61
-12,8,61
-11,9,58
-11,9,57
-13,11,56
-18,12,54
-13,1,82
-11,-4,109
-9,17,39
-8,8,36
-17,12,56
-10,12,63
-1,12,56
-22,5,74
-21,11,84
-4,8,40
-9,5,47
-15,11,67
-12,12,55
-12,7,60
-17,9,79
-7,12,57
-15,5,48
-17,9,62
-10,8,63
-15,12,57
-13,12,57
-14,10,61
-17,11,65
-12,11,60
-17,9,58
-11,8,72
-11,6,45
-11,8,59
-11,10,60
-10,10,60
-13,11,60
-14,11,61
-15,9,60
-18,8,64
-15,10,61
-12,11,61
-18,10,72
-7,14,47
-15,-2,90
-10,8,65
-17,6,47
-20,12,52
-6,11,60
-11,12,61
-17,11,58
-18,12,59
-21,12,59
-16,11,59
-16,12,61
-16,14,61
-13,12,62
-13,13,64
-10,12,59
-10,11,58
-10,10,61
-9,9,61
-12,10,58
-13,10,60
-15,12,61
-12,10,60
-15,10,65
-14,11,61
-13,10,60
-12,9,61
-13,9,58
-11,9,58
-9,7,59
-10,8,59
-8,7,60
-11,9,59
-8,10,72
-2,7,81
-13,18,65
-2,14,54
1,12,54
-3,10,59
-13,10,58
-8,8,61
-7,9,63
-8,8,62
-6,6,60
-7,6,59
-6,6,58
-10,5,61
-7,5,57
-9,-1,85
-6,2,80
-1,6,52
-4,5,50
-5,4,58
-6,5,58
-8,6,64
-13,12,59
-13,13,56
-19,15,58
-20,18,58
-17,17,59
-15,13,66
-16,12,65
-13,10,62
-13,10,62
-14,8,59
-11,6,59
-10,6,59
-9,6,58
-12,6,61
-14,8,63
-7,5,63
-8,6,80
-15,12,54
-4,4,54
-10,2,57
-10,2,59
-11,6,65
-11,7,60
-13,9,52
-17,11,56
-22,18,58
-22,18,58
-21,19,61
-17,17,63
-14,14,62
-10,9,62
-10,8,60
-11,9,59
-11,7,58
-19,9,67
-15,7,57
1,-1,98
-19,18,44
-10,10,42
-20,4,52
-12,7,56
-7,7,67
-2,10,53
-2,11,52
-12,13,54
-8,13,59
9,16,73
7,15,67
7,13,60
-2,2,69
-6,2,68
4,-1,61
2,-4,63
0,1,64
1,2,63
1,3,61
0,5,62
0,6,63
-1,7,62
-1,5,63
-2,6,63
-1,5,63
0,4,63
-2,5,61
1,6,60
-15,4,61
-8,11,67
-1,8,63
-1,7,64
-3,5,69
-12,8,62
-11,7,61
-16,10,58
-15,9,59
-16,10,59
-20,12,57
-24,14,65
-17,16,62
-19,18,60
-15,18,55
-15,19,54
-11,18,54
-3,17,48
-5,12,59
-10,15,64
-8,16,61
7,14,53
-7,13,64
-23,20,71
-7,17,63
-10,16,60
-14,17,62
-12,17,61
-11,15,64
-1,10,58
-1,6,53
-20,5,65
-29,6,72
-15,10,60
-10,6,56
-13,6,60
-17,6,60
-14,5,58
-22,2,66
-23,4,63
-29,7,52
-25,8,56
-24,9,56
-34,11,55
-33,12,55
-29,13,55
-31,14,53
-39,16,48
-39,12,49
-42,12,48
-46,12,41
-48,12,40
-47,12,40
-47,12,39
-51,13,39
-48,12,39
-48,11,38
-49,11,38
-50,12,38
-50,13,38
-49,12,37
-49,12,38
-50,12,39
-50,12,38
-48,12,38
-48,12,38
-50,12,39
-50,12,38
-49,12,37
-49,12,38
-50,11,38
-50,13,38
-50,12,38
-50,12,38
-49,12,39
-50,12,39
-50,12,38
-50,12,38
-50,12,38
-49,12,37
-50,12,38
-50,13,38
-50,13,38
-49,12,37
-49,12,37
-51,12,38
-51,13,38
-49,12,37
-49,12,37
-50,12,37
-50,12,38
-50,12,37
-50,12,38
-50,12,38
-50,13,38
-50,12,37
-50,12,37
-50,12,38
-51,12,37
-50,12,37
-50,12,37
-50,12,37
-50,12,36
-50,12,37
-50,12,37
-50,13,37
-51,12,37
-50,12,36
-51,13,36
-51,12,39
-50,12,40
-51,12,41
-53,11,46
-50,12,43
-62,9,38
-57,12,45
-52,10,42
-40,14,44
-42,20,58
-26,17,62
-20,22,55
-25,23,42
-23,25,41
-29,29,42
-25,29,39
-13,27,37
-19,25,49
-29,21,54
-30,18,52
-34,15,63
-34,10,60
-24,12,55
-13,10,51
-23,3,57
-17,8,62
-11,12,62
-16,6,68
-9,21,58
-8,18,58
-19,13,58
-17,11,71
-9,11,67
-9,10,59
-11,10,60
-7,9,60
-8,8,60
-8,7,62
-9,7,59
-11,9,60
-13,11,56
-15,8,69
-4,10,74
3,15,59
11,11,50
0,2,64
-2,7,73
-33,16,58
-8,14,68
-2,14,59
-6,16,58
-3,14,56
-9,13,59
-12,13,59
-14,10,62
-15,9,67
-18,10,60
-14,9,63
-13,10,61
-13,9,58
-11,10,61
-14,10,57
-14,9,54
-15,7,60
-13,14,62
-10,13,62
-11,12,63
-11,12,61
-9,10,56
-14,9,52
-5,-4,87
-17,14,63
-7,10,49
-14,8,59
-25,15,57
-7,10,58
-7,12,59
-7,11,60
-3,8,60
-8,8,62
-4,9,72
-5,7,78
-4,14,59
-3,7,54
-10,6,72
-12,9,69
-6,9,71
-9,13,68
-10,14,66
-7,13,60
-9,17,58
0,21,49
4,20,41
-2,19,41
-5,27,46
1,27,45
2,37,40
-2,38,43
-1,39,49
-9,38,54
-15,36,58
-16,34,59
-19,34,62
-27,33,70
-7,31,53
-16,32,55
-17,27,49
-23,29,47
-19,28,54
-19,27,56
-17,30,56
-19,28,55
-18,27,55
-16,24,56
-15,23,56
-16,22,57
-16,23,56
-17,23,56
-19,23,56
-19,23,56
-20,22,56
-20,22,56
-19,21,57
-18,21,57
-17,20,57
-17,20,58
-16,20,58
-16,19,58
-17,19,57
-17,19,57
-17,19,57
-17,19,58
-17,19,58
-17,18,58
-17,18,58
-17,18,59
-17,18,58
-17,18,58
-17,18,58
-16,18,58
-16,18,58
-16,18,58
-16,18,58
-17,18,59
-17,18,58
-17,18,58
-16,18,58
-17,18,59
-16,19,58
-17,19,58
-18,19,57
-16,20,56
-17,20,57
-16,23,59
-14,23,60
-14,22,63
-13,21,64
-15,23,58
-9,25,57
0,22,57
-7,20,60
-3,19,61
1,15,61
1,16,58
-5,10,54
-9,9,61
-12,6,65
-6,11,59
-4,10,54
-9,12,57
-10,11,56
-9,12,55
-9,13,58
-8,14,60
-6,16,64
-7,15,69
-10,15,60
1,12,64
3,11,65
0,15,64
-4,14,63
-6,13,58
-3,10,64
-3,11,64
-3,10,62
-1,10,61
-4,10,57
-7,10,59
-2,10,67
5,6,68
3,12,68
9,10,57
0,10,50
5,7,66
-4,10,62
-2,11,61
3,10,62
0,8,59
-3,9,61
-3,9,63
-7,8,64
-6,9,64
-8,9,63
-5,9,65
-5,9,63
-7,11,63
-5,10,62
-6,11,59
-6,10,59
-2,9,65
-6,10,63
-6,11,60
-7,11,59
-7,11,59
-5,10,61
-3,9,61
-5,9,59
-5,9,61
-9,8,62
-6,8,60
-2,3,72
0,10,70
5,8,62
-4,7,54
-8,10,60
-6,10,60
-5,10,63
-6,10,63
-11,10,60
-10,10,59
-9,9,60
-10,10,62
-9,9,62
-11,9,64
-11,9,63
-12,10,61
-11,10,61
-10,10,62
-11,11,60
-10,11,60
-8,9,60
-6,10,60
-9,10,59
-9,8,60
-10,9,59
-13,9,63
-11,8,59
-10,5,84
-4,11,69
2,10,47
-13,7,59
-13,9,62
-12,10,68
-7,10,65
-13,11,57
-10,10,58
-13,8,61
-14,10,61
-12,10,62
-11,10,60
-12,10,60
-12,9,62
-12,9,64
-12,10,61
-12,10,59
-12,10,60
-11,10,60
-12,10,60
-13,10,61
-12,10,61
-12,9,60
-14,10,61
-14,10,61
-14,10,60
-15,10,61
-16,10,59
-15,11,60
-14,11,60
-13,11,59
-13,11,60
-13,11,60
-12,10,61
-10,11,63
-13,9,62
-14,10,61
-13,9,61
-13,8,61
-10,7,60
-10,6,59
-12,6,60
-10,8,59
-12,10,59
-18,11,63
-17,9,67
-6,6,68
-8,6,63
-10,8,55
2,8,59
0,9,60
1,7,67
3,7,64
-5,4,59
-13,6,59
-1,6,66
-2,6,65
-4,6,65
-2,5,58
-2,8,60
-1,9,66
0,10,66
2,10,62
5,10,62
4,10,63
-4,15,66
-2,14,67
-5,13,63
-13,13,60
-16,13,59
-12,14,59
-13,13,58
-18,16,55
-15,15,57
-12,16,55
-15,17,58
-14,18,59
-10,17,60
-12,17,58
-12,16,57
-10,16,58
-9,16,59
-8,15,60
-7,14,58
-5,15,62
-6,15,65
-9,16,60
-10,17,61
-11,16,62
-9,15,59
-6,13,60
-5,13,62
-5,13,61
-8,17,61
-7,10,65
-8,8,65
-8,9,63
-11,14,61
-8,13,61
-7,13,61
-10,17,57
-9,17,57
-7,16,57
-7,17,57
-7,17,58
-5,16,60
-6,16,61
-9,14,64
-8,13,63
-7,14,61
-11,14,61
-11,14,60
-10,14,60
-10,15,61
-10,16,59
-9,16,60
-11,15,61
-9,16,60
-9,15,60
-9,14,60
-7,14,60
-8,15,62
-8,13,62
-8,13,63
-7,13,65
-7,13,65
-8,15,62
-10,15,60
-9,16,56
-8,11,60
-7,19,55
-9,18,53
-13,16,53
-15,17,55
-13,17,59
-10,18,62
-6,17,60
0,16,67
-10,13,64
-12,14,62
-2,13,59
-5,11,60
-5,8,57
-18,-7,90
-5,3,108
-19,16,64
-4,22,70
3,18,57
-3,21,49
-8,20,43
-1,16,45
3,15,48
11,11,52
18,10,60
10,6,57
4,8,69
4,6,63
-7,8,71
-1,8,72
4,8,64
-1,11,62
3,10,64
5,8,63
0,7,62
3,6,65
8,4,67
8,2,60
5,4,62
9,0,67
5,6,61
5,3,63
5,4,63
5,4,62
7,5,62
5,4,63
7,4,62
7,5,61
10,4,63
10,3,63
10,1,63
10,3,62
9,3,62
9,4,62
7,4,62
3,4,62
5,3,63
3,4,63
4,3,62
6,-1,64
5,6,61
3,6,63
2,2,63
1,5,63
-4,6,62
-6,4,62
-5,5,61
-7,6,62
-8,4,62
-7,4,64
-7,4,62
-8,3,63
-7,6,63
-9,5,62
-10,5,63
-10,5,61
-9,3,61
-7,3,63
-12,3,62
-11,4,60
-12,6,58
-12,5,61
-11,4,63
-12,6,61
-12,5,62
-11,6,61
-12,7,61
-12,8,61
-14,4,60
-14,4,60
-18,4,60
-12,7,64
-11,6,60
-13,6,59
-17,5,60
-15,6,60
-16,6,62
-15,6,63
-13,6,61
-10,6,61
-12,7,61
-16,7,60
-15,6,61
-14,6,60
-17,7,61
-16,5,60
-16,7,60
-15,7,59
-15,6,61
-15,6,60
-16,5,64
-20,4,66
-14,6,59
-10,8,59
-8,6,59
-9,5,58
-5,5,61
-7,3,65
-9,5,62
-7,5,61
-6,6,61
-5,6,61
-6,5,64
-4,5,64
-3,5,63
0,6,60
2,5,61
-6,2,69
-5,5,63
-2,4,64
1,5,65
-7,6,65
10,4,59
10,5,59
-5,5,68
2,6,64
2,3,64
0,4,68
8,7,65
7,4,71
0,7,62
3,18,57
5,17,55
10,17,61
6,16,47
4,18,47
13,20,58
10,17,60
1,18,65
7,15,67
-2,16,58
1,18,56
2,18,56
2,18,54
2,18,54
4,19,57
12,17,65
8,13,74
3,16,62
4,16,59
4,17,54
4,17,57
5,17,63
5,17,62
6,17,60
2,16,61
1,17,62
1,17,59
1,17,59
1,16,60
2,17,61
4,17,61
4,17,60
5,17,60
4,17,61
4,17,60
3,16,61
3,17,61
4,17,60
3,16,60
4,16,60
4,17,61
4,16,61
4,16,60
3,15,61
5,16,61
4,16,60
1,15,60
3,16,62
4,17,61
5,17,62
5,15,68
8,17,74
18,11,68
6,13,57
-12,17,47
-17,20,49
4,19,61
3,17,55
0,17,55
-8,19,56
-12,19,60
-9,21,63
-6,22,61
-2,19,61
1,17,61
-4,17,60
-3,17,58
-3,17,58
-1,18,61
-2,18,63
-1,19,60
-5,18,57
-5,18,57
-3,18,61
-4,18,60
-3,18,60
-4,18,61
-3,19,60
-5,18,60
-7,18,60
-4,18,60
-3,18,60
-3,19,60
-6,17,60
-4,18,60
-3,17,60
-4,17,61
-3,19,60
-4,18,59
-8,19,59
-2,19,58
-3,18,61
-3,18,62
-4,18,61
-6,17,58
-5,18,60
-4,19,61
-6,19,60
-7,19,60
-4,17,60
-4,16,60
-4,16,60
-4,15,59
-6,18,60
-6,19,61
-5,19,61
-5,19,61
-5,19,60
-5,17,59
-6,16,59
-7,17,60
-6,19,60
-6,19,59
-7,19,60
-7,19,60
-6,19,60
-7,18,60
-7,18,59
-9,18,59
-8,18,60
-6,18,59
-8,18,59
-9,19,60
-7,19,59
-8,19,59
-9,20,59
-10,20,58
-8,20,60
-9,20,60
-8,20,60
-10,20,59
-10,19,59
-9,20,59
-10,19,59
-10,19,59
-10,19,58
-9,18,58
-6,18,59
-5,17,60
-10,20,60
-10,19,59
-9,18,61
-11,18,62
-6,19,60
-10,19,57
-15,18,60
-16,15,64
-23,12,64
-33,20,51
-24,26,47
-22,27,49
-16,41,44
-12,42,44
-18,41,40
-28,47,36
-39,52,15
-55,50,23
-52,48,30
-68,40,10
-67,44,12
-63,36,0
-63,41,-9
-46,49,-7
-50,41,-9
-42,46,-9
-26,47,-6
-25,49,-4
-38,51,-5
-37,53,-5
-31,53,-7
-34,54,-7
-31,53,-8
-33,53,-10
-34,55,-11
-32,54,-10
-32,55,-10
-31,57,-9
-30,55,-9
-30,55,-10
-30,58,-11
-34,55,-10
-32,56,-15
-36,56,-16
-32,53,-9
-32,56,-12
-33,54,-10
-33,53,-9
-33,53,-9
-32,54,-13
-33,53,-12
-33,55,-13
-33,54,-12
-33,54,-11
-35,54,-14
-34,55,-14
-38,54,-14
-37,51,-10
-37,53,-14
-39,52,-10
-39,50,-9
-38,51,-13
-33,52,-13
-40,50,-14
-39,49,-12
-39,50,-11
-41,50,-13
-39,49,-14
-41,50,-14
-42,48,-10
-42,49,-11
-40,52,-14
-45,54,-22
-43,44,-2
-37,43,-3
-49,47,-12
-56,46,-13
-51,39,-11
-44,41,-13
-38,46,-15
-41,48,-12
-48,47,-7
-59,49,0
-41,56,-1
-39,53,9
-28,49,16
-18,51,15
-36,37,18
-38,44,9
-9,34,39
-32,17,52
-55,15,48
-50,20,61
-31,16,65
-25,7,52
-33,1,55
-29,12,66
-16,9,59
-25,9,51
-40,8,65
-24,17,77
-14,20,59
-17,25,49
3,21,59
-13,19,46
3,18,52
28,1,73
10,-1,71
-9,3,63
4,-4,72
4,-6,65
6,-1,57
8,-1,56
3,4,63
4,5,66
-4,3,62
2,5,62
3,1,63
10,-1,59
15,8,63
15,11,56
7,15,51
0,13,62
3,10,72
6,8,69
5,8,59
9,3,57
1,6,75
0,13,65
11,7,57
1,6,60
7,2,61
-1,7,69
0,11,64
9,7,57
10,6,59
7,5,62
7,7,65
6,6,59
6,8,62
11,5,63
7,9,61
9,7,62
12,6,58
13,8,56
3,5,62
5,3,66
4,4,68
1,5,62
1,8,58
4,8,62
-3,8,61
-4,13,62
-4,12,63
-1,7,58
-6,6,64
-3,-2,72
0,-4,66
-1,10,60
0,14,57
-1,17,57
-2,17,59
-4,13,64
-4,9,67
-5,9,66
-4,7,70
-4,9,70
-4,11,66
-2,11,65
-7,16,61
-15,16,50
-20,21,49
-11,23,52
-7,21,52
-11,25,53
-12,24,54
-16,24,53
-12,22,57
-9,20,60
-11,20,59
-12,21,58
-9,21,59
-8,21,59
-11,22,59
-9,21,57
-11,21,57
-14,23,58
-15,22,57
-11,21,55
-12,22,55
-12,22,59
-11,21,58
-9,20,60
-2,19,65
-4,19,66
-11,19,61
-4,19,64
-3,18,62
-8,20,54
-9,21,56
-12,22,58
-12,23,57
-5,20,51
-15,26,53
-16,27,56
-14,23,60
-9,21,64
-9,20,59
-8,19,58
-3,19,62
-5,19,58
-7,19,56
-11,19,59
-15,24,58
-8,19,59
-8,19,59
-10,18,60
-11,20,60
-8,20,57
-9,19,60
-13,20,62
-10,20,58
-10,20,56
-8,18,57
-9,20,61
-10,20,60
-10,19,59
-9,20,59
-10,19,60
-13,21,58
-7,20,59
-8,20,59
-9,19,58
-7,19,60
-11,19,59
-5,19,60
-9,19,59
-11,19,58
-12,19,59
-10,19,60
-12,19,58
-12,19,59
-13,19,58
-13,18,59
-12,20,60
-13,19,58
-14,19,58
-13,19,58
-15,19,58
-16,19,58
-12,20,60
-13,19,59
-17,19,57
-15,19,58
-18,20,56
-16,20,57
-19,18,57
-16,17,57
-14,18,58
-20,18,57
-23,18,55
-17,22,57
-4,25,60
-9,21,62
-26,17,54
-32,16,51
-21,17,56
-18,17,58
-16,20,58
-21,20,56
-21,19,56
-19,19,57
-20,19,57
-20,19,57
-19,19,57
-20,21,57
-19,20,57
-21,20,57
-21,18,57
-20,18,57
-24,18,57
-30,15,53
-20,20,55
-15,21,53
-5,19,54
-15,25,41
-10,26,44
-14,20,60
-14,19,67
-13,21,59
10,15,67
13,7,71
7,6,70
-2,4,64
-4,1,58
-10,3,62
-4,8,67
1,10,65
1,12,63
1,11,62
0,10,60
-1,10,61
-1,10,63
3,10,61
-3,9,62
-3,11,63
-3,8,61
-1,10,64
2,8,64
1,10,61
-3,10,60
-8,9,65
-4,9,65
1,8,63
3,7,62
-1,9,60
-3,9,61
-3,9,62
-2,9,63
-2,9,63
-5,9,61
-5,9,62
-3,9,63
-4,10,63
-4,10,61
-4,9,61
-4,9,62
-2,9,62
-3,10,62
-5,9,63
-5,10,61
-5,9,62
-4,10,62
-3,10,62
-4,10,61
-5,9,62
-5,10,62
-4,10,62
-5,10,63
-5,10,56
-7,6,57
-7,11,66
-3,9,63
-4,9,61
-6,9,62
-6,9,61
-6,10,59
-6,9,61
-7,10,63
-6,9,61
-6,9,62
-6,10,62
-6,10,61
-6,10,62
-7,10,61
-7,9,61
-6,10,62
-7,10,61
-7,10,61
-7,10,61
-6,10,62
-6,10,62
-8,10,63
-6,10,61
-7,10,61
-9,10,63
-7,10,62
-7,9,60
-8,10,61
-7,10,64
-6,10,61
-6,10,61
-7,10,61
-7,10,61
-7,10,61
-7,10,62
-7,10,62
-6,10,62
-6,10,62
-6,10,61
-7,10,61
-7,10,62
-5,10,61
-6,10,61
-6,10,61
-6,10,62
-5,11,62
-6,10,62
-6,10,61
-5,10,61
-5,10,61
-7,10,62
-6,10,62
-5,10,62
-5,10,62
-5,10,62
-7,10,59
-8,7,58
-7,12,65
-4,10,63
-5,10,62
-5,10,62
-7,9,61
-7,10,61
-7,10,62
-7,10,61
-6,10,61
-6,10,62
-6,10,61
-6,10,61
-7,10,62
-7,10,61
-6,10,62
-6,10,61
-6,10,62
-7,10,62
-6,10,62
-6,10,61
-7,10,61
-7,10,61
-6,10,62
-6,10,62
-6,10,61
-6,10,61
-7,10,62
-7,10,61
-7,10,62
-7,10,62
-7,10,61
-6,10,61
-6,10,62
-7,10,62
-7,10,62
-7,10,62
-7,10,61
-6,10,61
-7,10,61
-7,10,61
-7,10,62
-7,10,62
-7,10,62
-7,10,61
-7,10,62
-7,10,62
-7,10,61
-7,10,61
-7,10,61
-7,10,61
-7,10,61
-6,10,61
-7,10,61
-6,9,61
-6,9,62
-7,9,62
-6,9,62
-6,8,65
-11,10,63
-4,9,61
-6,9,59
0,10,62
0,9,62
3,10,60
3,11,63
3,10,63
-1,11,60
2,10,60
-4,10,61
-3,12,65
-4,11,61
-6,8,60
-4,8,63
1,7,68
2,7,67
-4,9,59
-2,9,62
-1,8,61
-4,10,59
-8,11,60
-2,9,64
-4,11,61
-4,9,60
-2,9,62
0,9,66
-4,11,59
-5,9,57
-3,9,63
-1,8,66
-3,11,61
-4,10,61
-4,10,62
-4,9,62
-4,9,62
-4,10,62
-3,10,62
-3,10,61
-4,10,61
-4,10,62
-4,10,62
-4,9,61
-1,10,61
-2,10,62
-3,10,63
-2,10,62
-2,10,61
-4,9,62
-3,9,62
-4,10,61
-3,10,62
-3,10,62
-4,10,62
-3,10,62
-3,10,61
-3,10,62
-2,10,62
-3,10,61
-4,10,61
-4,10,62
-3,10,62
-4,10,61
-3,10,62
-3,10,62
-3,10,62
-3,10,61
-3,10,62
-3,10,62
-3,10,62
-3,10,61
-3,10,61
-3,10,62
-3,10,62
-3,10,62
-3,10,62
-3,10,62
-4,10,62
-3,11,62
-3,9,60
-3,8,60
-4,11,64
-3,10,65
-4,10,63
-4,10,62
-3,9,60
-7,9,62
-7,10,63
-5,10,61
-5,9,60
-6,10,63
-5,10,62
-5,10,61
-5,9,61
-5,10,62
-5,10,61
-5,10,61
-5,10,62
-5,10,63
-6,10,61
-6,10,62
-6,10,63
-6,10,62
-5,10,62
-5,10,61
-6,10,61
-6,10,61
-5,11,62
-5,10,62
-6,10,62
-5,10,61
-5,11,61
-7,8,61
-9,11,64
-4,10,63
-5,11,61
-6,11,61
-5,10,61
-8,10,63
-9,12,65
-9,10,62
-6,11,61
-10,10,59
-8,10,60
-9,9,61
-12,12,60
-14,11,60
-13,11,60
-13,10,61
-12,11,60
-12,10,60
-11,11,60
-9,11,62
-9,11,61
-7,12,61
-7,10,60
-8,8,60
-9,9,60
-12,11,62
-11,12,62
-11,11,62
-12,10,61
-13,9,60
-13,10,60
-12,9,60
-10,9,60
-7,8,63
-5,9,61
-3,10,59
-4,7,65
-5,6,67
-7,9,62
-5,8,62
-4,8,62
-3,9,62
-3,6,62
-2,7,62
-1,7,63
-1,7,63
-2,7,63
-1,7,63
0,7,62
0,7,61
0,7,62
2,7,64
2,7,62
2,6,63
2,6,63
3,6,62
2,6,62
1,7,63
1,7,62
0,6,62
1,6,63
1,6,62
1,6,62
2,7,62
2,6,62
2,7,63
4,6,63
3,6,64
4,6,63
6,6,61
6,6,61
3,5,64
6,5,61
6,6,61
3,7,61
4,8,59
1,6,62
3,7,67
4,6,62
0,6,63
-2,10,61
4,5,63
12,3,66
12,0,61
3,3,58
0,6,60
1,7,61
-4,8,61
7,7,67
6,6,63
3,9,60
3,6,60
-1,7,70
2,9,55
5,7,55
3,4,62
2,2,68
11,1,64
0,8,59
-1,9,59
1,4,66
-4,5,67
-2,7,61
4,5,61
3,4,60
1,5,63
2,4,65
1,5,64
2,6,62
1,6,62
2,6,62
2,7,62
3,6,63
2,6,64
2,6,61
3,6,61
1,6,63
1,6,63
2,6,62
2,6,63
1,6,62
1,6,62
1,6,63
1,6,62
2,6,61
2,6,62
2,6,62
1,6,62
3,6,62
2,6,63
3,5,64
3,6,63
2,6,62
3,6,62
3,6,63
4,6,62
3,6,62
0,6,62
3,5,64
3,6,64
2,6,60
3,6,60
4,5,62
3,6,63
4,4,63
2,6,60
1,6,61
1,7,64
2,5,64
2,6,62
3,5,62
1,6,62
5,6,63
5,6,62
2,6,62
2,6,63
2,6,63
3,7,63
1,5,63
1,6,59
0,5,61
5,5,65
4,6,63
-2,6,60
0,5,63
0,5,63
1,5,63
2,5,63
1,6,62
0,6,61
0,5,64
1,6,61
0,6,61
2,6,62
0,6,62
2,6,63
3,6,63
2,6,63
1,6,61
2,6,63
0,5,59
2,4,66
5,6,63
4,6,61
3,5,62
0,4,63
2,6,63
4,7,60
4,6,61
6,7,61
6,5,60
6,6,60
3,7,67
2,7,65
2,6,63
2,5,62
4,6,62
4,6,63
5,7,62
4,6,61
4,5,63
2,3,61
2,1,63
0,7,63
7,6,57
6,6,60
6,7,67
4,7,63
3,5,61
0,6,62
4,5,62
6,6,60
7,6,62
6,6,65
6,6,63
4,6,60
3,5,62
3,5,64
5,6,60
5,6,60
7,6,64
6,6,62
5,6,65
4,6,65
5,6,61
6,6,63
7,7,58
7,5,58
8,6,59
4,7,58
2,4,61
6,5,72
4,8,61
6,6,60
6,5,60
6,5,61
3,6,63
4,6,62
4,6,61
4,6,64
6,6,65
-2,5,72
-2,8,76
-3,3,87
-19,26,64
-20,29,57
-30,32,39
-37,38,28
-53,40,6
-55,36,6
-50,30,9
-48,30,-3
-43,31,-3
-45,27,-5
-51,28,-6
-53,32,-6
-45,33,-3
-40,34,-3
-55,40,-8
-60,41,-11
-51,46,-12
-45,49,-8
-41,48,-7
-44,44,-5
-54,42,-7
-47,41,-4
-49,38,-4
-53,42,-10
-50,42,-10
-46,41,-6
-48,42,-8
-51,43,-8
-45,45,-7
-44,46,-6
-45,41,-3
-48,42,-4
-53,43,-8
-52,44,-10
-54,41,-5
-49,35,-3
-50,36,-6
-42,39,-1
-47,40,-1
-52,42,6
-48,42,7
-48,43,7
-49,41,8
-52,42,7
-50,40,7
-41,39,12
-49,37,12
-54,39,7
-50,38,8
-53,38,9
-57,41,7
-53,43,7
-53,39,9
-53,34,12
-56,33,10
-55,33,11
-52,34,11
-54,34,11
-55,34,11
-55,34,11
-56,32,11
-53,33,11
-53,34,12
-52,33,15
-56,30,16
-58,30,18
-52,30,20
-44,30,25
-43,25,27
-46,27,21
-37,27,32
-32,29,30
-25,32,34
4,30,36
4,17,54
-22,7,86
-27,10,83
-25,18,75
-15,21,66
8,15,60
-2,9,74
-11,6,65
8,-1,69
4,3,64
9,4,56
10,5,56
4,9,61
5,12,63
3,15,61
7,17,63
7,15,63
3,12,56
8,9,57
5,9,68
1,9,56
0,8,56
8,3,68
12,1,70
1,10,62
1,9,58
11,6,62
1,12,59
0,11,58
1,8,65
2,9,65
3,7,61
6,7,62
1,7,62
2,8,62
5,8,63
5,8,62
3,8,63
4,7,62
4,8,60
3,8,62
5,8,62
4,8,62
6,8,62
5,8,62
4,7,62
4,8,61
4,8,63
5,8,63
4,7,62
4,8,61
4,8,62
5,8,61
4,8,62
3,8,64
3,7,63
4,8,62
3,8,62
3,8,63
3,8,62
3,8,61
3,8,62
4,8,62
4,8,62
3,8,62
4,8,62
3,8,62
4,8,61
4,8,62
4,8,63
4,8,62
4,8,61
4,8,62
4,7,62
3,7,61
3,7,65
5,8,63
5,8,60
2,7,64
2,8,61
2,8,60
2,8,62
2,9,62
3,8,62
3,8,62
3,8,62
3,8,63
2,8,62
2,8,62
2,8,63
3,8,62
3,8,61
2,8,62
2,8,63
2,8,62
2,8,62
2,8,62
2,8,63
2,8,62
2,8,62
2,8,62
2,8,63
2,8,62
2,8,62
2,8,62
2,8,62
2,8,62
2,8,62
2,8,62
2,8,62
2,8,62
2,8,62
2,8,62
2,8,62
2,8,62
2,8,61
-2,8,63
5,9,65
2,9,62
2,8,62
1,8,62
1,8,62
2,8,62
0,8,61
0,9,63
2,9,62
2,8,61
1,8,61
0,8,62
1,8,62
2,9,62
1,8,62
2,8,62
1,8,62
1,9,63
1,8,62
2,8,61
1,8,62
2,8,63
2,8,62
1,8,62
1,8,62
1,8,63
2,8,63
1,8,62
1,8,62
2,8,62
1,8,62
2,8,62
1,8,62
2,9,61
-4,9,62
3,8,63
3,8,63
1,8,61
0,8,62
2,7,61
1,8,61
0,9,63
0,9,61
2,8,61
1,8,62
1,8,63
1,8,62
1,8,62
1,8,62
1,8,62
1,8,62
1,8,62
1,8,62
1,8,62
1,8,62
1,9,63
1,8,62
1,8,62
1,8,62
1,8,62
1,9,62
1,9,62
1,9,62
1,8,62
1,8,62
1,8,62
1,9,63
1,8,62
1,8,61
1,8,62
0,9,63
1,9,63
0,6,60
-4,11,61
1,9,65
1,8,61
1,8,61
1,8,62
1,8,63
0,8,62
0,8,63
1,8,62
1,8,62
1,8,62
0,9,62
0,8,62
1,8,62
2,8,62
0,8,62
0,8,62
1,8,63
1,8,63
-1,8,63
1,10,62
6,7,60
2,6,60
-4,11,62
1,9,62
5,5,67
2,7,67
3,8,62
-5,11,63
-3,12,64
-5,14,62
-5,15,61
-6,15,61
-6,16,61
-4,14,62
-4,17,60
-4,18,60
-1,19,59
1,19,59
-2,18,60
-3,18,60
-3,17,60
-3,16,60
-5,15,60
-4,15,58
-4,16,59
-2,17,60
-2,17,59
-1,16,59
2,15,61
0,14,61
0,15,61
2,16,62
-3,16,60
-3,16,60
2,13,60
-3,11,64
-2,10,63
6,10,63
6,10,61
-3,12,60
7,15,61
9,11,65
7,15,62
5,17,60
6,20,61
7,18,62
18,14,65
0,17,59
-7,17,59
-16,18,55
-18,18,55
-26,16,55
-29,18,52
-27,19,50
-28,20,50
-26,17,54
-21,14,56
-25,19,56
-29,21,54
-24,12,61
-25,21,59
-21,22,57
-18,26,61
-25,28,59
-24,27,58
-36,29,47
-41,32,44
-37,29,42
-25,22,52
-10,18,59
-12,14,56
-21,20,53
-33,20,50
-39,20,49
-32,18,49
-36,23,47
-29,20,47
-27,21,56
-26,22,48
-38,23,43
-36,22,50
-35,19,50
-41,21,48
-40,30,35
-40,26,39
-45,26,41
-28,22,50
-46,27,50
-44,23,47
-43,25,42
-35,26,44
-35,23,44
-37,24,45
-40,24,45
-33,22,49
-33,23,49
-36,23,48
-34,23,48
-34,23,48
-34,23,48
-33,24,49
-33,23,49
-33,23,49
-34,23,48
-34,23,49
-33,23,48
-33,23,48
-35,23,49
-33,23,48
-32,22,48
-34,23,48
-35,23,48
-35,22,49
-36,24,50
-34,25,51
-35,23,49
-36,24,47
-34,23,46
-32,23,47
-31,24,48
-33,24,49
-33,25,49
-32,24,49
-31,24,50
-33,24,49
-33,25,49
-31,24,49
-33,23,49
-33,23,49
-32,24,49
-32,24,49
-33,25,48
-32,24,48
-33,23,48
-33,24,49
-33,24,48
-34,24,48
-33,24,49
-34,24,48
-34,24,48
-34,24,48
-34,23,48
-34,23,48
-35,23,48
-34,23,48
-34,23,48
-35,23,48
-35,23,48
-34,23,48
-35,23,48
-34,23,48
-34,23,48
-35,23,49
-35,23,48
-35,23,49
-35,23,48
-35,23,48
-34,23,48
-34,23,48
-34,24,47
-35,23,48
-34,23,49
-34,23,47
-34,23,48
-34,23,49
-34,23,49
-34,23,49
-35,23,49
-35,23,48
-34,23,48
-34,23,48
-35,24,48
-35,23,48
-35,23,48
-34,23,48
-33,23,47
-34,24,48
-35,24,48
-33,23,49
-34,23,49
-35,24,49
-33,23,50
-33,23,49
-34,24,48
-34,24,49
-34,24,49
-35,24,49
-34,24,50
-36,23,52
-35,22,53
-34,22,55
-34,20,55
-31,15,52
-23,12,49
-19,10,48
-13,6,45
-12,7,47
-19,18,52
-19,22,56
-9,24,62
-2,30,67
-5,28,68
-8,24,65
-7,23,62
-1,22,56
2,22,55
5,20,57
-5,17,64
-7,18,66
5,17,65
5,17,62
5,21,59
6,14,59
6,13,58
1,10,66
6,6,70
5,9,66
6,9,63
6,7,60
7,6,65
7,5,68
-1,8,57
3,8,58
0,7,61
7,8,62
9,9,65
2,15,60
3,17,56
1,10,70
3,14,66
14,9,56
12,8,54
10,3,60
-5,0,66
-8,6,63
6,10,63
15,9,62
1,8,59
-10,9,60
5,7,65
6,12,63
7,13,65
4,12,55
5,8,58
-8,4,60
-3,4,68
6,7,58
11,8,65
9,9,61
10,13,56
8,10,67
13,12,72
2,12,53
4,9,55
3,2,65
6,1,69
7,6,61
5,8,58
5,7,63
4,9,65
5,8,64
1,10,60
2,9,60
4,10,60
3,10,58
6,9,63
3,10,62
3,10,60
6,10,61
5,10,61
2,9,62
2,9,66
5,9,65
2,10,59
5,7,60
4,7,63
6,8,64
3,9,61
4,8,62
1,8,63
1,9,65
6,8,66
6,8,61
-1,9,59
-2,8,60
2,7,63
5,7,63
3,7,63
2,8,63
1,8,62
2,9,62
2,8,64
3,8,61
4,9,60
5,8,61
5,8,61
5,8,63
4,9,63
5,10,62
6,9,61
5,8,61
5,6,61
6,7,63
3,9,64
3,10,64
4,9,61
4,9,62
5,8,62
4,9,61
3,8,60
4,8,64
4,9,63
3,9,61
6,8,62
5,8,63
3,8,63
4,8,63
3,9,61
6,8,62
5,8,62
4,9,63
2,9,62
4,9,62
4,9,61
4,8,61
4,8,62
4,9,61
4,9,62
4,9,63
4,9,62
4,9,62
4,9,62
4,9,62
4,9,62
4,9,62
3,9,62
4,9,62
4,9,63
5,9,62
4,9,62
4,9,62
4,9,63
4,9,62
4,9,62
4,9,62
4,9,62
4,9,62
5,9,62
4,9,61
4,9,62
4,8,61
5,9,63
5,9,62
4,9,62
4,9,62
4,9,62
4,9,62
4,9,62
4,9,61
3,8,63
10,6,53
5,5,53
1,7,75
4,8,69
5,10,63
3,9,59
3,9,57
3,7,61
1,8,66
6,9,62
5,8,60
3,7,64
3,8,61
5,8,59
2,7,62
2,8,63
2,9,62
2,8,61
6,7,61
6,9,61
7,9,61
5,8,61
4,9,64
6,9,63
6,9,61
6,8,61
4,8,63
4,8,62
7,8,62
7,9,61
2,8,61
7,8,64
9,7,63
7,8,61
4,9,61
4,9,63
6,9,61
6,8,67
7,9,59
5,7,60
5,7,62
5,8,66
4,9,63
6,8,61
7,6,57
6,5,53
6,4,59
2,10,71
5,9,69
6,10,62
4,9,58
4,6,58
3,7,62
3,9,62
4,8,63
4,9,64
4,8,62
3,7,62
2,7,63
3,7,60
4,7,63
2,8,62
2,8,61
4,7,63
5,8,61
5,8,60
3,7,63
4,8,64
4,8,62
4,7,63
4,7,64
5,7,62
4,7,62
3,6,63
3,6,63
4,6,62
4,6,63
2,8,63
4,7,61
6,8,61
4,6,63
2,7,61
3,8,61
6,8,61
3,8,61
2,7,64
6,7,65
6,8,61
6,8,59
5,7,62
5,7,63
2,8,62
4,8,62
4,8,61
4,7,63
5,7,64
5,7,62
4,8,61
4,7,62
4,8,63
5,8,62
4,7,62
5,7,63
4,8,61
4,8,61
4,8,62
1,8,60
0,9,60
7,8,64
11,7,65
5,7,61
2,8,61
2,7,60
5,8,64
6,8,64
4,7,61
6,7,61
5,7,63
5,9,63
6,7,61
4,6,64
3,6,64
4,6,61
4,7,60
10,8,60
0,9,62
5,8,63
5,9,62
11,6,63
3,8,61
4,7,63
5,8,63
5,7,61
4,7,62
4,8,63
5,8,64
7,7,61
4,7,61
2,7,61
3,9,61
2,9,61
6,8,63
5,8,62
4,7,63
2,8,61
3,9,61
6,9,63
8,7,68
0,6,65
-1,9,65
10,7,56
7,6,59
8,6,62
7,9,58
8,6,56
5,7,65
4,6,67
5,7,66
4,8,61
4,7,60
4,7,61
5,7,62
5,8,62
7,8,62
3,8,63
4,8,62
7,7,58
3,6,66
2,8,65
4,7,60
5,7,61
5,7,63
5,8,63
4,7,62
3,8,62
3,7,62
4,7,62
4,8,63
3,8,63
3,8,61
4,7,62
4,7,63
4,7,62
4,8,62
4,8,62
4,8,62
4,7,62
4,7,62
4,8,62
3,8,62
4,8,62
4,7,61
4,8,62
3,8,62
4,8,62
4,7,62
4,7,62
4,7,62
3,7,62
3,8,62
3,8,63
3,7,63
3,7,61
3,7,62
2,7,62
2,8,62
3,8,62
3,7,62
4,7,63
3,8,62
3,8,61
3,8,62
3,8,63
2,8,62
1,8,63
1,7,62
3,7,62
5,9,62
2,9,63
-1,8,63
-2,8,62
1,7,61
2,8,62
3,8,63
2,7,63
2,7,62
1,7,63
0,6,64
0,8,61
1,8,61
3,8,63
1,8,62
-1,8,61
-2,8,61
-1,7,62
2,8,62
2,9,62
-1,8,62
0,8,62
1,7,63
3,7,62
1,8,62
0,8,63
1,8,62
3,8,62
2,7,62
1,7,62
1,8,62
2,8,62
4,8,63
2,7,62
1,8,62
2,7,63
3,7,62
2,8,62
3,7,63
2,8,62
2,7,62
2,8,62
1,8,62
2,8,62
2,8,62
2,8,62
2,9,62
1,8,62
2,7,62
4,7,62
4,7,62
2,8,62
2,8,63
2,8,62
2,7,62
2,7,63
3,8,62
3,8,62
3,8,61
3,7,63
3,7,63
3,7,62
3,8,62
2,6,59
0,6,64
7,7,67
4,8,58
5,5,57
0,7,65
2,7,61
4,7,60
5,7,62
3,8,62
1,9,61
3,8,58
6,5,58
4,6,62
1,8,69
1,9,65
2,8,61
1,9,61
3,8,59
1,5,62
3,6,64
4,7,61
3,7,60
1,7,66
3,8,61
3,7,61
2,7,63
3,7,62
3,6,62
3,7,62
3,8,62
2,7,63
2,8,63
3,6,62
2,6,62
2,7,62
-2,5,62
-1,6,64
0,7,61
-2,7,58
0,5,60
6,7,64
10,10,64
4,10,59
7,8,62
8,8,63
10,6,64
6,9,59
4,10,59
4,5,66
5,3,61
5,3,60
0,5,64
-3,7,62
9,8,61
9,8,59
3,9,62
4,6,64
4,6,62
4,6,61
5,6,63
3,7,63
5,7,62
4,7,61
6,6,64
5,6,63
3,6,61
4,6,62
7,7,63
8,5,62
7,6,60
4,6,61
0,6,63
0,7,63
1,7,62
2,7,62
2,7,64
3,7,65
1,7,62
2,7,60
2,7,63
3,8,63
3,8,60
2,7,63
2,7,64
4,6,61
0,6,59
3,7,63
4,8,64
7,7,61
2,7,64
2,6,64
4,7,62
3,6,64
-8,8,62
-5,9,61
-1,7,62
-3,8,64
-2,8,63
1,7,62
0,7,60
1,8,62
1,8,61
0,8,62
-1,8,63
2,8,63
5,7,61
6,7,62
4,7,63
3,7,61
4,6,61
5,6,63
5,6,63
7,6,63
6,7,65
4,8,59
7,6,62
11,4,61
1,4,62
1,4,66
4,7,63
6,8,63
9,8,61
6,9,58
3,8,58
0,8,66
4,9,69
10,11,67
9,13,59
-9,7,50
10,-4,74
9,-2,67
0,5,55
0,4,60
2,7,64
-2,9,61
3,8,63
5,8,61
1,8,61
7,6,65
7,6,64
3,7,61
6,5,76
7,7,64
-3,7,52
0,5,60
6,3,65
7,5,64
1,8,60
-2,7,61
-3,8,63
-1,7,63
3,7,62
5,7,64
2,7,61
-3,6,61
-1,6,63
-2,7,62
1,7,61
2,7,60
-2,6,64
-1,7,63
3,7,66
2,7,59
2,5,58
1,7,66
2,7,65
2,7,60
3,6,60
2,6,62
2,7,63
2,7,64
2,7,61
1,7,60
2,6,62
2,6,63
1,7,62
1,7,63
0,7,64
2,7,62
3,7,62
1,6,62
1,6,63
1,7,63
1,7,61
0,7,61
2,7,62
1,7,62
0,6,62
1,6,63
1,7,63
2,7,62
2,6,62
3,7,63
2,7,63
2,7,62
3,6,62
3,6,62
3,7,62
3,7,62
3,7,62
2,7,62
2,6,62
4,7,63
4,7,62
4,6,62
4,6,62
4,6,62
4,7,61
4,7,62
5,7,63
4,7,62
4,6,62
5,6,62
3,7,62
3,7,62
3,7,63
3,6,63
4,7,63
5,6,62
4,6,62
8,7,60
8,6,63
3,6,65
9,5,67
6,3,72
6,1,75
4,-3,74
2,-1,67
-2,-5,62
-4,2,61
-11,4,65
-8,6,64
-4,10,49
-17,7,52
-12,7,56
-18,-2,70
-23,-5,65
-31,-3,56
-20,-6,47
-15,-16,51
-11,-23,38
-4,-29,31
-3,-42,62
-2,-46,61
-14,-55,22
-24,-105,43
6,-58,30
-13,-45,10
-6,-58,23
3,-59,18
-9,-64,20
-2,-58,7
4,-57,6
-5,-64,18
13,-59,2
14,-63,0
-2,-66,14
0,-61,16
15,-62,6
7,-65,12
9,-61,11
-2,-64,10
3,-64,19
17,-62,14
18,-61,11
7,-62,5
5,-64,8
14,-62,9
14,-62,9
6,-62,11
14,-61,26
22,-61,24
17,-60,13
13,-60,-4
9,-60,-5
11,-64,13
13,-62,18
18,-60,8
21,-61,1
18,-62,1
16,-63,6
13,-64,8
8,-67,4
8,-64,4
9,-68,3
8,-66,-2
6,-65,2
18,-66,5
15,-66,4
15,-68,6
17,-69,8
9,-66,6
12,-66,9
24,-64,15
5,-63,9
10,-60,16
10,-70,1
-20,-67,-8
0,-70,13
4,-70,18
0,-66,15
2,-62,20
5,-61,20
-7,-55,17
-2,-50,28
5,-44,38
9,-47,46
15,-45,47
18,-51,45
14,-57,45
14,-70,43
13,-71,41
10,-70,38
2,-62,36
-1,-55,35
4,-50,33
2,-47,31
-6,-41,28
-10,-40,28
-9,-40,36
-23,-43,33
-29,-41,31
-25,-43,32
-25,-43,32
-29,-43,31
-29,-44,30
-33,-46,28
-31,-42,30
-31,-39,30
-31,-32,29
-36,-31,28
-42,-26,26
-49,-27,25
-50,-25,24
-52,-18,21
-54,-14,22
-64,-23,20
-66,-29,16
-58,-21,17
-60,-22,17
-68,-24,12
-68,-24,10
-63,-24,13
-55,-22,15
-54,-20,13
-49,-17,10
-61,-20,5
-70,-22,3
-63,-20,4
-58,-20,6
-53,-19,10
-55,-22,13
-49,-25,13
-53,-28,16
-55,-30,22
-51,-34,21
-52,-34,20
-45,-25,28
-48,-25,25
-56,-20,17
-56,-12,24
-54,-10,21
-64,-8,13
-61,-6,14
-58,-10,16
-59,-9,17
-59,-10,16
-57,-9,12
-58,-10,11
-60,-13,11
-59,-15,11
-53,-18,13
-51,-18,12
-52,-14,7
-57,-15,12
-59,-17,17
-59,-19,11
-65,-18,12
-79,-18,20
-64,-20,18
-65,-13,16
-65,-8,21
-63,-8,21
-62,-3,21
-62,-4,20
-63,-4,14
-59,-5,24
-57,-7,24
-56,-9,24
-52,-11,25
-61,-22,18
-73,-23,17
-63,-24,32
-61,-24,31
-62,-27,31
-67,-23,25
-84,-20,13
-67,-18,16
-63,-20,16
-52,-14,26
-66,-18,16
-65,-14,12
-47,-16,17
-57,-19,12
-69,-11,1
-66,-11,-1
-56,-5,-3
-54,-6,-8
-57,-5,-9
-60,-5,-7
-59,-7,-11
-58,-10,-7
-62,-14,-7
-66,-20,-1
-62,-25,9
-68,-27,15
-59,-28,22
-54,-30,29
-43,-29,46
-49,-31,43
-41,-25,46
-26,-29,47
-33,-32,46
-39,-33,38
-40,-36,37
-44,-38,35
-50,-40,30
-41,-36,41
-29,-41,42
-26,-36,44
-27,-35,42
-27,-34,41
-31,-36,40
-19,-40,47
-23,-46,45
-22,-35,48
-18,-40,45
-34,-39,37
-24,-38,43
-22,-40,43
-25,-36,45
-23,-36,48
-17,-28,47
-11,-25,45
-13,-28,53
-21,-28,57
-22,-28,54
-31,-29,49
-31,-29,49
-33,-31,45
-33,-32,47
-35,-35,44
-33,-35,44
-29,-36,44
-37,-36,45
-34,-34,45
-36,-35,41
-36,-36,43
-25,-38,41
-32,-34,37
-36,-34,36
-33,-32,34
-36,-32,30
-43,-33,22
-44,-34,23
-38,-37,35
-40,-41,33
-43,-41,34
-38,-44,32
-38,-46,33
-22,-46,35
-23,-50,32
-19,-46,38
-45,-51,35
-28,-40,39
-23,-42,38
-15,-37,45
-65,-31,15
-82,-23,31
-4,-60,75
8,-54,39
-25,-47,37
-14,-54,28
-15,-58,26
-2,-59,28
-7,-57,26
-8,-57,23
-1,-61,24
-2,-58,20
-4,-55,22
-11,-59,28
-13,-57,31
-7,-60,24
-6,-58,24
-4,-59,27
-1,-62,24
-7,-58,19
-10,-60,20
-9,-60,20
-6,-61,23
-10,-60,22
-7,-59,6
-15,-60,10
5,-63,25
-5,-64,31
-11,-64,44
-1,-56,15
-13,-56,-4
-22,-63,2
-2,-59,21
1,-60,37
2,-61,40
-11,-57,18
-8,-59,20
-6,-60,24
-9,-58,21
-8,-58,23
-3,-60,23
-4,-59,27
-7,-58,29
-8,-58,29
-3,-58,26
-7,-58,22
-6,-58,22
0,-58,27
1,-59,31
-7,-57,27
-5,-57,26
-1,-58,29
-3,-57,33
-2,-56,28
-3,-56,31
-1,-57,28
1,-58,28
1,-56,32
-2,-56,30
0,-56,34
3,-56,36
-1,-55,32
-1,-54,32
-2,-55,33
1,-56,34
1,-55,35
12,-61,39
10,-64,39
2,-63,42
10,-61,45
2,-61,39
-9,-60,49
-9,-68,50
-19,-67,49
-23,-62,48
-28,-46,42
-27,-36,45
-32,-32,44
-40,-21,40
-43,-14,40
-34,-7,26
-32,9,18
-36,11,17
-47,9,9
-57,7,4
-51,13,18
-43,12,21
-42,6,30
-32,-2,31
-40,-12,24
-76,-11,7
-92,-12,-9
-70,-23,6
-56,-13,5
-45,-10,2
-58,-11,-9
-62,-9,-10
-67,-9,-27
-73,-11,-38
-55,-12,-26
-53,-10,-22
-55,-7,-34
-46,-8,-38
-51,-10,-39
-55,-11,-38
-53,0,-52
-53,-8,-33
-68,-11,-32
-61,3,-33
-51,2,-14
-55,5,-14
-64,9,-15
-70,9,-12
-63,6,-11
-68,-2,-8
-67,0,-8
-61,6,-9
-58,7,-6
-48,1,4
-49,5,5
-56,3,6
-72,1,4
-67,0,4
-64,-2,0
-65,-4,4
-62,-6,10
-61,-7,20
-67,-3,18
-71,-3,12
-65,-4,13
-60,-7,13
-63,-6,13
-69,-10,8
-69,-9,7
-65,-8,6
-65,-8,1
-66,-8,5
-68,3,-21
-69,4,-27
-61,8,-25
-57,8,-23
-59,6,-23
-59,7,-16
-58,7,-12
-68,5,-17
-67,7,-12
-66,11,-16
-67,11,-17
-67,17,-12
-60,22,-9
-66,23,-9
-65,28,-6
-65,31,-6
-61,31,-3
-52,32,0
-54,31,0
-57,27,-2
-54,25,2
-53,26,1
-50,26,0
-61,26,7
-51,29,8
-48,30,9
-60,26,6
-56,26,7
-47,29,6
-49,32,10
-38,39,8
-62,31,-10
-71,25,-8
-42,15,7
-23,16,16
-35,10,-14
-54,5,-23
-66,9,-4
-64,18,-11
-63,24,-12
-68,29,-11
-68,28,-9
-63,48,-14
-71,15,-19
-67,15,-17
-55,27,-19
-56,25,-20
-59,22,-5
-57,21,2
-59,20,0
-65,19,2
-54,17,3
-60,20,-3
-62,16,0
-58,13,2
-66,23,5
-69,7,0
-50,23,10
-59,19,2
-65,12,-2
-66,8,-3
-65,10,-3
-65,14,0
-64,14,-1
-61,14,4
-60,13,6
-62,14,3
-63,15,1
-63,14,3
-63,15,4
-62,15,4
-62,15,5
-62,15,5
-63,14,4
-64,11,4
-62,14,7
-62,13,6
-62,13,7
-61,13,7
-62,13,8
-62,12,6
-63,12,4
-63,12,5
-62,12,7
-62,12,7
-63,13,5
-62,13,6
-64,10,3
-64,11,3
-63,12,5
-63,11,5
-63,11,5
-63,10,5
-63,11,4
-63,11,4
-63,12,5
-63,11,4
-62,12,5
-63,12,5
-63,10,4
-64,10,4
-62,12,5
-63,11,5
-64,11,3
-63,11,5
-63,11,6
-62,11,8
-62,11,6
-64,10,4
-63,11,5
-63,11,5
-63,11,6
-64,11,5
-60,14,9
-61,10,7
-64,9,7
-63,9,5
-63,11,5
-64,11,7
-62,8,9
-60,7,10
-62,16,9
-65,14,7
-64,14,4
-65,8,3
-58,11,14
-63,11,8
-64,9,4
-63,12,5
-64,12,5
-60,10,12
-60,9,15
-62,12,7
-65,13,2
-63,12,4
-65,11,4
-63,14,5
-62,14,9
-61,10,9
-59,13,9
-61,13,9
-63,14,7
-64,14,6
-63,12,5
-67,16,1
-62,14,4
-64,14,10
-61,15,12
-70,14,14
-69,12,17
-53,18,15
-66,17,11
-73,19,4
-71,16,0
-70,16,-5
-57,28,-2
-53,26,-15
-55,42,-19
-60,48,-13
-73,35,-19
-67,13,-13
-24,33,8
-41,39,-3
-45,15,-9
-20,19,3
-66,26,-14
-70,23,-16
-40,8,12
-30,-1,12
-47,-10,-1
-66,-3,1
-60,0,-5
-76,4,0
-78,6,-3
-77,9,-7
-85,10,-11
-73,7,-18
-64,3,-2
-70,5,-19
-61,-2,0
-63,4,1
-83,2,-16
-63,5,1
-69,2,-14
-67,4,-8
-64,5,-13
-76,6,-17
-70,3,-10
-61,2,4
-69,2,-15
-65,5,-14
-63,4,-19
-71,9,-15
-55,2,6
-69,7,1
-82,-2,-15
-62,2,13
-45,-1,24
-56,-2,10
-54,2,19
-39,-3,30
-61,-8,24
-44,2,35
-59,-6,21
-61,0,19
-57,-3,15
-51,-2,18
-66,-1,5
-64,-2,2
-68,-1,10
-33,27,4
-89,7,7
-75,1,4
-44,1,16
-66,-7,5
-42,-3,-4
-76,-1,-27
-47,0,12
-37,-14,-7
-62,-2,-20
-70,6,-14
-64,-5,-19
-68,-1,-23
-75,0,-18
-57,-11,12
-66,-10,26
-79,-14,32
-57,-17,39
-71,-28,14
-25,-22,42
-34,-6,43
-34,-15,74
-26,-23,61
-49,-4,39
-24,-15,76
-14,1,56
-25,19,43
-22,38,43
-11,49,21
1,47,33
13,67,55
16,55,52
-48,50,48
-50,55,30
-41,39,32
-88,8,46
-75,20,35
-24,17,41
-34,18,54
-31,29,44
-43,16,57
-25,14,50
-26,-2,60
-33,-1,44
-41,-14,46
-58,-7,29
-55,-6,34
-61,-12,29
-61,-12,14
-61,-8,26
-49,-15,31
-47,-27,28
-59,-43,21
-52,-49,23
-50,-49,20
-70,-52,14
-62,-60,16
-59,-61,22
-77,25,30
-39,-126,17
-40,-74,27
-59,-18,24
-53,-43,15
-58,-40,14
-64,-37,16
-51,-50,21
-66,-55,22
-66,-55,24
-63,-56,28
-58,-53,38
-68,-41,19
-74,-29,13
-40,-9,12
-24,7,14
-20,14,15
-33,22,-3
-45,28,-12
-43,29,-7
-60,18,-8
-49,16,0
-22,8,10
-40,12,-1
-48,8,-3
-42,2,1
-56,-2,-6
-72,-6,-17
-55,-9,-4
-59,-12,-5
-64,-14,-4
-61,-19,-11
-63,-11,-7
-71,-13,-5
-66,0,-16
-62,7,-7
-79,0,-16
-71,-2,-13
-64,3,-2
-69,1,-3
-64,-3,-2
-69,5,-9
-69,7,-6
-50,5,1
-51,7,-2
-50,8,-9
-53,12,-12
-60,6,-6
-78,12,-20
-61,10,-7
-60,16,-9
-59,16,-9
-66,15,-4
-66,15,-5
-70,19,-15
-59,18,-8
-54,17,-7
-54,12,-1
-59,13,-4
-64,17,-6
-70,9,-10
-82,20,-16
-84,24,-15
-60,22,-7
-36,-3,-8
-71,-2,-15
-91,15,-18
-64,8,-15
-62,3,-11
-59,4,-3
-72,5,-5
-68,13,-6
-61,9,-6
-58,10,-7
-51,6,0
-58,5,-5
-58,5,-6
-58,5,-6
-61,4,-7
-62,2,-7
-64,3,-6
-64,0,-6
-64,-4,-7
-62,-6,1
-59,-8,2
-71,-14,-1
-76,-17,-2
-53,-17,9
-66,-19,1
-72,-19,-2
-63,-17,-6
-82,-16,-14
-62,-18,-1
-51,-2,-7
-56,2,-6
-62,4,-16
-63,7,-10
-47,-1,-5
-52,-1,-1
-55,-2,3
-55,-13,28
-55,-15,34
-37,-24,25
-42,-35,29
-49,-50,34
-50,-56,25
-44,-79,-3
-17,-90,27
-14,-76,30
-5,-63,35
-10,-63,33
-25,-55,25
-31,-54,20
-36,-54,14
-34,-55,11
-31,-53,11
-31,-49,14
-36,-49,13
-36,-49,10
-35,-47,10
-42,-42,14
-50,-57,8
-58,-66,19
-57,-81,7
-49,-73,11
-48,-67,10
-51,-67,7
-50,-67,5
-49,-70,9
-49,-66,10
-48,-64,5
-46,-59,6
-46,-55,6
-39,-64,6
-34,-60,8
-29,-58,14
-27,-61,20
-20,-48,20
-19,-43,18
-22,-49,18
-21,-43,27
-24,-42,31
-25,-41,32
-25,-41,34
-24,-47,41
-22,-49,40
-16,-51,37
-18,-55,39
-20,-56,38
-25,-55,35
-27,-52,33
-31,-53,32
-32,-54,33
-35,-54,35
-39,-52,35
-47,-59,38
-47,-72,39
-38,-64,35
-24,-78,33
-9,-91,37
-8,-89,33
-13,-82,27
-16,-83,25
-25,-72,20
-28,-66,20
-29,-63,19
-21,-68,21
-14,-71,20
-3,-56,24
1,-51,26
3,-40,27
-4,-37,31
-24,-45,27
-43,-33,30
-44,-32,36
-42,-35,54
-42,-35,56
-38,-32,51
-36,-31,48
-37,-25,43
-40,-17,45
-42,-14,43
-47,-7,37
-50,-3,36
-55,4,35
-58,7,36
-68,1,40
-71,-16,50
-72,-27,56
-58,-45,65
-50,-47,64
-41,-40,57
-39,-37,56
-38,-33,55
-28,-32,47
-23,-28,45
-16,-28,43
-12,-32,41
-7,-31,37
-8,-34,34
-6,-40,28
-11,-38,23
-13,-38,22
-14,-60,16
-19,-67,19
-25,-89,25
-39,-101,33
-41,-98,31
-30,-91,17
-24,-89,12
-12,-90,22
-13,-89,29
-21,-77,27
-30,-71,12
-38,-64,7
-60,-53,7
-69,-45,6
-99,-38,9
-104,-45,10
-55,-51,26
-32,-88,42
-26,-102,48
-16,-111,44
-19,-104,42
-25,-106,34
-27,-104,31
-24,-106,24
-12,-93,21
-7,-87,20
13,-60,11
16,-45,13
22,-32,12
11,-47,11
1,-55,10
-19,-63,11
-19,-69,16
-20,-71,20
-22,-75,19
-23,-86,17
-20,-99,17
-23,-106,21
-30,-104,32
-30,-97,32
-31,-76,21
-44,-66,16
-66,-52,3
-81,-37,3
-95,-45,8
-68,-57,14
-56,-59,21
-36,-84,28
-30,-98,30
-24,-104,29
-24,-98,24
-24,-99,24
-43,-106,13
-29,-112,13
-37,-113,10
-22,-107,12
-16,-90,16
-13,-68,15
-10,-58,15
-11,-49,14
-10,-37,26
-27,-15,29
-25,-8,33
-23,2,43
-17,6,48
-14,11,49
-26,16,48
-32,19,50
-38,22,50
-41,27,41
-45,31,39
-45,36,41
-44,37,39
-55,46,32
-74,38,43
-74,17,51
-55,3,59
-49,1,55
-39,-2,46
-35,-3,47
-25,-4,45
-28,-6,43
-24,-8,48
-26,-17,53
-25,-17,56
-34,-22,52
-33,-17,47
-40,-8,48
-56,-4,51
-38,-5,62
-35,-3,64
-36,2,63
-40,7,60
-42,2,52
-44,-10,43
-50,-8,43
-32,-15,50
-41,-12,43
-32,-14,43
-37,-17,39
-40,-19,41
-24,-22,51
-43,-26,44
-35,-29,52
-39,-26,52
-33,-29,47
-41,-30,31
-36,-26,32
-39,-31,42
-31,-38,49
-29,-43,47
-30,-35,39
-24,-33,32
-39,-38,35
-54,-35,37
-33,-33,41
-35,-35,31
-29,-34,29
-25,-26,41
-18,-31,45
-29,-31,56
-28,-30,67
-23,-28,57
-11,-33,52
-14,-41,54
-14,-35,59
-6,-38,55
-13,-35,46
-29,-35,52
-5,-37,45
-16,-42,41
-10,-41,45
5,-23,44
-4,-35,52
-9,-55,47
-12,-40,45
-12,-50,51
-4,-31,57
-10,-30,53
-2,-25,53
5,-24,49
9,-40,52
15,-38,52
8,-38,55
12,-34,57
11,-30,55
17,-34,58
20,-33,56
18,-29,49
15,-32,51
17,-35,52
19,-33,51
15,-28,49
15,-31,55
18,-31,52
13,-33,55
13,-38,59
10,-41,61
7,-36,52
5,-32,46
1,-36,54
3,-33,56
-4,-28,54
-17,-29,28
-19,-24,33
-34,-26,38
-42,-23,33
-67,-13,15
-81,-3,9
-64,6,17
-63,2,20
-68,1,13
-70,2,9
-73,0,11
-72,-3,9
-72,0,5
-71,1,6
-70,-1,-3
-72,-1,-4
-64,-2,11
-61,-3,16
-59,-1,8
-61,-2,8
-58,-8,7
-70,-29,5
-65,-32,4
-49,-23,7
-53,-19,5
-58,-17,1
-59,-14,-6
-59,-13,-9
-59,-8,13
-59,-10,8
-71,-12,-2
-69,-12,-1
-56,-15,7
-59,-12,5
-61,-17,3
-62,-25,3
-62,-18,1
-67,-14,-16
-66,-11,-6
-59,-10,-1
-64,-8,-7
-63,-8,-1
-63,-6,-4
-58,-4,-8
-71,-3,2
-68,-3,4
-54,-27,-27
-59,4,-9
-67,-12,-7
-49,-8,2
-44,-10,3
-53,-10,-15
-35,-3,-50
-47,-2,-72
-49,1,-67
-59,-5,-68
-47,-12,-50
-40,-15,-43
-33,-18,-43
-30,-24,-35
-38,-23,-38
-34,-24,-54
-37,-29,-58
-36,-31,-48
-35,-32,-44
-39,-44,-31
-42,-48,2
-48,-51,6
-42,-45,-1
-46,-58,-1
-30,-78,23
-26,-75,60
-78,-61,-1
-32,-64,19
-39,-64,15
-39,-60,-7
-29,-67,-16
-36,-74,10
-36,-63,9
-41,-55,9
-29,-65,8
-24,-66,1
-25,-62,5
-24,-58,7
-22,-57,5
-16,-61,-2
-20,-66,-3
-40,-53,-1
-51,-52,-8
-62,-52,-18
-65,-46,35
-78,-36,35
-84,-30,9
-42,-29,11
-24,-43,26
-64,-41,9
-76,-22,-3
-29,-44,2
-45,-46,21
-18,-34,39
1,-48,39
-19,-42,52
-37,-33,62
-4,-17,52
3,-8,37
30,9,12
-9,-8,-107
-51,-7,-128
-66,5,-80
-67,-30,-46
-73,-24,-31
-95,-10,-65
-70,-14,-113
0,-80,55
-26,-71,46
-103,-46,-9
-96,-49,-9
-24,-65,21
-15,-54,42
-9,-54,0
-49,-48,5
-35,-38,-9
-38,-29,-24
-42,-32,-35
-76,-30,-28
-15,-26,12
-3,-39,38
-42,-25,10
-27,-28,23
-58,-53,12
-70,-45,-27
-49,-56,-23
-55,-68,29
-58,-61,31
-32,-63,27
-38,-66,15
-29,-33,36
-26,-18,34
-29,-4,6
-42,-9,-9
-55,-12,-2
-58,-31,6
-63,-41,-12
-73,-78,-11
-76,-40,15
-54,-58,37
-71,-44,31
-76,-47,19
-77,-48,2
-97,-31,-7
-41,-28,8
-83,-28,1
-20,-33,27
-61,-29,22
-34,-24,37
-36,-18,39
-54,-12,30
-50,2,36
-35,5,47
-42,6,44
-58,-4,48
-51,-8,48
-36,-8,43
-27,-11,42
-41,-10,45
-34,-13,54
-47,-14,54
-38,-16,51
-19,-14,49
-23,-17,52
-14,-19,55
12,-21,55
-10,-12,59
-9,-13,65
-3,-11,62
-4,-14,61
-8,-22,56
-18,-25,61
-6,-15,61
-13,-13,62
-17,-11,65
-8,-10,66
-7,-11,58
-7,-11,56
-7,-14,58
-14,-11,67
-14,-7,59
-6,-10,57
-9,-14,59
-12,-12,60
-9,-9,60
-11,-11,68
-9,-12,69
-10,-4,57
-10,-5,54
-4,-8,58
-6,-10,63
-7,-7,66
-6,-6,62
-6,-6,60
-9,-6,61
-8,-7,63
-7,-7,61
-7,-8,63
-8,-7,62
-6,-7,62
-6,-6,61
-6,-8,63
-7,-8,65
-5,-6,62
-3,-7,60
-5,-7,60
-6,-7,61
-5,-8,62
-4,-8,60
-3,-10,61
-11,-9,65
-6,-11,68
-8,-5,60
-7,-9,63
-4,-10,70
-9,-4,60
-6,-8,56
-5,-9,56
-24,5,42
15,1,33
-12,-14,79
-8,-13,78
-8,-15,75
-7,-15,61
2,-21,51
-7,-33,43
-15,-29,42
-30,-34,41
-42,-28,39
-59,-38,38
-59,-41,41
-65,-32,32
-73,-31,24
-84,-35,20
-62,-29,24
-65,-22,30
-85,-24,24
-81,-11,23
-46,-19,21
-37,-24,29
-41,-24,27
-49,-23,15
-53,-21,12
-31,-29,9
5,-37,23
-27,-49,11
-42,-25,7
-6,-36,16
-21,-57,25
-31,-64,39
-18,-60,24
-11,-59,6
-64,-123,34
-8,-124,25
-2,-82,25
-24,-38,2
-25,-28,-3
11,-35,0
-23,-44,-17
-17,-48,-24
0,-50,-16
1,-58,-15
-18,-55,-10
-24,-56,-5
-17,-43,25
-14,-37,24
-15,-47,29
-6,-58,8
-26,-57,13
-20,-82,33
-8,-73,40
-14,-65,22
-12,-59,-29
-13,-55,-23
2,-45,-21
-4,-51,-22
-10,-59,-33
3,-80,-15
14,-85,-5
46,-48,14
10,-73,-4
0,-62,12
-5,-68,13
-28,-62,8
-21,-57,9
-8,-78,-21
2,-102,-22
21,-98,-5
2,-84,-10
-10,-89,12
-77,-76,-11
-18,-76,-19
1,-66,-2
-6,-55,-6
-16,-49,-2
-5,-46,12
-17,-51,7
-31,-51,-6
4,-67,20
-11,-77,19
-35,-65,16
-31,-63,15
-43,-51,-4
-46,-50,0
-34,-47,-1
-26,-42,15
-28,-48,18
-38,-54,16
-45,-57,19
-56,-63,34
-56,-55,27
-67,-49,23
-40,-50,19
-32,-47,17
-32,-38,20
-36,-33,20
-58,-34,25
-58,-28,23
-47,-23,30
-50,-25,29
-52,-25,32
-49,-26,41
-49,-27,43
-49,-28,39
-50,-23,33
-62,-20,22
-47,-20,25
-39,-26,28
-57,-33,35
-58,-26,40
-52,-19,49
-33,-25,49
-31,-17,46
-43,-10,43
-32,-1,49
-40,8,46
-48,14,42
-47,16,48
-42,3,48
-39,-2,48
-44,-7,37
-50,2,32
-25,-4,37
-24,-9,29
-18,-8,32
-34,-5,48
-71,0,55
-73,9,59
-18,-4,63
-40,-2,52
-55,-4,42
-12,-12,43
-51,-20,32
-74,-22,24
-61,-25,28
-60,-24,27
-57,-19,39
-47,-24,39
-54,-25,31
-50,-27,25
-51,-27,23
-56,-24,27
-60,-27,34
-63,-30,34
-58,-27,29
-55,-22,27
-62,-16,32
-57,-17,35
-50,-16,32
-48,-15,29
-52,-16,32
-51,-17,41
-48,-15,46
-54,-15,44
-53,-15,46
-39,-18,51
-37,-17,45
-48,-6,37
-42,-10,26
-48,-4,15
-53,4,8
-56,6,2
-54,12,20
-44,5,28
-43,15,24
-35,7,0
-62,13,-21
-97,3,-31
-72,-2,-11
-59,5,-18
-78,-6,-23
-72,-13,-16
-65,-14,-3
-75,-12,-4
-62,-13,-5
-58,-13,-8
-63,-10,-14
-64,-11,-14
-61,-10,-13
-59,-9,-9
-61,-10,-8
-64,-11,-9
-69,-11,-10
-73,-10,-6
-62,-2,-2
-72,-5,-7
-63,-11,-4
-55,-11,0
-52,-13,5
-61,-15,7
-62,-11,11
-60,-10,10
-64,-9,9
-62,-8,10
-58,-7,13
-62,-8,20
-65,-8,19
-61,-6,16
-63,-7,19
-63,-7,21
-55,-6,21
-56,-6,20
-60,-6,23
-58,-5,23
-57,-4,22
-62,-4,20
-61,-3,21
-55,-3,26
-56,-3,26
-58,-2,25
-58,-2,27
-58,-2,27
-60,0,25
-59,-1,25
-61,-1,23
-60,0,23
-58,-1,23
-59,0,22
-60,0,19
-55,-1,20
-53,-2,27
-59,0,25
-59,0,22
-60,0,22
-56,0,22
-56,-1,20
-62,0,15
-64,-1,14
-64,1,8
-59,-1,7
-66,-2,3
-67,-1,3
-65,-1,1
-63,-2,4
-65,-2,5
-64,-2,5
-65,-2,3
-65,-2,4
-65,-1,3
-65,-2,3
-63,-2,4
-63,-2,4
-60,-3,4
-64,-4,0
-61,-1,-3
-61,-3,-8
-65,-3,-13
-62,-1,-20
-59,-1,-22
-60,0,-22
-59,-1,-22
-59,-1,-22
-62,-1,-23
-61,-1,-23
-59,-2,-23
-60,-1,-24
-57,-2,-26
-59,-1,-28
-58,-1,-27
-56,-2,-25
-57,-2,-26
-57,-2,-27
-58,-3,-28
-58,-2,-30
-96,-2,-42
-91,-6,-37
-45,3,-6
-50,3,-5
-65,3,-9
-65,3,-5
-56,4,4
-54,3,9
-56,2,13
-63,2,19
-61,4,21
-49,3,30
-50,3,31
-57,5,26
-51,5,33
-49,5,35
-57,6,32
-57,7,32
-51,5,34
-58,5,31
-60,6,30
-50,5,36
-49,4,36
-64,8,29
-53,7,37
-44,3,40
-55,6,35
-51,5,38
-44,3,41
-47,2,41
-54,4,45
-49,3,46
-45,3,45
-45,4,48
-43,4,48
-39,3,47
-40,3,46
-42,3,46
-42,3,47
-41,2,48
-41,3,47
-40,3,47
-39,3,47
-40,3,46
-37,3,47
-36,2,48
-36,3,52
-42,3,51
-44,2,51
-39,2,52
-39,2,51
-43,2,46
-47,4,46
-44,3,47
-44,2,44
-42,2,45
-45,1,45
-48,2,43
-41,1,45
-43,2,46
-43,2,47
-45,3,46
-47,3,44
-46,3,45
-44,3,44
-45,4,45
-48,1,42
-50,1,41
-50,4,42
-50,4,42
-51,5,38
-50,5,36
-47,2,40
-48,3,42
-48,3,41
-50,3,41
-50,5,40
-48,4,39
-48,4,38
-49,3,40
-51,3,40
-51,4,40
-49,3,40
-50,4,39
-50,4,41
-49,4,41
-48,4,39
-48,4,40
-48,4,40
-47,3,41
-46,3,42
-50,3,41
-49,3,40
-48,4,40
-49,4,42
-48,4,44
-47,4,42
-47,3,42
-47,3,44
-47,4,43
-47,4,42
-48,3,42
-48,3,42
-46,3,41
-47,2,41
-48,2,40
-48,3,40
-47,3,41
-47,3,44
-47,3,44
-47,3,43
-47,3,43
-48,4,43
-47,3,43
-47,4,43
-47,4,43
-47,4,43
-47,3,42
-47,4,42
-48,4,42
-47,4,42
-47,4,42
-47,4,42
-47,4,42
-46,4,43
-46,4,43
-47,4,43
-46,4,43
-47,4,43
-47,3,43
-47,4,43
-46,4,43
-46,4,43
-46,4,43
-46,4,44
-46,4,43
-47,4,43
-46,4,44
-47,4,43
-47,4,44
-46,4,44
-45,4,43
-44,4,44
-46,3,44
-46,3,44
-46,4,44
-45,4,44
-45,4,44
-46,3,43
-46,3,43
-45,2,43
-46,3,43
-46,3,44
-47,3,43
-47,3,43
-47,3,43
-47,3,43
-46,3,44
-47,3,44
-46,3,44
-46,3,43
-46,3,43
-46,2,44
-45,2,44
-46,2,44
-47,2,43
-47,2,42
-49,2,42
-48,2,43
-47,2,42
-47,2,42
-47,2,43
-47,2,43
-48,2,43
-47,2,42
-46,2,43
-48,2,42
-47,2,42
-47,2,42
-47,2,42
-47,2,42
-47,2,42
-48,2,42
-47,2,42
-47,1,42
-47,2,42
-49,2,41
-48,2,41
-49,2,41
-49,2,41
-48,2,41
-49,2,41
-48,1,41
-48,1,41
-48,1,41
-48,1,41
-48,1,41
-49,1,41
-49,1,41
-49,1,41
-49,1,40
-48,1,40
-48,1,40
-48,2,41
-49,1,41
-49,1,40
-48,2,40
-50,2,40
-49,1,41
-48,1,41
-49,1,40
-48,1,40
-48,1,41
-48,1,41
-49,1,41
-49,1,41
-48,2,42
-48,1,41
-49,1,41
-49,1,42
-48,1,42
-48,2,42
-48,2,42
-48,2,41
-48,2,41
-47,2,42
-47,2,42
-47,2,42
-47,2,42
-48,1,42
-48,2,42
-47,2,42
-47,2,42
-49,2,41
-49,1,41
-47,1,41
-48,2,42
-48,1,43
-48,1,41
-48,1,41
-48,1,41
-48,1,41
-48,1,42
-49,2,41
-48,1,41
-49,1,40
-48,1,41
-49,1,41
-49,1,41
-50,1,41
-50,1,41
-49,1,42
-50,2,42
-48,2,41
-48,2,41
-48,2,41
-47,2,42
-47,2,42
-47,2,42
-47,2,42
-47,2,42
-46,2,42
-46,3,43
-47,2,43
-47,3,42
-46,3,43
-47,3,43
-48,3,43
-50,3,44
-52,3,44
-53,5,43
-46,7,45
-46,7,47
-36,7,53
-32,7,53
-33,7,52
-31,6,53
-30,7,53
-29,7,54
-22,5,57
-24,6,58
-26,8,56
-19,7,58
-19,8,58
-20,11,57
-18,10,58
-20,11,58
-17,10,58
-15,11,61
-18,12,58
-17,12,58
-17,12,58
-20,12,55
-15,11,57
-16,13,58
-16,13,57
-15,12,57
-14,12,57
-17,10,61
-16,10,60
-14,9,60
-16,9,65
-15,9,64
-15,9,62
-14,8,57
-14,11,58
-11,8,63
-14,9,58
-16,9,60
-13,9,61
-14,9,61
-17,10,60
-13,9,60
-10,8,59
-10,8,59
-7,6,62
-10,5,63
-10,4,65
-12,2,63
-11,2,63
-10,2,63
-10,2,63
-10,2,61
-8,2,61
-6,2,61
-7,2,61
-7,2,61
-8,1,63
-11,1,63
-10,2,63
-8,1,64
-8,2,62
-8,2,61
-7,2,61
-6,2,63
-7,1,62
-9,0,60
-10,0,60
-9,0,63
-10,2,62
-11,0,62
-12,2,61
-12,3,62
-9,1,58
-10,4,63
-10,4,64
-10,1,61
-10,-1,62
-20,-1,59
-23,1,59
-14,-5,64
-14,-3,63
-14,-4,61
-19,-2,56
-20,-2,55
-23,-3,56
-22,-3,57
-19,-3,58
-32,-4,53
-18,-5,60
-13,-8,61
-13,-6,63
-10,-7,65
-14,-7,63
-15,-7,67
-14,-6,65
-17,-7,63
-17,-7,65
-14,-5,66
-8,-5,65
-6,-4,62
-1,-2,58
-3,-2,57
-4,-2,57
-6,-1,59
-7,-1,62
-7,-2,65
-7,-2,64
-6,-2,63
-6,-2,61
-7,-2,60
-8,-1,62
-8,-1,63
-9,0,62
-7,0,61
-6,0,61
-7,-1,61
-6,-2,62
-7,-2,63
-8,-2,63
-8,-2,62
-7,-2,61
-8,-2,61
-5,-1,63
-5,-1,62
-9,0,63
-8,-1,63
-8,-2,60
-3,-4,58
-4,-2,55
-10,1,68
-3,-3,61
-16,-1,55
-12,-3,61
-13,-3,57
-14,-3,51
-23,-4,56
-17,-5,52
-18,-3,54
-26,-8,62
-43,-8,63
-38,-11,68
-31,-10,64
-28,-9,60
-30,-9,52
-23,-8,54
-20,-6,53
-30,-5,52
-30,-6,59
-28,-11,59
-32,-7,55
-30,-11,57
-30,-12,57
-32,-10,53
-31,-10,54
-32,-10,53
-27,-10,54
-32,-9,53
-35,-10,57
-36,-9,56
-36,-7,52
-30,-7,54
-36,-6,55
-24,-3,55
-35,-7,52
-34,-8,53
-32,-7,51
-31,-6,48
-38,-5,45
-35,-5,47
-33,-6,47
-34,-6,46
-34,-6,47
-42,-7,46
-43,-7,46
-42,-8,49
-47,-9,49
-50,-11,48
-48,-11,48
-49,-10,44
-48,-10,43
-46,-10,43
-47,-11,41
-50,-11,40
-51,-10,44
-53,-11,44
-58,-12,39
-40,-10,46
-39,-9,43
-37,-9,40
-39,-10,40
-39,-11,45
-42,-12,44
-45,-13,43
-46,-13,46
-45,-13,46
-47,-12,42
-47,-11,42
-44,-11,43
-45,-11,43
-51,-11,41
-44,-10,44
-44,-9,44
-42,-9,43
-42,-9,42
-44,-10,44
-45,-10,44
-48,-10,44
-46,-10,43
-46,-10,43
-46,-10,42
-45,-10,42
-44,-10,42
-44,-11,42
-45,-11,43
-45,-11,43
-45,-10,42
-45,-11,42
-46,-11,42
-47,-11,42
-47,-11,42
-46,-11,42
-46,-11,42
-46,-11,42
-47,-10,41
-46,-10,41
-47,-10,41
-48,-10,41
-48,-10,41
-48,-10,41
-48,-10,40
-48,-10,40
-48,-10,41
-48,-10,40
-48,-10,40
-48,-10,41
-48,-10,40
-48,-10,40
-48,-10,40
-48,-10,40
-49,-10,40
-48,-10,40
-48,-10,40
-48,-10,40
-48,-10,40
-49,-10,40
-49,-11,40
-49,-11,40
-48,-10,40
-48,-10,40
-48,-10,39
-48,-10,39
-49,-10,39
-49,-11,39
-49,-10,39
-48,-10,39
-49,-10,39
-49,-10,39
-49,-11,39
-49,-11,39
-49,-11,39
-49,-10,39
-49,-10,39
-49,-10,39
-49,-11,39
-49,-10,39
-49,-10,39
-49,-10,39
-49,-10,39
-50,-10,39
-50,-10,38
-49,-10,39
-50,-9,39
-49,-10,39
-49,-10,38
-50,-10,39
-50,-10,39
-50,-10,38
-49,-11,38
-48,-10,38
-51,-10,38
-49,-10,39
-50,-10,38
-47,-10,38
-47,-10,38
-50,-10,38
-52,-10,39
-51,-11,38
-49,-11,38
-49,-11,37
-50,-11,37
-51,-11,37
-51,-11,39
-51,-11,38
-50,-11,38
-49,-11,37
-50,-11,37
-50,-11,37
-51,-11,38
-50,-12,38
-50,-11,37
-49,-12,37
-50,-12,37
-50,-12,37
-50,-11,38
-50,-11,38
-50,-11,37
-50,-11,38
-50,-11,38
-50,-11,37
-50,-11,37
-50,-11,37
-50,-11,37
-50,-11,37
-51,-11,37
-51,-11,37
-51,-11,37
-51,-11,37
-51,-11,36
-51,-11,36
-51,-11,36
-51,-11,36
-51,-11,37
-51,-11,36
-51,-11,36
-51,-11,36
-51,-12,36
-51,-12,36
-51,-11,35
-51,-11,35
-51,-11,35
-51,-11,35
-51,-11,35
-52,-11,35
-52,-11,36
-52,-11,36
-52,-11,35
-51,-12,35
-52,-11,35
-52,-12,35
-51,-12,35
-51,-12,35
-52,-12,35
-52,-12,35
-52,-11,35
-51,-11,35
-52,-12,35
-52,-12,35
-52,-12,35
-51,-12,35
-51,-12,35
-51,-12,35
-52,-12,35
-51,-12,36
-51,-12,35
-52,-12,36
-51,-12,37
-52,-12,37
-55,-14,39
-54,-16,48
-60,-19,52
-50,-17,60
-42,-15,62
-41,-15,63
-27,-10,61
-26,-2,46
-34,1,38
-26,4,43
-33,9,39
-25,10,38
-23,12,42
-30,14,31
-19,8,31
-42,-6,32
-41,-9,40
-47,-35,70
-65,-40,119
-33,-20,37
-24,-14,45
-20,-21,47
-21,-23,49
-19,-27,54
0,-32,60
6,-34,62
5,-38,64
-13,-28,59
-13,-28,59
-2,-16,63
-1,-16,61
-6,-16,69
1,-21,77
-10,-26,51
-32,-20,33
-49,-17,21
-76,-25,9
-79,-16,14
-40,-22,17
-35,-27,19
0,-39,45
-4,-40,47
-2,-34,58
27,-60,73
15,-50,60
9,-39,57
21,-44,61
26,-44,58
27,-43,58
22,-44,56
11,-44,50
9,-44,49
6,-44,44
-19,-35,34
-32,-29,35
-47,-33,36
-57,-28,34
-34,-21,49
-36,-21,47
-43,-12,47
-39,-13,52
-40,-12,46
-44,-9,48
-46,-13,47
-43,-5,42
-38,-4,40
-47,-8,33
-52,2,38
-47,-4,45
-53,0,42
-47,2,41
-48,7,29
-49,9,25
-43,9,38
-67,4,41
-58,10,47
-43,8,36
-49,14,20
-25,18,6
-26,14,-1
-83,7,-25
-89,3,-12
-72,-14,28
-128,-20,-63
-86,-1,-38
-29,-15,15
-34,-14,18
-49,-11,15
-59,-13,23
-50,-9,17
-78,-13,4
-67,-19,16
-62,-18,22
-63,-16,20
-49,-17,26
-51,-16,24
-54,-16,23
-64,-16,24
-62,-17,23
-63,-29,17
-67,-30,10
-69,-29,14
-58,-25,16
-56,-22,15
-56,-20,18
-57,-21,17
-56,-17,20
-57,-18,19
-56,-17,18
-58,-18,22
-60,-17,23
-59,-16,21
-59,-15,21
-56,-15,25
-55,-11,26
-59,-10,24
-60,-9,22
-59,-7,20
-57,-5,17
-57,-5,14
-57,-1,11
-62,-1,12
-66,-2,11
-62,0,10
-63,1,10
-65,0,7
-64,0,5
-67,3,4
-70,4,3
-69,3,3
-74,5,-2
-73,7,-2
-67,7,2
-69,8,0
-74,5,2
-64,7,8
-62,5,8
-56,3,22
-56,5,21
-56,3,18
-53,8,19
-56,5,19
-50,5,26
-47,7,28
-64,1,12
-70,4,11
-73,4,3
-66,8,5
-55,9,3
-54,6,2
-63,5,5
-50,10,-6
-50,11,-15
-59,18,-34
-57,22,-36
-58,22,-38
-51,21,-44
-46,18,-43
-53,20,-38
-60,14,-35
-70,13,-46
-68,17,-38
-65,18,-40
-42,17,-16
-35,15,0
-40,19,13
-46,17,8
-67,11,-5
-69,8,10
-68,12,14
-61,11,11
-64,13,9
-68,18,7
-65,18,4
-65,19,4
-70,11,13
-58,9,15
-54,14,17
-64,12,13
-73,16,6
-53,16,15
-48,15,18
-49,19,15
-53,19,10
-56,21,3
-57,25,2
-59,28,2
-56,28,7
-57,31,14
-63,26,-1
-64,23,-4
-58,23,2
-60,20,1
-67,20,-11
-68,20,-10
-74,22,-11
-64,21,-15
-59,22,-14
-50,26,-12
-46,28,-11
-46,27,-10
-46,29,-15
-49,30,-20
-42,29,-13
-44,29,-8
-57,29,-8
-47,24,-2
-60,15,-12
