1579905305.000000, IBI
32.782751,0.718783
33.595288,0.812537
34.314071,0.718783
35.095356,0.781286
35.861017,0.765660
36.845437,0.984420
44.923931,0.703157
45.580211,0.656280
46.236491,0.656280
51.877375,0.750034
52.564906,0.687531
53.268063,0.703157
53.846215,0.578151
54.549372,0.703157
55.236903,0.687531
55.877558,0.640654
64.690461,0.750034
65.377993,0.687531
66.128027,0.750034
66.878061,0.750034
67.612470,0.734409
68.378130,0.765660
69.096913,0.718783
69.925076,0.828163
70.612607,0.687531
71.362642,0.750034
72.128302,0.765660
72.893962,0.765660
73.612745,0.718783
74.362779,0.750034
75.050310,0.687531
75.784719,0.734409
76.534753,0.750034
77.253536,0.718783
77.925442,0.671906
78.659851,0.734409
79.394259,0.734409
80.097416,0.703157
80.816199,0.718783
81.488105,0.671906
82.191262,0.703157
82.910045,0.718783
83.628828,0.718783
84.316360,0.687531
85.019517,0.703157
85.722674,0.703157
86.441457,0.718783
87.144614,0.703157
87.847771,0.703157
88.550928,0.703157
89.254086,0.703157
89.925991,0.671906
90.566646,0.640654
91.363557,0.796911
91.988586,0.625029
92.707369,0.718783
93.379274,0.671906
94.113683,0.734409
94.848092,0.734409
95.566875,0.718783
96.270032,0.703157
96.973189,0.703157
97.676346,0.703157
98.395129,0.718783
99.082660,0.687531
99.770192,0.687531
100.457723,0.687531
101.176506,0.718783
101.864038,0.687531
102.535944,0.671906
103.270352,0.734409
103.973509,0.703157
104.739169,0.765660
105.426701,0.687531
106.161109,0.734409
106.895518,0.734409
107.629927,0.734409
108.348710,0.718783
109.067492,0.718783
109.817527,0.750034
110.536310,0.718783
111.301970,0.765660
112.036378,0.734409
112.755161,0.718783
113.458318,0.703157
114.161476,0.703157
114.849007,0.687531
121.224299,0.671906
121.958708,0.734409
122.693116,0.734409
123.411899,0.718783
124.130682,0.718783
124.865091,0.734409
128.318374,0.640654
129.021531,0.703157
132.287305,0.671906
132.959211,0.671906
133.599865,0.640654
134.240520,0.640654
134.912426,0.671906
138.365709,0.765660
138.990737,0.625029
139.678269,0.687531
140.350174,0.671906
141.022080,0.671906
141.709612,0.687531
142.397143,0.687531
143.069049,0.671906
143.725329,0.656280
144.428486,0.703157
145.100392,0.671906
145.756672,0.656280
146.444203,0.687531
147.147361,0.703157
147.881769,0.734409
148.522424,0.640654
149.256832,0.734409
149.959989,0.703157
150.678772,0.718783
151.413181,0.734409
152.131964,0.718783
152.803869,0.671906
153.507027,0.703157
154.194558,0.687531
154.897715,0.703157
155.522744,0.625029
156.257153,0.734409
156.929058,0.671906
157.632215,0.703157
158.319747,0.687531
159.054156,0.734409
159.835441,0.781286
160.569850,0.734409
161.273007,0.703157
161.991790,0.718783
162.694947,0.703157
163.429356,0.734409
164.116887,0.687531
164.726290,0.609403
165.429447,0.703157
166.116979,0.687531
166.804510,0.687531
167.429539,0.625029
168.132696,0.703157
171.570354,0.703157
172.242259,0.671906
172.976668,0.734409
173.695451,0.718783
174.429859,0.734409
175.164268,0.734409
175.898677,0.734409
176.617460,0.718783
177.351868,0.734409
178.023774,0.671906
178.711305,0.687531
179.414463,0.703157
180.164497,0.750034
180.820777,0.656280
194.274518,0.687531
195.055804,0.781286
195.774586,0.718783
196.508995,0.734409
197.227778,0.718783
198.165321,0.937543
201.368593,0.718783
202.040498,0.671906
202.681153,0.640654
203.399935,0.718783
204.024964,0.625029
204.806250,0.781286
205.618787,0.812537
212.165962,0.593777
212.884745,0.718783
213.587902,0.703157
214.244182,0.656280
214.978590,0.734409
215.587993,0.609403
221.494514,0.656280
222.135168,0.640654
222.775822,0.640654
223.432102,0.656280
227.713548,0.656280
228.385454,0.671906
229.088611,0.703157
229.791769,0.703157
236.495200,0.656280
237.135855,0.640654
237.807760,0.671906
238.510918,0.703157
239.229701,0.718783
239.932858,0.703157
240.651641,0.718783
241.323546,0.671906
258.839973,0.671906
259.511879,0.671906
260.168159,0.656280
260.949445,0.781286
261.574473,0.625029
262.262005,0.687531
262.933911,0.671906
263.652694,0.718783
264.324599,0.671906
268.465414,0.640654
269.137320,0.671906
269.793600,0.656280
270.481131,0.687531
271.184288,0.703157
271.809317,0.625029
272.496848,0.687531
273.168754,0.671906
273.856286,0.687531
274.528191,0.671906
275.215723,0.687531
275.918880,0.703157
276.606411,0.687531
277.262691,0.656280
277.950223,0.687531
278.653380,0.703157
279.372163,0.718783
280.044069,0.671906
280.731600,0.687531
281.434757,0.703157
282.169166,0.734409
282.872323,0.703157
283.559855,0.687531
284.278638,0.718783
285.028672,0.750034
290.685181,0.750034
291.388338,0.703157
292.091495,0.703157
292.763401,0.671906
293.419681,0.656280
294.154090,0.734409
294.841621,0.687531
295.560404,0.718783
296.279187,0.718783
296.997970,0.718783
297.685501,0.687531
298.388659,0.703157
299.107441,0.718783
299.841850,0.734409
300.576259,0.734409
301.263790,0.687531
301.951322,0.687531
302.685730,0.734409
303.420139,0.734409
304.170173,0.750034
304.857705,0.687531
305.607739,0.750034
306.373399,0.765660
307.154685,0.781286
307.920345,0.765660
308.732882,0.812537
309.545419,0.812537
310.342331,0.796911
311.092365,0.750034
311.873651,0.781286
312.623685,0.750034
313.404971,0.781286
314.155005,0.750034
314.905040,0.750034
315.639448,0.734409
316.358231,0.718783
317.092640,0.734409
317.733294,0.640654
318.452077,0.718783
319.170860,0.718783
319.905268,0.734409
320.592800,0.687531
321.311583,0.718783
322.030366,0.718783
322.780400,0.750034
323.483557,0.703157
324.202340,0.718783
324.952374,0.750034
325.733660,0.781286
326.499320,0.765660
327.264980,0.765660
328.077518,0.812537
328.921306,0.843789
329.718218,0.796911
330.515129,0.796911
331.296415,0.781286
332.030823,0.734409
332.780858,0.750034
333.562144,0.781286
334.343429,0.781286
335.093464,0.750034
335.843498,0.750034
336.640409,0.796911
337.327941,0.687531
338.109227,0.781286
338.765507,0.656280
339.468664,0.703157
340.046815,0.578151
340.781224,0.734409
341.343750,0.562526
342.000030,0.656280
342.656310,0.656280
343.359467,0.703157
344.046999,0.687531
344.718904,0.671906
345.437687,0.718783
346.187721,0.750034
347.000259,0.812537
347.828422,0.828163
348.609707,0.781286
349.469122,0.859414
350.328536,0.859414
351.141073,0.812537
352.000488,0.859414
352.844276,0.843789
353.719316,0.875040
354.594356,0.875040
355.406893,0.812537
356.141302,0.734409
356.938214,0.796911
357.766376,0.828163
358.594539,0.828163
359.360199,0.765660
360.141485,0.781286
360.954022,0.812537
361.813437,0.859414
362.688477,0.875040
363.454137,0.765660
364.204171,0.750034
364.985457,0.781286
365.782368,0.796911
366.579280,0.796911
367.298063,0.718783
368.063723,0.765660
368.891886,0.828163
369.766926,0.875040
370.641966,0.875040
371.485754,0.843789
372.235789,0.750034
373.017075,0.781286
373.829612,0.812537
374.548395,0.718783
375.360932,0.812537
376.189095,0.828163
377.001632,0.812537
377.767292,0.765660
378.626706,0.859414
379.423618,0.796911
380.204904,0.781286
381.095569,0.890666
387.314604,0.750034
387.986510,0.671906
388.767796,0.781286
389.564707,0.796911
397.236933,0.734409
397.861962,0.625029
398.565119,0.703157
399.299528,0.734409
400.080813,0.781286
400.846473,0.765660
401.565256,0.718783
402.315291,0.750034
403.127828,0.812537
410.487540,0.640654
411.315703,0.828163
412.065737,0.750034
412.815771,0.750034
413.518929,0.703157
414.331466,0.812537
417.706620,0.796911
425.300718,0.781286
430.972852,0.796911
431.707261,0.734409
432.629178,0.921917
443.989073,0.703157
444.645353,0.656280
445.223505,0.578151
451.864434,0.687531
452.786351,0.921917
453.427005,0.640654
497.788411,0.687531
555.806692,0.656280
556.587977,0.781286
557.384889,0.796911
558.134923,0.750034
558.900583,0.765660
559.603740,0.703157
560.322523,0.718783
561.056932,0.734409
561.806966,0.750034
562.525749,0.718783
563.369538,0.843789
564.135198,0.765660
564.900858,0.765660
565.635267,0.734409
566.338424,0.703157
567.072832,0.734409
567.807241,0.734409
568.541650,0.734409
569.213555,0.671906
569.901087,0.687531
570.619870,0.718783
571.276150,0.656280
571.994933,0.718783
572.838721,0.843789
573.557504,0.718783
583.682968,0.734409
584.417376,0.734409
585.073656,0.656280
585.761188,0.687531
586.542474,0.781286
589.948879,0.703157
590.605160,0.656280
591.308317,0.703157
592.058351,0.750034
592.870888,0.812537
593.605297,0.734409
594.402208,0.796911
595.230371,0.828163
596.105411,0.875040
596.964826,0.859414
597.824240,0.859414
598.558649,0.734409
599.293057,0.734409
599.964963,0.671906
600.761874,0.796911
601.433780,0.671906
602.246317,0.812537
603.043229,0.796911
603.762012,0.718783
608.730989,0.812537
609.481024,0.750034
610.199806,0.718783
610.949841,0.750034
611.715501,0.765660
612.481161,0.765660
613.231195,0.750034
614.012481,0.781286
614.684387,0.671906
615.418795,0.734409
616.106327,0.687531
616.731355,0.625029
617.403261,0.671906
617.981413,0.578151
618.653318,0.671906
619.356476,0.703157
620.122136,0.765660
620.934673,0.812537
621.669081,0.734409
622.419116,0.750034
623.200402,0.781286
624.028564,0.828163
624.841102,0.812537
625.591136,0.750034
626.356796,0.765660
627.138082,0.781286
627.934993,0.796911
628.606899,0.671906
629.403811,0.796911
630.106968,0.703157
630.919505,0.812537
631.638288,0.718783
632.450825,0.812537
633.153982,0.703157
633.857139,0.703157
634.497794,0.640654
635.232202,0.734409
635.857231,0.625029
636.482260,0.625029
637.154165,0.671906
637.904200,0.750034
638.607357,0.703157
639.279263,0.671906
640.076174,0.796911
640.904337,0.828163
641.669997,0.765660
646.279583,0.812537
647.045243,0.765660
647.826529,0.781286
648.545312,0.718783
649.326597,0.781286
650.076632,0.750034
650.842292,0.765660
651.592326,0.750034
652.357986,0.765660
653.123646,0.765660
653.936183,0.812537
654.561212,0.625029
655.311246,0.750034
656.030029,0.718783
656.748812,0.718783
657.498847,0.750034
658.108249,0.609403
735.893060,0.578151
736.518088,0.625029
834.397569,0.578151
835.022597,0.625029
914.182471,0.562526
914.776248,0.593777
915.260645,0.484397
915.870048,0.609403
916.354445,0.484397
946.371444,0.640654
946.996473,0.625029
947.699630,0.703157
948.371536,0.671906
949.043442,0.671906
949.699722,0.656280
950.356002,0.656280
951.074785,0.718783
951.715439,0.640654
952.418596,0.703157
953.027999,0.609403
953.684279,0.656280
954.324933,0.640654
954.996839,0.671906
955.684371,0.687531
956.387528,0.703157
957.137562,0.750034
957.840719,0.703157
958.590754,0.750034
959.231408,0.640654
959.887688,0.656280
960.575219,0.687531
961.247125,0.671906
961.950282,0.703157
962.700317,0.750034
963.434725,0.734409
964.106631,0.671906
964.778537,0.671906
965.450443,0.671906
966.169225,0.718783
966.872383,0.703157
967.559914,0.687531
970.997571,0.625029
971.606974,0.609403
972.278880,0.671906
972.966412,0.687531
973.669569,0.703157
974.341475,0.671906
975.029006,0.687531
975.747789,0.718783
976.482198,0.734409
977.185355,0.703157
982.794986,0.812537
983.560647,0.765660
1004.108462,0.484397
1008.046142,0.593777
1008.671171,0.625029
1009.389954,0.718783
1010.061860,0.671906
1010.702514,0.640654
1011.249414,0.546900
1011.905694,0.656280
1012.593225,0.687531
1013.265131,0.671906
1014.077668,0.812537
1014.812077,0.734409
1015.624614,0.812537
1016.327771,0.703157
1017.030929,0.703157
1017.609080,0.578151
1018.390366,0.781286
1019.093523,0.703157
1019.874809,0.781286
1020.562340,0.687531
1021.312375,0.750034
1022.140538,0.828163
1022.937449,0.796911
1023.718735,0.781286
1024.406266,0.687531
1025.171926,0.765660
1025.921961,0.750034
1026.687621,0.765660
1027.484532,0.796911
1035.844290,0.781286
1036.516196,0.671906
1037.266230,0.750034
1037.969387,0.703157
1038.610041,0.640654
1039.297573,0.687531
1040.047607,0.750034
1040.844519,0.796911
1041.625804,0.781286
1042.297710,0.671906
1042.985242,0.687531
1043.704025,0.718783
1044.500936,0.796911
1045.360350,0.859414
1046.094759,0.734409
1049.251153,0.656280
1057.689040,0.593777
1058.267191,0.578151
1058.860968,0.593777
1059.517248,0.656280
1064.376846,0.515649
1065.048752,0.671906
1065.658154,0.609403
1066.298809,0.640654
1066.970715,0.671906
1067.626995,0.656280
1068.173895,0.546900
1068.798923,0.625029
1069.423952,0.625029
1070.048980,0.625029
1070.674009,0.625029
1071.252161,0.578151
1071.908441,0.656280
1072.549095,0.640654
1073.236626,0.687531
1073.767901,0.531274
1074.424181,0.656280
1075.049209,0.625029
1075.705489,0.656280
1076.283641,0.578151
1076.861792,0.578151
1077.533698,0.671906
1078.174352,0.640654
1078.908761,0.734409
1085.612193,0.640654
1091.893730,0.671906
1092.565636,0.671906
1093.300045,0.734409
1094.034453,0.734409
1094.706359,0.671906
1095.393891,0.687531
1098.394028,0.609403
1099.019057,0.625029
1099.659711,0.640654
1100.315991,0.656280
1101.034774,0.718783
1101.722305,0.687531
1102.378585,0.656280
1102.987988,0.609403
1107.472569,0.640654
1108.160100,0.687531
1108.707000,0.546900
1109.378906,0.671906
1110.003934,0.625029
1110.597712,0.593777
1111.238366,0.640654
1111.847769,0.609403
1112.488423,0.640654
1112.988446,0.500023
1113.597849,0.609403
1114.176000,0.578151
1114.847906,0.671906
1115.426058,0.578151
1115.972958,0.546900
1116.551109,0.578151
1121.285701,0.500023
1125.285884,0.515649
1125.864035,0.578151
1126.395310,0.531274
1126.942210,0.546900
1127.567238,0.625029
1128.082887,0.515649
1128.692290,0.609403
1129.270441,0.578151
1129.926721,0.656280
1130.583001,0.656280
1131.114276,0.531274
1131.801807,0.687531
1132.395584,0.593777
1133.020613,0.625029
1133.708144,0.687531
1134.270670,0.562526
1134.880073,0.609403
1135.442599,0.562526
1136.052002,0.609403
1136.661405,0.609403
1137.255182,0.593777
1137.817708,0.562526
1138.411485,0.593777
1139.020888,0.609403
1139.661542,0.640654
1140.286571,0.625029
1140.927225,0.640654
1141.567879,0.640654
1142.271036,0.703157
1145.302425,0.625029
1145.989957,0.687531
1146.646237,0.656280
1147.240014,0.593777
1147.911920,0.671906
1148.552574,0.640654
1149.271357,0.718783
1149.943263,0.671906
1156.209174,0.578151
1156.849829,0.640654
1157.506109,0.656280
1158.178015,0.671906
1158.756166,0.578151
1159.365569,0.609403
1160.021849,0.656280
1160.646878,0.625029
1161.271906,0.625029
1161.912560,0.640654
1162.490712,0.578151
1163.068863,0.578151
1163.693892,0.625029
1164.334546,0.640654
1164.975201,0.640654
1165.647106,0.671906
1166.256509,0.609403
1166.865912,0.609403
1167.537818,0.671906
1168.147221,0.609403
1168.803501,0.656280
1169.412904,0.609403
1170.100435,0.687531
1170.803592,0.703157
1171.381744,0.578151
1172.006773,0.625029
1172.663053,0.656280
1173.303707,0.640654
1173.991238,0.687531
1174.631893,0.640654
1175.241296,0.609403
1175.866324,0.625029
1176.538230,0.671906
1177.194510,0.656280
1177.897667,0.703157
1181.132190,0.703157
1181.741593,0.609403
1182.538505,0.796911
1189.413819,0.640654
1196.179754,0.640654
1196.836034,0.656280
1197.461063,0.625029
1198.086091,0.625029
1198.648617,0.562526
1199.242394,0.593777
1199.804920,0.562526
1200.414323,0.609403
1201.008100,0.593777
1201.601877,0.593777
1202.226906,0.625029
1202.851934,0.625029
1203.461337,0.609403
1204.101992,0.640654
1204.727020,0.625029
1205.320797,0.593777
1205.883323,0.562526
1206.492726,0.609403
1207.055252,0.562526
1211.102312,0.546900
1211.696089,0.593777
1212.321118,0.625029
1212.914895,0.593777
1213.493047,0.578151
1214.071198,0.578151
1214.664975,0.593777
1215.258752,0.593777
1215.868155,0.609403
1216.461932,0.593777
1217.040084,0.578151
1217.665112,0.625029
1218.274515,0.609403
1218.883918,0.609403
1219.462070,0.578151
1220.055847,0.593777
1220.665250,0.609403
1221.321530,0.656280
1221.962184,0.640654
1222.587213,0.625029
1223.259119,0.671906
1224.009153,0.750034
1224.743562,0.734409
1225.384216,0.640654
1226.087373,0.703157
1226.774904,0.687531
1227.431185,0.656280
1230.603205,0.562526
1231.196982,0.593777
1231.822011,0.625029
1232.493916,0.671906
1233.118945,0.625029
1233.743973,0.625029
1234.369002,0.625029
1234.994031,0.625029
1235.634685,0.640654
1236.290965,0.656280
1236.900368,0.609403
1237.509771,0.609403
1238.150425,0.640654
1238.806705,0.656280
1239.462985,0.656280
1240.056762,0.593777
1240.713042,0.656280
1241.353697,0.640654
1242.009977,0.656280
1242.666257,0.656280
1243.291286,0.625029
1246.744569,0.500023
1247.369597,0.625029
1247.963374,0.593777
1251.776049,0.671906
1254.932443,0.578151
1255.526221,0.593777
1256.151249,0.625029
1256.916909,0.765660
1257.479435,0.562526
1258.166966,0.687531
1258.870124,0.703157
1259.542029,0.671906
1260.182684,0.640654
1260.854589,0.671906
1261.417115,0.562526
1262.042144,0.625029
1262.667172,0.625029
1263.339078,0.671906
1264.026610,0.687531
1264.651638,0.625029
1265.245415,0.593777
1265.901695,0.656280
1266.573601,0.671906
1267.229881,0.656280
1267.870536,0.640654
1268.526816,0.656280
1269.151844,0.625029
1269.761247,0.609403
1270.386276,0.625029
1271.011304,0.625029
1271.636333,0.625029
1272.214484,0.578151
1272.902016,0.687531
1273.464542,0.562526
1274.058319,0.593777
1274.683347,0.625029
1275.324002,0.640654
1275.933405,0.609403
1276.589685,0.656280
1277.277216,0.687531
1277.995999,0.718783
1278.683531,0.687531
1279.339811,0.656280
1280.011716,0.671906
1280.667996,0.656280
1281.246148,0.578151
1281.933679,0.687531
1282.589959,0.656280
1285.496342,0.625029
1286.183874,0.687531
1286.808903,0.625029
1287.449557,0.640654
1288.105837,0.656280
1288.683988,0.578151
1289.309017,0.625029
1289.965297,0.656280
1290.574700,0.609403
1291.215354,0.640654
1291.809131,0.593777
1292.418534,0.609403
1293.027937,0.609403
1293.652966,0.625029
1294.293620,0.640654
1294.918649,0.625029
1295.481174,0.562526
1296.106203,0.625029
1296.746857,0.640654
1297.387512,0.640654
1298.012540,0.625029
1298.715698,0.703157
1302.559623,0.609403
1308.653652,0.593777
1309.247430,0.593777
1309.872458,0.625029
1310.513113,0.640654
1311.169393,0.656280
1311.763170,0.593777
1312.356947,0.593777
1312.919473,0.562526
1313.528876,0.609403
1314.153904,0.625029
1314.810184,0.656280
1315.403961,0.593777
1316.060241,0.656280
1328.967082,0.609403
1329.592111,0.625029
1330.264017,0.671906
1330.935922,0.671906
1331.498448,0.562526
1332.123477,0.625029
1332.717254,0.593777
1333.311031,0.593777
1333.920434,0.609403
1338.764406,0.640654
1348.421098,0.625029
1348.983624,0.562526
1349.577401,0.593777
1350.124301,0.546900
1350.671201,0.546900
1351.296229,0.625029
1351.905632,0.609403
1352.436907,0.531274
1353.077561,0.640654
1353.624461,0.546900
1357.921533,0.562526
1358.499684,0.578151
1359.093461,0.593777
1359.702864,0.609403
1360.296641,0.593777
1360.843541,0.546900
1361.468570,0.625029
1375.547339,0.593777
1376.312999,0.765660
1377.094285,0.781286
1378.047454,0.953169
1381.391357,0.640654
1382.032011,0.640654
1382.688291,0.656280
1383.297694,0.609403
1388.157292,0.546900
1388.782320,0.625029
1402.111055,0.625029
1402.736084,0.625029
1403.376738,0.640654
1403.954890,0.578151
1404.579918,0.625029
1405.173696,0.593777
1408.751984,0.546900
1409.486393,0.734409
1412.002133,0.593777
1412.595910,0.593777
1413.158436,0.562526
1413.752213,0.593777
1414.377242,0.625029
1414.908516,0.531274
1415.502293,0.593777
1416.127322,0.625029
1416.674222,0.546900
1417.267999,0.593777
1417.893028,0.625029
1418.533682,0.640654
1419.143085,0.609403
1419.658734,0.515649
1420.299388,0.640654
1420.893165,0.593777
1421.533819,0.640654
1424.580834,0.671906
1425.096483,0.515649
1428.690397,0.625029
1429.331051,0.640654
1429.956080,0.625029
1430.596734,0.640654
1431.268640,0.671906
1431.846792,0.578151
1432.471820,0.625029
1433.096849,0.625029
1433.768754,0.671906
1434.300029,0.531274
1434.925057,0.625029
1435.534460,0.609403
1436.159489,0.625029
1436.784518,0.625029
1437.393920,0.609403
1437.956446,0.562526
1438.597100,0.640654
1439.222129,0.625029
1439.847158,0.625029
1440.456561,0.609403
1441.144092,0.687531
1450.410141,0.500023
1453.832173,0.531274
1454.504079,0.671906
1455.050979,0.546900
1455.629130,0.578151
1456.191656,0.562526
1456.769807,0.578151
1457.363585,0.593777
1457.910485,0.546900
1458.488636,0.578151
1459.082413,0.593777
1459.644939,0.562526
1460.223090,0.578151
1460.801242,0.578151
1463.488865,0.546900
1464.113894,0.625029
1464.629542,0.515649
1465.285822,0.656280
1468.129702,0.546900
1468.754731,0.625029
1469.286005,0.531274
1469.879782,0.593777
1470.473560,0.593777
1471.082963,0.609403
1471.739243,0.656280
1476.286326,0.609403
1476.911354,0.625029
1477.536383,0.625029
1478.130160,0.593777
1478.723937,0.593777
1479.348966,0.625029
1494.084015,0.718783
1494.802798,0.718783
1495.521581,0.718783
1496.177861,0.656280
1496.849767,0.671906
1497.506047,0.656280
1498.193578,0.687531
1498.756104,0.562526
1499.412384,0.656280
1499.959284,0.546900
1500.599939,0.640654
1501.193716,0.593777
1501.771867,0.578151
1502.428147,0.656280
1502.990673,0.562526
1503.615702,0.625029
1504.240730,0.625029
1515.944391,0.578151
1516.506917,0.562526
1517.131945,0.625029
1517.710097,0.578151
1518.335125,0.625029
1518.882025,0.546900
1519.507054,0.625029
1520.100831,0.593777
1520.663357,0.562526
1521.288386,0.625029
1521.897789,0.609403
1522.507191,0.609403
1523.147846,0.640654
1523.710371,0.562526
1524.351026,0.640654
1524.929177,0.578151
1525.569832,0.640654
1526.163609,0.593777
1526.819889,0.656280
1527.476169,0.656280
1528.163700,0.687531
1528.819980,0.656280
1529.382506,0.562526
1530.085663,0.703157
1530.757569,0.671906
1531.445101,0.687531
1532.085755,0.640654
1532.679532,0.593777
1533.351438,0.671906
1534.007718,0.656280
1534.663998,0.656280
1535.257775,0.593777
1535.914055,0.656280
1536.570335,0.656280
1537.289118,0.718783
1537.882895,0.593777
1538.492298,0.609403
1539.054824,0.562526
1539.757981,0.703157
1540.383010,0.625029
1541.039290,0.656280
1544.867590,0.609403
1552.102296,0.609403
1557.805682,0.828163
1558.383834,0.578151
1576.447160,0.593777
1577.087815,0.640654
1582.213049,0.625029
1582.869329,0.656280
1583.541235,0.671906
1584.228767,0.687531
1584.791292,0.562526
1585.525701,0.734409
1586.181981,0.656280
1586.697630,0.515649
1587.353910,0.656280
1587.978938,0.625029
1588.635218,0.656280
1589.228996,0.593777
1589.854024,0.625029
1590.479053,0.625029
1591.104081,0.625029
1637.840596,0.875040
1638.668759,0.828163
1639.575050,0.906291
1640.434464,0.859414
1641.215750,0.781286
1642.028287,0.812537
1642.793947,0.765660
1643.637736,0.843789
1644.387770,0.750034
1645.153430,0.765660
1645.965968,0.812537
1646.825382,0.859414
1647.637919,0.812537
1648.512959,0.875040
1649.403625,0.890666
1650.263039,0.859414
1651.138079,0.875040
1652.013119,0.875040
1652.825657,0.812537
1653.638194,0.812537
1654.481982,0.843789
1655.310145,0.828163
1656.060180,0.750034
1656.903968,0.843789
1657.716506,0.812537
1658.450914,0.734409
1659.247826,0.796911
1660.029111,0.781286
1660.810397,0.781286
1661.529180,0.718783
1662.357343,0.828163
1663.232383,0.875040
1686.858464,0.875040
1687.686627,0.828163
1688.514790,0.828163
1689.217947,0.703157
1690.030485,0.812537
1690.874273,0.843789
1701.281000,0.859414
1702.015408,0.734409
1702.687314,0.671906
1703.515477,0.828163
1704.218634,0.703157
1705.062423,0.843789
1705.874960,0.812537
1706.624994,0.750034
1707.468783,0.843789
1708.250069,0.781286
1709.015729,0.765660
1709.875143,0.859414
1710.625177,0.750034
1711.406463,0.781286
1712.125246,0.718783
1724.313304,0.703157
1725.078964,0.765660
1725.782121,0.703157
1726.469653,0.687531
1727.157184,0.687531
1735.141925,0.687531
1735.970088,0.828163
1736.735748,0.765660
1748.048765,0.765660
1748.861303,0.812537
1749.611337,0.750034
1750.517628,0.906291
1807.723372,0.750034
1808.489032,0.765660
1809.285944,0.796911
1810.067229,0.781286
1810.739135,0.671906
1838.615411,0.812537
1839.427948,0.812537
1840.240485,0.812537
1841.037397,0.796911
1841.834308,0.796911
1842.678097,0.843789
1843.506260,0.828163
1844.334423,0.828163
1852.975443,0.781286
1853.772355,0.796911
1854.600518,0.828163
1855.366178,0.765660
1856.147464,0.781286
1856.975626,0.828163
1857.788164,0.812537
1858.553824,0.765660
1859.366361,0.812537
1866.460436,0.812537
1867.194844,0.734409
1867.944879,0.750034
1868.804293,0.859414
1869.523076,0.718783
1870.304362,0.781286
1871.038770,0.734409
1871.866933,0.828163
1872.710722,0.843789
1930.557120,0.921917
1931.432160,0.875040
1943.151446,0.859414
1944.010860,0.859414
1944.901526,0.890666
1945.854695,0.953169
1946.714109,0.859414
1947.620401,0.906291
1948.589195,0.968794
1952.448747,0.828163
1953.308161,0.859414
1954.089447,0.781286
1955.011364,0.921917
1955.995784,0.984420
1956.823947,0.828163
1957.761490,0.937543
1958.495898,0.734409
1959.402190,0.906291
1960.292856,0.890666
1961.121019,0.828163
1961.902304,0.781286
2014.935982,0.843789
2015.748519,0.812537
2016.639185,0.890666
2017.467348,0.828163
2018.295511,0.828163
2019.092422,0.796911
2019.858082,0.765660
2020.686245,0.828163
2021.467531,0.781286
2022.326945,0.859414
2023.076980,0.750034
2023.998897,0.921917
2024.936440,0.937543
2025.748977,0.812537
2026.530263,0.781286
2027.592811,1.062549
2043.546667,0.625029
2044.421707,0.875040
2045.062361,0.640654
2045.874898,0.812537
2046.578055,0.703157
2047.374967,0.796911
2048.078124,0.703157
2048.875036,0.796911
2062.610039,0.718783
2063.406951,0.796911
2064.063231,0.656280
2064.813265,0.750034
2065.610177,0.796911
2066.360211,0.750034
2067.219625,0.859414
2067.954034,0.734409
2068.719694,0.765660
2069.500980,0.781286
2070.282265,0.781286
2071.032300,0.750034
2071.766708,0.734409
2072.532368,0.765660
2073.235526,0.703157
2073.985560,0.750034
2074.735594,0.750034
2083.392241,0.718783
2084.282906,0.890666
2087.814318,0.687531
2088.611229,0.796911
2089.298761,0.687531
2090.173801,0.875040
2091.033215,0.859414
2094.689633,0.765660
2095.470918,0.781286
2096.205327,0.734409
2103.455659,0.656280
2104.127565,0.671906
2104.830722,0.703157
2105.471376,0.640654
2106.268288,0.796911
2106.908942,0.640654
2107.643351,0.734409
2108.284005,0.640654
2131.394438,0.750034
2132.144472,0.750034
2133.050764,0.906291
2133.769547,0.718783
2134.519581,0.750034
2135.285241,0.765660
2136.066527,0.781286
2140.785493,0.937543
2155.926811,0.718783
2156.754974,0.828163
2157.505008,0.750034
2158.239417,0.734409
2158.989451,0.750034
2159.692608,0.703157
2160.552022,0.859414
2161.192677,0.640654
2161.973963,0.781286
2162.723997,0.750034
2163.489657,0.765660
2164.239691,0.750034
2164.989726,0.750034
2165.724134,0.734409
2166.458543,0.734409
2167.192951,0.734409
2167.896109,0.703157
2168.614892,0.718783
2169.318049,0.703157
2170.005580,0.687531
2170.724363,0.718783
2171.458772,0.734409
2172.208806,0.750034
2172.958840,0.750034
2173.693249,0.734409
2174.396406,0.703157
2175.130815,0.734409
2175.865223,0.734409
2176.615258,0.750034
2177.318415,0.703157
2177.927818,0.609403
2178.599724,0.671906
2179.177875,0.578151
2179.834155,0.656280
2180.459184,0.625029
2181.052961,0.593777
2181.771744,0.718783
2186.506335,0.687531
2219.507846,0.656280
2220.242255,0.734409
2220.976663,0.734409
2221.742323,0.765660
2222.429855,0.687531
2223.086135,0.656280
2223.836169,0.750034
2224.570578,0.734409
2225.258109,0.687531
2225.976892,0.718783
2235.383573,0.796911
2236.211736,0.828163
2237.008647,0.796911
2237.743056,0.734409
2250.696774,0.843789
2251.540562,0.843789
2252.368725,0.828163
2253.196888,0.828163
2253.915671,0.718783
2254.696957,0.781286
2255.493868,0.796911
2256.306406,0.812537
2257.181446,0.875040
2257.993983,0.812537
2258.837771,0.843789
2259.650309,0.812537
2260.462846,0.812537
2261.244132,0.781286
2262.041043,0.796911
2262.853580,0.812537
2263.666117,0.812537
2264.478655,0.812537
2265.306818,0.828163
2266.119355,0.812537
2266.885015,0.765660
2267.713178,0.828163
2268.416335,0.703157
2269.181995,0.765660
2269.978906,0.796911
2270.728941,0.750034
2271.494601,0.765660
2272.244635,0.750034
2272.963418,0.718783
2273.682201,0.718783
2274.400984,0.718783
2275.072890,0.671906
2275.807298,0.734409
2276.541707,0.734409
2277.260490,0.718783
2277.979273,0.718783
2278.698056,0.718783
2279.401213,0.703157
2280.041867,0.640654
2280.729398,0.687531
2281.401304,0.671906
2282.073210,0.671906
2282.760741,0.687531
2283.417022,0.656280
2284.120179,0.703157
2284.823336,0.703157
2285.526493,0.703157
2286.229650,0.703157
2286.885930,0.656280
2287.557836,0.671906
2288.229742,0.671906
2288.870396,0.640654
2289.511050,0.640654
2290.182956,0.671906
2290.854862,0.671906
2291.495516,0.640654
2292.183048,0.687531
2295.323817,0.703157
2296.120728,0.796911
2296.917639,0.796911
2297.683300,0.765660
2298.511462,0.828163
2299.261497,0.750034
2300.027157,0.765660
2300.777191,0.750034
2301.495974,0.718783
2302.230383,0.734409
2302.964791,0.734409
2327.622170,0.640654
2328.325327,0.703157
2328.981607,0.656280
2329.653513,0.671906
2330.387922,0.734409
2331.169207,0.781286
2331.950493,0.781286
2332.700527,0.750034
2333.528690,0.828163
2334.388105,0.859414
2335.138139,0.750034
2335.966302,0.828163
2336.794465,0.828163
2337.513248,0.718783
2338.278908,0.765660
2339.075819,0.796911
2339.966485,0.890666
2340.825899,0.859414
2341.669688,0.843789
2342.560354,0.890666
2343.466645,0.906291
2344.310434,0.843789
2345.185474,0.875040
2346.060514,0.875040
2346.951180,0.890666
2347.794968,0.843789
2348.685634,0.890666
2349.607551,0.921917
2350.513843,0.906291
2351.388883,0.875040
2352.295174,0.906291
2353.185840,0.890666
2354.014003,0.828163
2354.873417,0.859414
2355.732832,0.859414
2356.576620,0.843789
2357.389158,0.812537
2358.201695,0.812537
2359.045483,0.843789
2359.811143,0.765660
2360.639306,0.828163
2361.483095,0.843789
2362.326884,0.843789
2363.201924,0.875040
2364.076964,0.875040
2364.920752,0.843789
2365.780167,0.859414
2366.686458,0.906291
2367.561498,0.875040
2368.374035,0.812537
2369.249075,0.875040
2370.139741,0.890666
2371.014781,0.875040
2371.874196,0.859414
2372.749236,0.875040
2373.655527,0.906291
2374.577444,0.921917
2375.436859,0.859414
2376.311899,0.875040
2377.218190,0.906291
2378.093230,0.875040
2378.937019,0.843789
2379.812059,0.875040
2380.687099,0.875040
2381.530888,0.843789
2382.405928,0.875040
2383.280968,0.875040
2384.093505,0.812537
2384.906042,0.812537
2385.718579,0.812537
2386.531116,0.812537
2387.281151,0.750034
2388.093688,0.812537
2388.937477,0.843789
2389.796891,0.859414
2390.671931,0.875040
2391.500094,0.828163
2392.312631,0.812537
2393.109543,0.796911
2393.922080,0.812537
2394.687740,0.765660
2395.437774,0.750034
2396.234686,0.796911
2397.078474,0.843789
2397.906637,0.828163
2398.719174,0.812537
2399.531712,0.812537
2400.344249,0.812537
2401.094283,0.750034
2401.813066,0.718783
2402.563100,0.750034
2403.281883,0.718783
2403.969415,0.687531
2404.625695,0.656280
2405.281975,0.656280
2405.938255,0.656280
2406.578909,0.640654
2407.266441,0.687531
2408.000849,0.734409
2408.704006,0.703157
2409.485292,0.781286
2410.297829,0.812537
2411.079115,0.781286
2411.844775,0.765660
2412.688564,0.843789
2413.469850,0.781286
2414.204258,0.734409
2414.969918,0.765660
2415.798081,0.828163
2416.641870,0.843789
2417.407530,0.765660
2418.266944,0.859414
2419.141984,0.875040
2420.001399,0.859414
2420.798310,0.796911
2421.626473,0.828163
2422.485887,0.859414
2423.298424,0.812537
2424.079710,0.781286
2424.892247,0.812537
2425.720410,0.828163
2426.517322,0.796911
2427.282982,0.765660
2428.079893,0.796911
2428.908056,0.828163
2429.673716,0.765660
2430.470628,0.796911
2431.314416,0.843789
2432.142579,0.828163
2432.908239,0.765660
2433.736402,0.828163
2434.580191,0.843789
2435.439605,0.859414
2436.189640,0.750034
2436.970925,0.781286
2437.783463,0.812537
2438.596000,0.812537
2439.346034,0.750034
2440.158571,0.812537
2440.986734,0.828163
2441.799271,0.812537
2442.564931,0.765660
2443.361843,0.796911
2444.143129,0.781286
2444.861912,0.718783
2445.627572,0.765660
2446.408857,0.781286
2447.143266,0.734409
2447.924552,0.781286
2448.549580,0.625029
2449.268363,0.718783
2450.002772,0.734409
2450.752806,0.750034
2451.455963,0.703157
2452.190372,0.734409
2452.987283,0.796911
2453.737318,0.750034
2454.456101,0.718783
2455.221761,0.765660
2456.018672,0.796911
2456.768707,0.750034
2457.596869,0.828163
2458.440658,0.843789
2459.268821,0.828163
2460.050107,0.781286
2460.831393,0.781286
2461.612678,0.781286
2462.409590,0.796911
2463.159624,0.750034
2463.909658,0.750034
2464.675318,0.765660
2465.487856,0.812537
2466.331644,0.843789
2467.128556,0.796911
2467.972344,0.843789
2468.816133,0.843789
2469.628670,0.812537
2470.409956,0.781286
2471.222493,0.812537
2472.066282,0.843789
2472.831942,0.765660
2473.660105,0.828163
2477.394651,0.718783
2478.050931,0.656280
2478.675959,0.625029
2479.316614,0.640654
2479.957268,0.640654
2480.629174,0.671906
2481.363582,0.734409
2482.113617,0.750034
2482.816774,0.703157
2483.598060,0.781286
2484.379345,0.781286
2485.145005,0.765660
2485.879414,0.734409
2486.598197,0.718783
2487.363857,0.765660
2488.113891,0.750034
2488.863926,0.750034
2489.551457,0.687531
2490.301491,0.750034
2491.051526,0.750034
2491.817186,0.765660
2492.473466,0.656280
2493.176623,0.703157
2493.942283,0.765660
2494.723569,0.781286
2495.504855,0.781286
2496.317392,0.812537
2497.145555,0.828163
2498.004969,0.859414
2498.786255,0.781286
2499.630044,0.843789
2500.520709,0.890666
2501.301995,0.781286
2502.098907,0.796911
2502.942695,0.843789
2503.708355,0.765660
2504.520892,0.812537
2505.364681,0.843789
2506.192844,0.828163
2507.036633,0.843789
2507.802293,0.765660
2508.599204,0.796911
2509.364864,0.765660
2510.130524,0.765660
2510.849307,0.718783
2511.614967,0.765660
2512.411879,0.796911
2513.208790,0.796911
2513.943199,0.734409
2514.755736,0.812537
2515.552647,0.796911
2516.349559,0.796911
2517.115219,0.765660
2517.912130,0.796911
2518.709042,0.796911
2519.427825,0.718783
2520.224736,0.796911
2520.974771,0.750034
2521.771682,0.796911
2522.521716,0.750034
2523.334254,0.812537
2524.162416,0.828163
2525.006205,0.843789
2525.787491,0.781286
2526.631279,0.843789
2527.459442,0.828163
2528.318857,0.859414
2529.115768,0.796911
2529.959557,0.843789
2530.803345,0.843789
2531.631508,0.828163
2532.397168,0.765660
2533.178454,0.781286
2533.944114,0.765660
2534.772277,0.828163
2535.584814,0.812537
2536.428603,0.843789
2537.288017,0.859414
2538.131806,0.843789
2538.944343,0.812537
2539.788132,0.843789
2540.647546,0.859414
2541.475709,0.828163
2542.288246,0.812537
2543.100783,0.812537
2543.897695,0.796911
2544.663355,0.765660
2545.460266,0.796911
2546.257178,0.796911
2559.242147,0.828163
2560.085936,0.843789
2560.960976,0.875040
2561.851642,0.890666
2586.618400,0.562526
2587.212178,0.593777
2587.852832,0.640654
2588.493486,0.640654
2589.227895,0.734409
2589.806046,0.578151
2631.948600,0.781286
2632.808015,0.859414
2633.683055,0.875040
2634.495592,0.812537
2635.308129,0.812537
2636.151918,0.843789
2637.026958,0.875040
2637.870746,0.843789
2638.620781,0.750034
2639.464569,0.843789
2640.277107,0.812537
2641.105269,0.828163
2641.964684,0.859414
2642.777221,0.812537
2643.699138,0.921917
2644.574178,0.875040
2645.433593,0.859414
2646.355510,0.921917
2647.246176,0.890666
2648.199344,0.953169
2654.918402,0.875040
2655.762190,0.843789
2656.652856,0.890666
2657.590399,0.937543
2658.481065,0.890666
2659.215473,0.734409
2660.090513,0.875040
2660.965554,0.875040
2661.809342,0.843789
2662.606254,0.796911
2663.450042,0.843789
2664.293831,0.843789
2665.090742,0.796911
2665.981408,0.890666
2666.840822,0.859414
2667.668985,0.828163
2668.481523,0.812537
2669.309685,0.828163
2670.137848,0.828163
2670.872257,0.734409
2681.685252,1.000046
2682.575918,0.890666
2701.217396,0.765660
2701.998682,0.781286
2702.733090,0.734409
2703.467499,0.734409
2704.233159,0.765660
2704.983193,0.750034
2705.795731,0.812537
2706.577016,0.781286
2707.358302,0.781286
2708.045834,0.687531
2708.811494,0.765660
2709.577154,0.765660
2710.342814,0.765660
2711.108474,0.765660
2711.858508,0.750034
2712.655420,0.796911
2713.452331,0.796911
2714.374248,0.921917
2723.687175,0.781286
2724.390332,0.703157
2725.109115,0.718783
2725.827898,0.718783
2726.562306,0.734409
2727.249838,0.687531
2727.968621,0.718783
2728.687404,0.718783
2729.374935,0.687531
2730.046841,0.671906
2730.765624,0.718783
2731.500032,0.734409
2747.610145,0.796911
2748.438308,0.828163
2827.160661,0.859414
2827.957573,0.796911
2828.801361,0.843789
2829.676401,0.875040
2830.551441,0.875040
2831.317101,0.765660
2832.160890,0.843789
2833.004679,0.843789
2833.864093,0.859414
2834.629753,0.765660
2835.520419,0.890666
