,Timestamp,HR
0,1579905318.0,174.0
1,1579905319.0,143.67
2,1579905320.0,151.25
3,1579905321.0,136.8
4,1579905322.0,143.17
5,1579905323.0,147.71
6,1579905324.0,151.0
7,1579905325.0,152.56
8,1579905326.0,152.5
9,1579905327.0,152.18
10,1579905328.0,151.92
11,1579905329.0,151.77
12,1579905330.0,149.0
13,1579905331.0,146.4
14,1579905332.0,143.81
15,1579905333.0,141.65
16,1579905334.0,139.72
17,1579905335.0,138.05
18,1579905336.0,136.45
19,1579905337.0,135.05
20,1579905338.0,133.86
21,1579905339.0,133.0
22,1579905340.0,132.21
23,1579905341.0,131.4
24,1579905342.0,130.65
25,1579905343.0,129.78
26,1579905344.0,129.07
27,1579905345.0,128.45
28,1579905346.0,127.83
29,1579905347.0,127.03
30,1579905348.0,126.03
31,1579905349.0,125.03
32,1579905350.0,124.09
33,1579905351.0,123.26
34,1579905352.0,122.47
35,1579905353.0,121.73
36,1579905354.0,121.0
37,1579905355.0,120.33
38,1579905356.0,119.6
39,1579905357.0,118.9
40,1579905358.0,118.31
41,1579905359.0,117.74
42,1579905360.0,117.2
43,1579905361.0,116.69
44,1579905362.0,116.2
45,1579905363.0,115.83
46,1579905364.0,115.42
47,1579905365.0,114.84
48,1579905366.0,114.28
49,1579905367.0,113.73
50,1579905368.0,113.17
51,1579905369.0,112.6
52,1579905370.0,112.04
53,1579905371.0,111.49
54,1579905372.0,110.96
55,1579905373.0,110.46
56,1579905374.0,109.97
57,1579905375.0,109.49
58,1579905376.0,109.03
59,1579905377.0,107.48
60,1579905378.0,105.93
61,1579905379.0,105.88
62,1579905380.0,104.32
63,1579905381.0,104.32
64,1579905382.0,102.72
65,1579905383.0,101.12
66,1579905384.0,99.55
67,1579905385.0,98.15
68,1579905386.0,96.97
69,1579905387.0,95.85
70,1579905388.0,94.75
71,1579905389.0,93.63
72,1579905390.0,93.15
73,1579905391.0,92.72
74,1579905392.0,92.37
75,1579905393.0,91.98
76,1579905394.0,91.62
77,1579905395.0,91.23
78,1579905396.0,90.88
79,1579905397.0,90.52
80,1579905398.0,90.13
81,1579905399.0,89.67
82,1579905400.0,89.2
83,1579905401.0,88.77
84,1579905402.0,88.33
85,1579905403.0,87.98
86,1579905404.0,87.58
87,1579905405.0,87.17
88,1579905406.0,86.77
89,1579905407.0,86.48
90,1579905408.0,86.33
91,1579905409.0,86.2
92,1579905410.0,86.07
93,1579905411.0,85.92
94,1579905412.0,85.75
95,1579905413.0,85.58
96,1579905414.0,85.43
97,1579905415.0,85.25
98,1579905416.0,85.12
99,1579905417.0,84.98
100,1579905418.0,84.78
101,1579905419.0,84.58
102,1579905420.0,84.38
103,1579905421.0,84.17
104,1579905422.0,83.98
105,1579905423.0,83.7
106,1579905424.0,83.5
107,1579905425.0,83.45
108,1579905426.0,83.4
109,1579905427.0,83.37
110,1579905428.0,83.35
111,1579905429.0,83.37
112,1579905430.0,83.4
113,1579905431.0,83.42
114,1579905432.0,83.43
115,1579905433.0,83.45
116,1579905434.0,83.48
117,1579905435.0,83.52
118,1579905436.0,83.55
119,1579905437.0,83.62
120,1579905438.0,83.7
121,1579905439.0,83.83
122,1579905440.0,83.97
123,1579905441.0,84.13
124,1579905442.0,84.32
125,1579905443.0,84.5
126,1579905444.0,84.67
127,1579905445.0,84.82
128,1579905446.0,84.97
129,1579905447.0,85.1
130,1579905448.0,85.2
131,1579905449.0,85.3
132,1579905450.0,85.37
133,1579905451.0,85.45
134,1579905452.0,85.52
135,1579905453.0,85.58
136,1579905454.0,85.63
137,1579905455.0,85.68
138,1579905456.0,85.73
139,1579905457.0,85.78
140,1579905458.0,85.8
141,1579905459.0,85.8
142,1579905460.0,85.78
143,1579905461.0,85.77
144,1579905462.0,85.75
145,1579905463.0,85.73
146,1579905464.0,85.73
147,1579905465.0,85.73
148,1579905466.0,85.73
149,1579905467.0,85.73
150,1579905468.0,85.72
151,1579905469.0,85.72
152,1579905470.0,85.72
153,1579905471.0,85.7
154,1579905472.0,85.7
155,1579905473.0,85.7
156,1579905474.0,85.72
157,1579905475.0,85.75
158,1579905476.0,85.8
159,1579905477.0,85.87
160,1579905478.0,85.97
161,1579905479.0,86.07
162,1579905480.0,86.17
163,1579905481.0,86.27
164,1579905482.0,86.33
165,1579905483.0,86.4
166,1579905484.0,86.42
167,1579905485.0,86.42
168,1579905486.0,86.42
169,1579905487.0,86.42
170,1579905488.0,86.42
171,1579905489.0,86.38
172,1579905490.0,86.35
173,1579905491.0,86.3
174,1579905492.0,86.25
175,1579905493.0,86.17
176,1579905494.0,86.05
177,1579905495.0,85.97
178,1579905496.0,85.9
179,1579905497.0,85.82
180,1579905498.0,85.73
181,1579905499.0,85.63
182,1579905500.0,85.55
183,1579905501.0,85.43
184,1579905502.0,85.3
185,1579905503.0,85.15
186,1579905504.0,85.0
187,1579905505.0,84.87
188,1579905506.0,84.73
189,1579905507.0,84.62
190,1579905508.0,84.52
191,1579905509.0,84.43
192,1579905510.0,84.38
193,1579905511.0,84.33
194,1579905512.0,84.32
195,1579905513.0,84.3
196,1579905514.0,84.3
197,1579905515.0,84.3
198,1579905516.0,84.32
199,1579905517.0,84.33
200,1579905518.0,84.37
201,1579905519.0,84.42
202,1579905520.0,84.48
203,1579905521.0,84.55
204,1579905522.0,84.62
205,1579905523.0,84.67
206,1579905524.0,84.68
207,1579905525.0,84.7
208,1579905526.0,84.75
209,1579905527.0,84.8
210,1579905528.0,84.88
211,1579905529.0,84.97
212,1579905530.0,85.07
213,1579905531.0,85.17
214,1579905532.0,85.28
215,1579905533.0,85.43
216,1579905534.0,85.57
217,1579905535.0,85.72
218,1579905536.0,85.87
219,1579905537.0,86.0
220,1579905538.0,86.1
221,1579905539.0,86.18
222,1579905540.0,86.23
223,1579905541.0,86.28
224,1579905542.0,86.32
225,1579905543.0,86.38
226,1579905544.0,86.45
227,1579905545.0,86.53
228,1579905546.0,86.62
229,1579905547.0,86.7
230,1579905548.0,86.77
231,1579905549.0,86.87
232,1579905550.0,86.95
233,1579905551.0,87.1
234,1579905552.0,87.22
235,1579905553.0,87.3
236,1579905554.0,87.37
237,1579905555.0,87.45
238,1579905556.0,87.7
239,1579905557.0,87.97
240,1579905558.0,88.22
241,1579905559.0,88.43
242,1579905560.0,88.62
243,1579905561.0,88.77
244,1579905562.0,88.93
245,1579905563.0,89.08
246,1579905564.0,89.23
247,1579905565.0,89.37
248,1579905566.0,89.5
249,1579905567.0,89.62
250,1579905568.0,89.72
251,1579905569.0,89.8
252,1579905570.0,89.87
253,1579905571.0,89.9
254,1579905572.0,89.9
255,1579905573.0,89.92
256,1579905574.0,89.92
257,1579905575.0,89.92
258,1579905576.0,89.88
259,1579905577.0,89.85
260,1579905578.0,89.82
261,1579905579.0,89.78
262,1579905580.0,89.77
263,1579905581.0,89.75
264,1579905582.0,89.73
265,1579905583.0,89.73
266,1579905584.0,89.75
267,1579905585.0,89.77
268,1579905586.0,89.75
269,1579905587.0,89.73
270,1579905588.0,89.7
271,1579905589.0,89.65
272,1579905590.0,89.58
273,1579905591.0,89.5
274,1579905592.0,89.4
275,1579905593.0,89.25
276,1579905594.0,89.12
277,1579905595.0,88.95
278,1579905596.0,88.77
279,1579905597.0,88.58
280,1579905598.0,88.42
281,1579905599.0,88.27
282,1579905600.0,88.15
283,1579905601.0,88.07
284,1579905602.0,88.0
285,1579905603.0,87.9
286,1579905604.0,87.85
287,1579905605.0,87.8
288,1579905606.0,87.75
289,1579905607.0,87.68
290,1579905608.0,87.63
291,1579905609.0,87.58
292,1579905610.0,87.53
293,1579905611.0,87.45
294,1579905612.0,87.4
295,1579905613.0,87.4
296,1579905614.0,87.43
297,1579905615.0,87.4
298,1579905616.0,87.17
299,1579905617.0,86.9
300,1579905618.0,86.6
301,1579905619.0,86.3
302,1579905620.0,86.02
303,1579905621.0,85.77
304,1579905622.0,85.5
305,1579905623.0,85.28
306,1579905624.0,85.08
307,1579905625.0,84.9
308,1579905626.0,84.73
309,1579905627.0,84.58
310,1579905628.0,84.47
311,1579905629.0,84.37
312,1579905630.0,84.27
313,1579905631.0,84.2
314,1579905632.0,84.15
315,1579905633.0,84.07
316,1579905634.0,83.97
317,1579905635.0,83.85
318,1579905636.0,83.75
319,1579905637.0,83.62
320,1579905638.0,83.47
321,1579905639.0,83.32
322,1579905640.0,83.13
323,1579905641.0,82.95
324,1579905642.0,82.77
325,1579905643.0,82.58
326,1579905644.0,82.4
327,1579905645.0,82.22
328,1579905646.0,82.05
329,1579905647.0,81.92
330,1579905648.0,81.8
331,1579905649.0,81.72
332,1579905650.0,81.6
333,1579905651.0,81.5
334,1579905652.0,81.4
335,1579905653.0,81.32
336,1579905654.0,81.35
337,1579905655.0,81.38
338,1579905656.0,81.38
339,1579905657.0,81.33
340,1579905658.0,81.27
341,1579905659.0,81.15
342,1579905660.0,81.02
343,1579905661.0,80.83
344,1579905662.0,80.62
345,1579905663.0,80.42
346,1579905664.0,80.18
347,1579905665.0,79.95
348,1579905666.0,79.73
349,1579905667.0,79.53
350,1579905668.0,79.33
351,1579905669.0,79.15
352,1579905670.0,78.98
353,1579905671.0,78.82
354,1579905672.0,78.67
355,1579905673.0,78.53
356,1579905674.0,78.42
357,1579905675.0,78.32
358,1579905676.0,78.23
359,1579905677.0,78.15
360,1579905678.0,78.1
361,1579905679.0,78.05
362,1579905680.0,78.02
363,1579905681.0,78.0
364,1579905682.0,77.98
365,1579905683.0,77.95
366,1579905684.0,77.9
367,1579905685.0,77.82
368,1579905686.0,77.73
369,1579905687.0,77.63
370,1579905688.0,77.52
371,1579905689.0,77.38
372,1579905690.0,77.25
373,1579905691.0,77.12
374,1579905692.0,77.02
375,1579905693.0,76.97
376,1579905694.0,76.98
377,1579905695.0,77.03
378,1579905696.0,77.08
379,1579905697.0,77.17
380,1579905698.0,77.25
381,1579905699.0,77.33
382,1579905700.0,77.43
383,1579905701.0,77.55
384,1579905702.0,77.67
385,1579905703.0,77.8
386,1579905704.0,77.93
387,1579905705.0,78.08
388,1579905706.0,78.23
389,1579905707.0,78.33
390,1579905708.0,78.38
391,1579905709.0,78.38
392,1579905710.0,78.42
393,1579905711.0,78.45
394,1579905712.0,78.47
395,1579905713.0,78.47
396,1579905714.0,78.33
397,1579905715.0,78.22
398,1579905716.0,78.17
399,1579905717.0,78.15
400,1579905718.0,78.15
401,1579905719.0,78.2
402,1579905720.0,78.25
403,1579905721.0,78.33
404,1579905722.0,78.45
405,1579905723.0,78.57
406,1579905724.0,78.73
407,1579905725.0,78.92
408,1579905726.0,79.07
409,1579905727.0,79.23
410,1579905728.0,79.38
411,1579905729.0,79.53
412,1579905730.0,79.68
413,1579905731.0,79.82
414,1579905732.0,79.9
415,1579905733.0,79.98
416,1579905734.0,80.07
417,1579905735.0,80.2
418,1579905736.0,80.32
419,1579905737.0,80.47
420,1579905738.0,80.6
421,1579905739.0,80.75
422,1579905740.0,80.87
423,1579905741.0,80.87
424,1579905742.0,80.88
425,1579905743.0,80.93
426,1579905744.0,80.98
427,1579905745.0,81.05
428,1579905746.0,81.12
429,1579905747.0,81.25
430,1579905748.0,81.38
431,1579905749.0,81.52
432,1579905750.0,81.65
433,1579905751.0,81.77
434,1579905752.0,81.85
435,1579905753.0,81.92
436,1579905754.0,81.93
437,1579905755.0,81.93
438,1579905756.0,81.92
439,1579905757.0,81.92
440,1579905758.0,81.93
441,1579905759.0,81.93
442,1579905760.0,81.92
443,1579905761.0,81.87
444,1579905762.0,81.83
445,1579905763.0,81.8
446,1579905764.0,81.77
447,1579905765.0,81.73
448,1579905766.0,81.72
449,1579905767.0,81.73
450,1579905768.0,81.8
451,1579905769.0,81.9
452,1579905770.0,82.0
453,1579905771.0,82.05
454,1579905772.0,82.1
455,1579905773.0,82.17
456,1579905774.0,82.22
457,1579905775.0,82.27
458,1579905776.0,82.28
459,1579905777.0,82.33
460,1579905778.0,82.42
461,1579905779.0,82.52
462,1579905780.0,82.65
463,1579905781.0,82.82
464,1579905782.0,82.98
465,1579905783.0,83.17
466,1579905784.0,83.33
467,1579905785.0,83.53
468,1579905786.0,83.7
469,1579905787.0,83.85
470,1579905788.0,83.98
471,1579905789.0,84.1
472,1579905790.0,84.2
473,1579905791.0,84.33
474,1579905792.0,84.47
475,1579905793.0,84.6
476,1579905794.0,84.72
477,1579905795.0,84.78
478,1579905796.0,84.87
479,1579905797.0,84.93
480,1579905798.0,85.0
481,1579905799.0,85.1
482,1579905800.0,85.22
483,1579905801.0,85.45
484,1579905802.0,85.67
485,1579905803.0,85.83
486,1579905804.0,85.97
487,1579905805.0,86.1
488,1579905806.0,86.2
489,1579905807.0,86.23
490,1579905808.0,86.25
491,1579905809.0,86.27
492,1579905810.0,86.27
493,1579905811.0,86.25
494,1579905812.0,86.25
495,1579905813.0,86.22
496,1579905814.0,86.17
497,1579905815.0,86.07
498,1579905816.0,85.93
499,1579905817.0,85.75
500,1579905818.0,85.57
501,1579905819.0,85.4
502,1579905820.0,85.28
503,1579905821.0,85.18
504,1579905822.0,85.1
505,1579905823.0,84.97
506,1579905824.0,84.83
507,1579905825.0,84.67
508,1579905826.0,84.48
509,1579905827.0,84.25
510,1579905828.0,84.0
511,1579905829.0,83.73
512,1579905830.0,83.47
513,1579905831.0,83.22
514,1579905832.0,83.02
515,1579905833.0,82.82
516,1579905834.0,82.65
517,1579905835.0,82.45
518,1579905836.0,82.25
519,1579905837.0,82.03
520,1579905838.0,81.65
521,1579905839.0,81.28
522,1579905840.0,80.9
523,1579905841.0,80.5
524,1579905842.0,80.1
525,1579905843.0,79.67
526,1579905844.0,79.22
527,1579905845.0,78.72
528,1579905846.0,78.25
529,1579905847.0,77.78
530,1579905848.0,77.33
531,1579905849.0,76.88
532,1579905850.0,76.45
533,1579905851.0,75.98
534,1579905852.0,75.5
535,1579905853.0,74.98
536,1579905854.0,74.35
537,1579905855.0,73.73
538,1579905856.0,73.13
539,1579905857.0,72.53
540,1579905858.0,71.93
541,1579905859.0,71.28
542,1579905860.0,70.63
543,1579905861.0,69.97
544,1579905862.0,69.3
545,1579905863.0,68.65
546,1579905864.0,68.02
547,1579905865.0,67.58
548,1579905866.0,67.13
549,1579905867.0,66.65
550,1579905868.0,66.17
551,1579905869.0,65.7
552,1579905870.0,65.52
553,1579905871.0,65.35
554,1579905872.0,65.17
555,1579905873.0,64.98
556,1579905874.0,64.83
557,1579905875.0,64.63
558,1579905876.0,64.47
559,1579905877.0,64.3
560,1579905878.0,64.2
561,1579905879.0,64.08
562,1579905880.0,63.97
563,1579905881.0,63.85
564,1579905882.0,63.68
565,1579905883.0,63.5
566,1579905884.0,63.28
567,1579905885.0,63.22
568,1579905886.0,63.12
569,1579905887.0,63.12
570,1579905888.0,63.12
571,1579905889.0,63.15
572,1579905890.0,63.1
573,1579905891.0,63.12
574,1579905892.0,63.12
575,1579905893.0,63.12
576,1579905894.0,63.05
577,1579905895.0,63.05
578,1579905896.0,63.15
579,1579905897.0,63.23
580,1579905898.0,63.45
581,1579905899.0,63.67
582,1579905900.0,63.88
583,1579905901.0,64.07
584,1579905902.0,64.23
585,1579905903.0,64.38
586,1579905904.0,64.5
587,1579905905.0,64.62
588,1579905906.0,64.8
589,1579905907.0,64.97
590,1579905908.0,65.17
591,1579905909.0,65.37
592,1579905910.0,65.58
593,1579905911.0,65.83
594,1579905912.0,66.13
595,1579905913.0,66.48
596,1579905914.0,66.93
597,1579905915.0,67.35
598,1579905916.0,67.73
599,1579905917.0,68.12
600,1579905918.0,68.52
601,1579905919.0,68.93
602,1579905920.0,69.35
603,1579905921.0,69.8
604,1579905922.0,70.25
605,1579905923.0,70.73
606,1579905924.0,71.27
607,1579905925.0,71.62
608,1579905926.0,72.03
609,1579905927.0,72.52
610,1579905928.0,73.03
611,1579905929.0,73.55
612,1579905930.0,73.78
613,1579905931.0,74.0
614,1579905932.0,74.3
615,1579905933.0,74.6
616,1579905934.0,74.85
617,1579905935.0,75.03
618,1579905936.0,75.22
619,1579905937.0,75.45
620,1579905938.0,75.62
621,1579905939.0,75.8
622,1579905940.0,75.97
623,1579905941.0,76.15
624,1579905942.0,76.35
625,1579905943.0,76.62
626,1579905944.0,76.95
627,1579905945.0,77.18
628,1579905946.0,77.47
629,1579905947.0,77.68
630,1579905948.0,77.9
631,1579905949.0,78.12
632,1579905950.0,78.38
633,1579905951.0,78.7
634,1579905952.0,78.98
635,1579905953.0,79.25
636,1579905954.0,79.55
637,1579905955.0,79.8
638,1579905956.0,79.97
639,1579905957.0,80.0
640,1579905958.0,80.05
641,1579905959.0,80.05
642,1579905960.0,80.07
643,1579905961.0,80.1
644,1579905962.0,80.15
645,1579905963.0,80.25
646,1579905964.0,80.37
647,1579905965.0,80.5
648,1579905966.0,80.6
649,1579905967.0,80.73
650,1579905968.0,80.88
651,1579905969.0,81.05
652,1579905970.0,81.22
653,1579905971.0,81.38
654,1579905972.0,81.57
655,1579905973.0,81.75
656,1579905974.0,81.97
657,1579905975.0,82.22
658,1579905976.0,82.5
659,1579905977.0,82.78
660,1579905978.0,83.07
661,1579905979.0,83.33
662,1579905980.0,83.58
663,1579905981.0,83.93
664,1579905982.0,84.25
665,1579905983.0,84.53
666,1579905984.0,84.8
667,1579905985.0,84.83
668,1579905986.0,84.78
669,1579905987.0,84.68
670,1579905988.0,84.5
671,1579905989.0,84.28
672,1579905990.0,84.1
673,1579905991.0,83.92
674,1579905992.0,83.67
675,1579905993.0,83.37
676,1579905994.0,83.1
677,1579905995.0,83.02
678,1579905996.0,82.9
679,1579905997.0,82.75
680,1579905998.0,82.62
681,1579905999.0,82.63
682,1579906000.0,82.68
683,1579906001.0,82.73
684,1579906002.0,82.78
685,1579906003.0,82.82
686,1579906004.0,82.8
687,1579906005.0,82.75
688,1579906006.0,82.67
689,1579906007.0,82.55
690,1579906008.0,82.43
691,1579906009.0,82.25
692,1579906010.0,82.05
693,1579906011.0,81.73
694,1579906012.0,81.48
695,1579906013.0,81.25
696,1579906014.0,81.05
697,1579906015.0,80.83
698,1579906016.0,80.65
699,1579906017.0,80.65
700,1579906018.0,80.63
701,1579906019.0,80.65
702,1579906020.0,80.63
703,1579906021.0,80.63
704,1579906022.0,80.62
705,1579906023.0,80.65
706,1579906024.0,80.63
707,1579906025.0,80.6
708,1579906026.0,80.53
709,1579906027.0,80.48
710,1579906028.0,80.43
711,1579906029.0,80.4
712,1579906030.0,80.22
713,1579906031.0,80.02
714,1579906032.0,79.82
715,1579906033.0,79.65
716,1579906034.0,79.47
717,1579906035.0,79.3
718,1579906036.0,79.2
719,1579906037.0,79.02
720,1579906038.0,78.83
721,1579906039.0,78.65
722,1579906040.0,78.48
723,1579906041.0,78.22
724,1579906042.0,78.02
725,1579906043.0,77.75
726,1579906044.0,77.83
727,1579906045.0,78.12
728,1579906046.0,78.45
729,1579906047.0,78.82
730,1579906048.0,79.25
731,1579906049.0,79.7
732,1579906050.0,80.12
733,1579906051.0,80.52
734,1579906052.0,80.87
735,1579906053.0,81.27
736,1579906054.0,81.65
737,1579906055.0,82.02
738,1579906056.0,82.42
739,1579906057.0,82.8
740,1579906058.0,83.13
741,1579906059.0,83.3
742,1579906060.0,83.43
743,1579906061.0,83.55
744,1579906062.0,83.68
745,1579906063.0,83.82
746,1579906064.0,83.97
747,1579906065.0,84.17
748,1579906066.0,84.4
749,1579906067.0,84.67
750,1579906068.0,84.97
751,1579906069.0,85.32
752,1579906070.0,85.73
753,1579906071.0,86.2
754,1579906072.0,86.67
755,1579906073.0,87.15
756,1579906074.0,87.58
757,1579906075.0,88.03
758,1579906076.0,88.47
759,1579906077.0,88.85
760,1579906078.0,89.25
761,1579906079.0,89.6
762,1579906080.0,89.87
763,1579906081.0,90.13
764,1579906082.0,90.37
765,1579906083.0,90.53
766,1579906084.0,90.73
767,1579906085.0,90.92
768,1579906086.0,91.12
769,1579906087.0,91.27
770,1579906088.0,91.4
771,1579906089.0,91.57
772,1579906090.0,91.87
773,1579906091.0,92.13
774,1579906092.0,92.43
775,1579906093.0,92.68
776,1579906094.0,92.88
777,1579906095.0,93.07
778,1579906096.0,93.2
779,1579906097.0,93.4
780,1579906098.0,93.58
781,1579906099.0,93.78
782,1579906100.0,93.98
783,1579906101.0,94.1
784,1579906102.0,94.15
785,1579906103.0,94.28
786,1579906104.0,94.08
787,1579906105.0,93.88
788,1579906106.0,93.68
789,1579906107.0,93.5
790,1579906108.0,93.25
791,1579906109.0,93.02
792,1579906110.0,92.82
793,1579906111.0,92.65
794,1579906112.0,92.5
795,1579906113.0,92.35
796,1579906114.0,92.23
797,1579906115.0,92.15
798,1579906116.0,92.08
799,1579906117.0,92.05
800,1579906118.0,92.03
801,1579906119.0,92.03
802,1579906120.0,92.05
803,1579906121.0,92.07
804,1579906122.0,92.08
805,1579906123.0,92.1
806,1579906124.0,92.03
807,1579906125.0,91.9
808,1579906126.0,91.78
809,1579906127.0,91.7
810,1579906128.0,91.58
811,1579906129.0,91.45
812,1579906130.0,91.3
813,1579906131.0,91.23
814,1579906132.0,91.1
815,1579906133.0,90.92
816,1579906134.0,90.75
817,1579906135.0,90.6
818,1579906136.0,90.42
819,1579906137.0,90.22
820,1579906138.0,89.98
821,1579906139.0,89.8
822,1579906140.0,89.73
823,1579906141.0,89.67
824,1579906142.0,89.82
825,1579906143.0,89.92
826,1579906144.0,90.03
827,1579906145.0,90.17
828,1579906146.0,90.33
829,1579906147.0,90.53
830,1579906148.0,90.7
831,1579906149.0,90.82
832,1579906150.0,90.98
833,1579906151.0,91.22
834,1579906152.0,91.42
835,1579906153.0,91.62
836,1579906154.0,91.87
837,1579906155.0,92.08
838,1579906156.0,92.28
839,1579906157.0,92.43
840,1579906158.0,92.62
841,1579906159.0,92.8
842,1579906160.0,92.98
843,1579906161.0,93.23
844,1579906162.0,93.55
845,1579906163.0,93.85
846,1579906164.0,94.13
847,1579906165.0,94.45
848,1579906166.0,94.78
849,1579906167.0,95.12
850,1579906168.0,95.55
851,1579906169.0,95.98
852,1579906170.0,96.42
853,1579906171.0,96.85
854,1579906172.0,97.3
855,1579906173.0,97.78
856,1579906174.0,98.25
857,1579906175.0,98.68
858,1579906176.0,99.1
859,1579906177.0,99.48
860,1579906178.0,99.87
861,1579906179.0,100.25
862,1579906180.0,100.6
863,1579906181.0,100.93
864,1579906182.0,101.25
865,1579906183.0,101.53
866,1579906184.0,101.98
867,1579906185.0,102.45
868,1579906186.0,102.85
869,1579906187.0,103.22
870,1579906188.0,103.58
871,1579906189.0,103.98
872,1579906190.0,104.4
873,1579906191.0,104.72
874,1579906192.0,105.05
875,1579906193.0,105.42
876,1579906194.0,105.82
877,1579906195.0,106.22
878,1579906196.0,106.62
879,1579906197.0,107.05
880,1579906198.0,107.48
881,1579906199.0,107.85
882,1579906200.0,108.18
883,1579906201.0,108.52
884,1579906202.0,108.67
885,1579906203.0,108.85
886,1579906204.0,109.05
887,1579906205.0,109.3
888,1579906206.0,109.5
889,1579906207.0,109.7
890,1579906208.0,109.93
891,1579906209.0,110.13
892,1579906210.0,110.28
893,1579906211.0,110.45
894,1579906212.0,110.58
895,1579906213.0,110.68
896,1579906214.0,110.77
897,1579906215.0,110.9
898,1579906216.0,110.97
899,1579906217.0,111.15
900,1579906218.0,111.18
901,1579906219.0,111.23
902,1579906220.0,111.25
903,1579906221.0,111.27
904,1579906222.0,111.23
905,1579906223.0,111.23
906,1579906224.0,111.23
907,1579906225.0,111.23
908,1579906226.0,111.25
909,1579906227.0,111.27
910,1579906228.0,111.25
911,1579906229.0,111.22
912,1579906230.0,111.12
913,1579906231.0,111.02
914,1579906232.0,110.83
915,1579906233.0,110.63
916,1579906234.0,110.6
917,1579906235.0,110.37
918,1579906236.0,110.13
919,1579906237.0,109.87
920,1579906238.0,109.58
921,1579906239.0,109.38
922,1579906240.0,109.15
923,1579906241.0,108.93
924,1579906242.0,108.77
925,1579906243.0,108.63
926,1579906244.0,108.4
927,1579906245.0,108.18
928,1579906246.0,107.98
929,1579906247.0,107.77
930,1579906248.0,107.55
931,1579906249.0,107.3
932,1579906250.0,107.03
933,1579906251.0,106.73
934,1579906252.0,106.43
935,1579906253.0,106.13
936,1579906254.0,105.82
937,1579906255.0,105.48
938,1579906256.0,105.17
939,1579906257.0,104.83
940,1579906258.0,104.45
941,1579906259.0,104.12
942,1579906260.0,103.8
943,1579906261.0,103.47
944,1579906262.0,103.15
945,1579906263.0,102.85
946,1579906264.0,102.53
947,1579906265.0,102.15
948,1579906266.0,101.78
949,1579906267.0,101.38
950,1579906268.0,100.95
951,1579906269.0,100.53
952,1579906270.0,100.1
953,1579906271.0,99.6
954,1579906272.0,99.13
955,1579906273.0,98.7
956,1579906274.0,98.28
957,1579906275.0,97.83
958,1579906276.0,97.43
959,1579906277.0,96.98
960,1579906278.0,96.67
961,1579906279.0,96.35
962,1579906280.0,96.07
963,1579906281.0,95.78
964,1579906282.0,95.53
965,1579906283.0,95.25
966,1579906284.0,94.95
967,1579906285.0,94.63
968,1579906286.0,94.3
969,1579906287.0,93.93
970,1579906288.0,93.55
971,1579906289.0,93.15
972,1579906290.0,92.8
973,1579906291.0,92.42
974,1579906292.0,92.08
975,1579906293.0,91.65
976,1579906294.0,91.12
977,1579906295.0,90.78
978,1579906296.0,90.48
979,1579906297.0,90.27
980,1579906298.0,90.12
981,1579906299.0,89.9
982,1579906300.0,89.72
983,1579906301.0,89.55
984,1579906302.0,89.33
985,1579906303.0,89.12
986,1579906304.0,88.88
987,1579906305.0,88.62
988,1579906306.0,88.33
989,1579906307.0,88.07
990,1579906308.0,87.8
991,1579906309.0,87.58
992,1579906310.0,87.42
993,1579906311.0,87.3
994,1579906312.0,87.35
995,1579906313.0,87.42
996,1579906314.0,87.5
997,1579906315.0,87.68
998,1579906316.0,87.83
999,1579906317.0,88.0
1000,1579906318.0,88.23
1001,1579906319.0,88.43
1002,1579906320.0,88.57
1003,1579906321.0,88.58
1004,1579906322.0,88.65
1005,1579906323.0,88.73
1006,1579906324.0,88.8
1007,1579906325.0,88.88
1008,1579906326.0,88.97
1009,1579906327.0,89.03
1010,1579906328.0,89.1
1011,1579906329.0,89.25
1012,1579906330.0,89.48
1013,1579906331.0,89.7
1014,1579906332.0,89.87
1015,1579906333.0,90.02
1016,1579906334.0,89.88
1017,1579906335.0,89.75
1018,1579906336.0,89.62
1019,1579906337.0,89.5
1020,1579906338.0,89.38
1021,1579906339.0,89.25
1022,1579906340.0,89.1
1023,1579906341.0,88.95
1024,1579906342.0,88.78
1025,1579906343.0,88.62
1026,1579906344.0,88.45
1027,1579906345.0,88.28
1028,1579906346.0,88.07
1029,1579906347.0,87.93
1030,1579906348.0,87.82
1031,1579906349.0,87.73
1032,1579906350.0,87.67
1033,1579906351.0,87.63
1034,1579906352.0,87.63
1035,1579906353.0,87.72
1036,1579906354.0,87.73
1037,1579906355.0,87.75
1038,1579906356.0,87.77
1039,1579906357.0,87.78
1040,1579906358.0,87.78
1041,1579906359.0,87.78
1042,1579906360.0,87.75
1043,1579906361.0,87.7
1044,1579906362.0,87.65
1045,1579906363.0,87.57
1046,1579906364.0,87.53
1047,1579906365.0,87.52
1048,1579906366.0,87.48
1049,1579906367.0,87.47
1050,1579906368.0,87.43
1051,1579906369.0,87.37
1052,1579906370.0,87.23
1053,1579906371.0,87.13
1054,1579906372.0,86.88
1055,1579906373.0,86.7
1056,1579906374.0,86.5
1057,1579906375.0,86.22
1058,1579906376.0,86.08
1059,1579906377.0,85.95
1060,1579906378.0,85.8
1061,1579906379.0,85.7
1062,1579906380.0,85.67
1063,1579906381.0,85.73
1064,1579906382.0,85.75
1065,1579906383.0,85.77
1066,1579906384.0,85.8
1067,1579906385.0,85.83
1068,1579906386.0,85.85
1069,1579906387.0,85.9
1070,1579906388.0,85.98
1071,1579906389.0,86.02
1072,1579906390.0,86.0
1073,1579906391.0,86.03
1074,1579906392.0,86.12
1075,1579906393.0,86.28
1076,1579906394.0,86.73
1077,1579906395.0,87.2
1078,1579906396.0,87.65
1079,1579906397.0,88.08
1080,1579906398.0,88.5
1081,1579906399.0,88.95
1082,1579906400.0,89.38
1083,1579906401.0,89.75
1084,1579906402.0,90.08
1085,1579906403.0,90.4
1086,1579906404.0,90.72
1087,1579906405.0,91.05
1088,1579906406.0,91.42
1089,1579906407.0,91.72
1090,1579906408.0,92.02
1091,1579906409.0,92.2
1092,1579906410.0,92.37
1093,1579906411.0,92.55
1094,1579906412.0,92.7
1095,1579906413.0,92.85
1096,1579906414.0,93.0
1097,1579906415.0,93.15
1098,1579906416.0,93.3
1099,1579906417.0,93.43
1100,1579906418.0,93.57
1101,1579906419.0,93.7
1102,1579906420.0,93.87
1103,1579906421.0,94.07
1104,1579906422.0,94.28
1105,1579906423.0,94.55
1106,1579906424.0,94.82
1107,1579906425.0,95.1
1108,1579906426.0,95.42
1109,1579906427.0,95.72
1110,1579906428.0,96.05
1111,1579906429.0,96.38
1112,1579906430.0,96.73
1113,1579906431.0,97.05
1114,1579906432.0,97.35
1115,1579906433.0,97.58
1116,1579906434.0,97.85
1117,1579906435.0,98.12
1118,1579906436.0,98.27
1119,1579906437.0,98.42
1120,1579906438.0,98.58
1121,1579906439.0,98.7
1122,1579906440.0,98.8
1123,1579906441.0,98.88
1124,1579906442.0,98.93
1125,1579906443.0,98.97
1126,1579906444.0,98.98
1127,1579906445.0,99.02
1128,1579906446.0,99.07
1129,1579906447.0,99.13
1130,1579906448.0,99.18
1131,1579906449.0,99.2
1132,1579906450.0,99.18
1133,1579906451.0,99.13
1134,1579906452.0,99.05
1135,1579906453.0,98.9
1136,1579906454.0,98.73
1137,1579906455.0,98.53
1138,1579906456.0,98.35
1139,1579906457.0,98.15
1140,1579906458.0,97.97
1141,1579906459.0,97.75
1142,1579906460.0,97.53
1143,1579906461.0,97.38
1144,1579906462.0,97.27
1145,1579906463.0,97.18
1146,1579906464.0,97.12
1147,1579906465.0,97.05
1148,1579906466.0,96.98
1149,1579906467.0,96.92
1150,1579906468.0,96.87
1151,1579906469.0,96.92
1152,1579906470.0,96.95
1153,1579906471.0,96.98
1154,1579906472.0,97.05
1155,1579906473.0,97.13
1156,1579906474.0,97.22
1157,1579906475.0,97.3
1158,1579906476.0,97.35
1159,1579906477.0,97.4
1160,1579906478.0,97.42
1161,1579906479.0,97.42
1162,1579906480.0,97.4
1163,1579906481.0,97.35
1164,1579906482.0,97.27
1165,1579906483.0,97.17
1166,1579906484.0,97.05
1167,1579906485.0,96.92
1168,1579906486.0,96.78
1169,1579906487.0,96.65
1170,1579906488.0,96.5
1171,1579906489.0,96.35
1172,1579906490.0,96.2
1173,1579906491.0,96.03
1174,1579906492.0,95.88
1175,1579906493.0,95.68
1176,1579906494.0,95.43
1177,1579906495.0,95.18
1178,1579906496.0,94.97
1179,1579906497.0,94.77
1180,1579906498.0,94.58
1181,1579906499.0,94.4
1182,1579906500.0,94.22
1183,1579906501.0,94.15
1184,1579906502.0,94.13
1185,1579906503.0,94.12
1186,1579906504.0,94.12
1187,1579906505.0,94.08
1188,1579906506.0,94.15
1189,1579906507.0,94.18
1190,1579906508.0,94.22
1191,1579906509.0,94.22
1192,1579906510.0,94.23
1193,1579906511.0,94.27
1194,1579906512.0,94.32
1195,1579906513.0,94.37
1196,1579906514.0,94.43
1197,1579906515.0,94.52
1198,1579906516.0,94.6
1199,1579906517.0,94.72
1200,1579906518.0,94.85
1201,1579906519.0,95.0
1202,1579906520.0,95.18
1203,1579906521.0,95.38
1204,1579906522.0,95.58
1205,1579906523.0,95.77
1206,1579906524.0,95.92
1207,1579906525.0,96.05
1208,1579906526.0,96.17
1209,1579906527.0,96.25
1210,1579906528.0,96.32
1211,1579906529.0,96.37
1212,1579906530.0,96.42
1213,1579906531.0,96.43
1214,1579906532.0,96.42
1215,1579906533.0,96.37
1216,1579906534.0,96.28
1217,1579906535.0,96.17
1218,1579906536.0,96.1
1219,1579906537.0,96.0
1220,1579906538.0,95.95
1221,1579906539.0,95.88
1222,1579906540.0,95.85
1223,1579906541.0,95.85
1224,1579906542.0,95.88
1225,1579906543.0,95.93
1226,1579906544.0,95.98
1227,1579906545.0,96.03
1228,1579906546.0,96.08
1229,1579906547.0,96.12
1230,1579906548.0,96.15
1231,1579906549.0,96.18
1232,1579906550.0,96.22
1233,1579906551.0,96.23
1234,1579906552.0,96.23
1235,1579906553.0,96.3
1236,1579906554.0,96.42
1237,1579906555.0,96.55
1238,1579906556.0,96.7
1239,1579906557.0,96.73
1240,1579906558.0,96.78
1241,1579906559.0,96.9
1242,1579906560.0,97.07
1243,1579906561.0,97.15
1244,1579906562.0,97.23
1245,1579906563.0,97.32
1246,1579906564.0,97.35
1247,1579906565.0,97.4
1248,1579906566.0,97.28
1249,1579906567.0,97.15
1250,1579906568.0,96.98
1251,1579906569.0,96.82
1252,1579906570.0,96.7
1253,1579906571.0,96.57
1254,1579906572.0,96.43
1255,1579906573.0,96.32
1256,1579906574.0,96.2
1257,1579906575.0,96.1
1258,1579906576.0,96.0
1259,1579906577.0,95.88
1260,1579906578.0,95.75
1261,1579906579.0,95.6
1262,1579906580.0,95.47
1263,1579906581.0,95.32
1264,1579906582.0,95.18
1265,1579906583.0,95.07
1266,1579906584.0,94.97
1267,1579906585.0,94.87
1268,1579906586.0,94.77
1269,1579906587.0,94.65
1270,1579906588.0,94.52
1271,1579906589.0,94.38
1272,1579906590.0,94.27
1273,1579906591.0,94.17
1274,1579906592.0,94.1
1275,1579906593.0,94.12
1276,1579906594.0,94.18
1277,1579906595.0,94.3
1278,1579906596.0,94.38
1279,1579906597.0,94.5
1280,1579906598.0,94.58
1281,1579906599.0,94.67
1282,1579906600.0,94.73
1283,1579906601.0,94.77
1284,1579906602.0,94.8
1285,1579906603.0,94.82
1286,1579906604.0,94.83
1287,1579906605.0,94.85
1288,1579906606.0,94.87
1289,1579906607.0,94.92
1290,1579906608.0,94.97
1291,1579906609.0,95.03
1292,1579906610.0,95.1
1293,1579906611.0,95.17
1294,1579906612.0,95.23
1295,1579906613.0,95.32
1296,1579906614.0,95.38
1297,1579906615.0,95.43
1298,1579906616.0,95.43
1299,1579906617.0,95.53
1300,1579906618.0,95.6
1301,1579906619.0,95.65
1302,1579906620.0,95.63
1303,1579906621.0,95.6
1304,1579906622.0,95.55
1305,1579906623.0,95.48
1306,1579906624.0,95.45
1307,1579906625.0,95.42
1308,1579906626.0,95.43
1309,1579906627.0,95.48
1310,1579906628.0,95.58
1311,1579906629.0,95.75
1312,1579906630.0,95.87
1313,1579906631.0,96.07
1314,1579906632.0,96.15
1315,1579906633.0,96.23
1316,1579906634.0,96.32
1317,1579906635.0,96.42
1318,1579906636.0,96.47
1319,1579906637.0,96.5
1320,1579906638.0,96.52
1321,1579906639.0,96.58
1322,1579906640.0,96.63
1323,1579906641.0,96.67
1324,1579906642.0,96.68
1325,1579906643.0,96.7
1326,1579906644.0,96.72
1327,1579906645.0,96.77
1328,1579906646.0,96.83
1329,1579906647.0,96.95
1330,1579906648.0,97.08
1331,1579906649.0,97.23
1332,1579906650.0,97.38
1333,1579906651.0,97.53
1334,1579906652.0,97.67
1335,1579906653.0,97.75
1336,1579906654.0,97.82
1337,1579906655.0,97.87
1338,1579906656.0,97.9
1339,1579906657.0,97.95
1340,1579906658.0,98.0
1341,1579906659.0,98.08
1342,1579906660.0,98.17
1343,1579906661.0,98.27
1344,1579906662.0,98.37
1345,1579906663.0,98.45
1346,1579906664.0,98.55
1347,1579906665.0,98.63
1348,1579906666.0,98.7
1349,1579906667.0,98.73
1350,1579906668.0,98.77
1351,1579906669.0,98.78
1352,1579906670.0,98.8
1353,1579906671.0,98.83
1354,1579906672.0,98.87
1355,1579906673.0,98.87
1356,1579906674.0,98.85
1357,1579906675.0,98.85
1358,1579906676.0,98.83
1359,1579906677.0,98.82
1360,1579906678.0,98.82
1361,1579906679.0,98.8
1362,1579906680.0,98.85
1363,1579906681.0,98.83
1364,1579906682.0,98.8
1365,1579906683.0,98.73
1366,1579906684.0,98.65
1367,1579906685.0,98.57
1368,1579906686.0,98.47
1369,1579906687.0,98.35
1370,1579906688.0,98.23
1371,1579906689.0,98.1
1372,1579906690.0,97.97
1373,1579906691.0,97.78
1374,1579906692.0,97.77
1375,1579906693.0,97.77
1376,1579906694.0,97.78
1377,1579906695.0,97.75
1378,1579906696.0,97.77
1379,1579906697.0,97.8
1380,1579906698.0,97.83
1381,1579906699.0,97.78
1382,1579906700.0,97.72
1383,1579906701.0,97.67
1384,1579906702.0,97.62
1385,1579906703.0,97.52
1386,1579906704.0,97.42
1387,1579906705.0,97.27
1388,1579906706.0,97.13
1389,1579906707.0,96.98
1390,1579906708.0,96.85
1391,1579906709.0,96.62
1392,1579906710.0,96.42
1393,1579906711.0,96.22
1394,1579906712.0,96.07
1395,1579906713.0,95.92
1396,1579906714.0,95.78
1397,1579906715.0,95.67
1398,1579906716.0,95.68
1399,1579906717.0,95.68
1400,1579906718.0,95.68
1401,1579906719.0,95.63
1402,1579906720.0,95.57
1403,1579906721.0,95.5
1404,1579906722.0,95.42
1405,1579906723.0,95.37
1406,1579906724.0,95.3
1407,1579906725.0,95.37
1408,1579906726.0,95.42
1409,1579906727.0,95.47
1410,1579906728.0,95.5
1411,1579906729.0,95.52
1412,1579906730.0,95.53
1413,1579906731.0,95.55
1414,1579906732.0,95.55
1415,1579906733.0,95.53
1416,1579906734.0,95.53
1417,1579906735.0,95.52
1418,1579906736.0,95.52
1419,1579906737.0,95.52
1420,1579906738.0,95.48
1421,1579906739.0,95.43
1422,1579906740.0,95.33
1423,1579906741.0,95.3
1424,1579906742.0,95.28
1425,1579906743.0,95.32
1426,1579906744.0,95.38
1427,1579906745.0,95.45
1428,1579906746.0,95.57
1429,1579906747.0,95.7
1430,1579906748.0,95.82
1431,1579906749.0,95.9
1432,1579906750.0,95.97
1433,1579906751.0,96.02
1434,1579906752.0,96.05
1435,1579906753.0,96.05
1436,1579906754.0,96.05
1437,1579906755.0,96.1
1438,1579906756.0,96.25
1439,1579906757.0,96.38
1440,1579906758.0,96.53
1441,1579906759.0,96.72
1442,1579906760.0,96.92
1443,1579906761.0,97.12
1444,1579906762.0,97.32
1445,1579906763.0,97.55
1446,1579906764.0,97.78
1447,1579906765.0,98.02
1448,1579906766.0,98.23
1449,1579906767.0,98.45
1450,1579906768.0,98.65
1451,1579906769.0,98.95
1452,1579906770.0,99.23
1453,1579906771.0,99.52
1454,1579906772.0,99.77
1455,1579906773.0,100.03
1456,1579906774.0,100.28
1457,1579906775.0,100.5
1458,1579906776.0,100.6
1459,1579906777.0,100.7
1460,1579906778.0,100.78
1461,1579906779.0,100.88
1462,1579906780.0,101.0
1463,1579906781.0,101.08
1464,1579906782.0,101.17
1465,1579906783.0,101.25
1466,1579906784.0,101.33
1467,1579906785.0,101.3
1468,1579906786.0,101.28
1469,1579906787.0,101.27
1470,1579906788.0,101.28
1471,1579906789.0,101.33
1472,1579906790.0,101.37
1473,1579906791.0,101.4
1474,1579906792.0,101.47
1475,1579906793.0,101.55
1476,1579906794.0,101.63
1477,1579906795.0,101.72
1478,1579906796.0,101.8
1479,1579906797.0,101.85
1480,1579906798.0,101.95
1481,1579906799.0,102.08
1482,1579906800.0,102.27
1483,1579906801.0,102.45
1484,1579906802.0,102.6
1485,1579906803.0,102.72
1486,1579906804.0,102.8
1487,1579906805.0,102.92
1488,1579906806.0,103.02
1489,1579906807.0,103.1
1490,1579906808.0,103.12
1491,1579906809.0,103.17
1492,1579906810.0,103.25
1493,1579906811.0,103.25
1494,1579906812.0,103.25
1495,1579906813.0,103.27
1496,1579906814.0,103.27
1497,1579906815.0,103.23
1498,1579906816.0,103.1
1499,1579906817.0,102.97
1500,1579906818.0,102.82
1501,1579906819.0,102.65
1502,1579906820.0,102.48
1503,1579906821.0,102.33
1504,1579906822.0,102.18
1505,1579906823.0,102.07
1506,1579906824.0,101.97
1507,1579906825.0,101.92
1508,1579906826.0,101.87
1509,1579906827.0,101.82
1510,1579906828.0,101.77
1511,1579906829.0,101.72
1512,1579906830.0,101.65
1513,1579906831.0,101.57
1514,1579906832.0,101.48
1515,1579906833.0,101.37
1516,1579906834.0,101.25
1517,1579906835.0,101.13
1518,1579906836.0,101.0
1519,1579906837.0,100.83
1520,1579906838.0,100.68
1521,1579906839.0,100.52
1522,1579906840.0,100.33
1523,1579906841.0,100.17
1524,1579906842.0,99.98
1525,1579906843.0,99.78
1526,1579906844.0,99.6
1527,1579906845.0,99.42
1528,1579906846.0,99.25
1529,1579906847.0,99.1
1530,1579906848.0,98.95
1531,1579906849.0,98.78
1532,1579906850.0,98.63
1533,1579906851.0,98.48
1534,1579906852.0,98.32
1535,1579906853.0,98.12
1536,1579906854.0,97.95
1537,1579906855.0,97.78
1538,1579906856.0,97.6
1539,1579906857.0,97.47
1540,1579906858.0,97.35
1541,1579906859.0,97.23
1542,1579906860.0,97.08
1543,1579906861.0,96.95
1544,1579906862.0,96.87
1545,1579906863.0,96.8
1546,1579906864.0,96.78
1547,1579906865.0,96.72
1548,1579906866.0,96.63
1549,1579906867.0,96.57
1550,1579906868.0,96.6
1551,1579906869.0,96.63
1552,1579906870.0,96.67
1553,1579906871.0,96.77
1554,1579906872.0,96.87
1555,1579906873.0,96.95
1556,1579906874.0,97.03
1557,1579906875.0,97.03
1558,1579906876.0,97.02
1559,1579906877.0,97.02
1560,1579906878.0,97.03
1561,1579906879.0,97.05
1562,1579906880.0,97.03
1563,1579906881.0,96.95
1564,1579906882.0,96.88
1565,1579906883.0,96.8
1566,1579906884.0,96.73
1567,1579906885.0,96.65
1568,1579906886.0,96.65
1569,1579906887.0,96.63
1570,1579906888.0,96.58
1571,1579906889.0,96.52
1572,1579906890.0,96.43
1573,1579906891.0,96.32
1574,1579906892.0,96.18
1575,1579906893.0,96.07
1576,1579906894.0,95.95
1577,1579906895.0,95.85
1578,1579906896.0,95.78
1579,1579906897.0,95.75
1580,1579906898.0,95.73
1581,1579906899.0,95.75
1582,1579906900.0,95.82
1583,1579906901.0,95.93
1584,1579906902.0,96.05
1585,1579906903.0,96.15
1586,1579906904.0,96.23
1587,1579906905.0,96.32
1588,1579906906.0,96.37
1589,1579906907.0,96.3
1590,1579906908.0,96.2
1591,1579906909.0,96.08
1592,1579906910.0,95.97
1593,1579906911.0,95.87
1594,1579906912.0,95.75
1595,1579906913.0,95.55
1596,1579906914.0,95.27
1597,1579906915.0,95.0
1598,1579906916.0,94.75
1599,1579906917.0,94.47
1600,1579906918.0,94.12
1601,1579906919.0,93.7
1602,1579906920.0,93.3
1603,1579906921.0,92.88
1604,1579906922.0,92.47
1605,1579906923.0,92.07
1606,1579906924.0,91.62
1607,1579906925.0,91.18
1608,1579906926.0,90.77
1609,1579906927.0,90.32
1610,1579906928.0,89.88
1611,1579906929.0,89.45
1612,1579906930.0,89.0
1613,1579906931.0,88.65
1614,1579906932.0,88.23
1615,1579906933.0,87.83
1616,1579906934.0,87.47
1617,1579906935.0,87.18
1618,1579906936.0,86.88
1619,1579906937.0,86.6
1620,1579906938.0,86.37
1621,1579906939.0,86.13
1622,1579906940.0,85.92
1623,1579906941.0,85.75
1624,1579906942.0,85.57
1625,1579906943.0,85.37
1626,1579906944.0,85.15
1627,1579906945.0,84.92
1628,1579906946.0,84.5
1629,1579906947.0,84.1
1630,1579906948.0,83.73
1631,1579906949.0,83.3
1632,1579906950.0,82.92
1633,1579906951.0,82.58
1634,1579906952.0,82.27
1635,1579906953.0,81.95
1636,1579906954.0,81.65
1637,1579906955.0,81.33
1638,1579906956.0,81.0
1639,1579906957.0,80.68
1640,1579906958.0,80.32
1641,1579906959.0,79.95
1642,1579906960.0,79.55
1643,1579906961.0,79.08
1644,1579906962.0,78.63
1645,1579906963.0,78.2
1646,1579906964.0,77.77
1647,1579906965.0,77.37
1648,1579906966.0,77.0
1649,1579906967.0,76.77
1650,1579906968.0,76.57
1651,1579906969.0,76.38
1652,1579906970.0,76.2
1653,1579906971.0,76.0
1654,1579906972.0,75.82
1655,1579906973.0,75.73
1656,1579906974.0,75.68
1657,1579906975.0,75.62
1658,1579906976.0,75.55
1659,1579906977.0,75.5
1660,1579906978.0,75.48
1661,1579906979.0,75.55
1662,1579906980.0,75.6
1663,1579906981.0,75.68
1664,1579906982.0,75.75
1665,1579906983.0,75.83
1666,1579906984.0,75.97
1667,1579906985.0,76.07
1668,1579906986.0,76.13
1669,1579906987.0,76.22
1670,1579906988.0,76.23
1671,1579906989.0,76.23
1672,1579906990.0,76.23
1673,1579906991.0,76.15
1674,1579906992.0,76.08
1675,1579906993.0,76.0
1676,1579906994.0,75.87
1677,1579906995.0,75.72
1678,1579906996.0,75.58
1679,1579906997.0,75.43
1680,1579906998.0,75.25
1681,1579906999.0,75.08
1682,1579907000.0,74.93
1683,1579907001.0,74.77
1684,1579907002.0,74.62
1685,1579907003.0,74.47
1686,1579907004.0,74.3
1687,1579907005.0,74.15
1688,1579907006.0,74.13
1689,1579907007.0,74.0
1690,1579907008.0,73.88
1691,1579907009.0,73.87
1692,1579907010.0,73.7
1693,1579907011.0,73.55
1694,1579907012.0,73.42
1695,1579907013.0,73.33
1696,1579907014.0,73.22
1697,1579907015.0,73.13
1698,1579907016.0,73.05
1699,1579907017.0,72.95
1700,1579907018.0,73.0
1701,1579907019.0,73.05
1702,1579907020.0,73.1
1703,1579907021.0,73.17
1704,1579907022.0,73.23
1705,1579907023.0,73.32
1706,1579907024.0,73.42
1707,1579907025.0,73.48
1708,1579907026.0,73.55
1709,1579907027.0,73.6
1710,1579907028.0,73.63
1711,1579907029.0,73.68
1712,1579907030.0,73.73
1713,1579907031.0,73.78
1714,1579907032.0,73.82
1715,1579907033.0,73.88
1716,1579907034.0,73.97
1717,1579907035.0,74.07
1718,1579907036.0,74.18
1719,1579907037.0,74.32
1720,1579907038.0,74.45
1721,1579907039.0,74.55
1722,1579907040.0,74.65
1723,1579907041.0,74.73
1724,1579907042.0,74.8
1725,1579907043.0,74.83
1726,1579907044.0,74.83
1727,1579907045.0,74.85
1728,1579907046.0,74.9
1729,1579907047.0,74.97
1730,1579907048.0,75.05
1731,1579907049.0,75.15
1732,1579907050.0,75.23
1733,1579907051.0,75.3
1734,1579907052.0,75.33
1735,1579907053.0,75.37
1736,1579907054.0,75.4
1737,1579907055.0,75.47
1738,1579907056.0,75.6
1739,1579907057.0,75.72
1740,1579907058.0,75.82
1741,1579907059.0,75.93
1742,1579907060.0,76.08
1743,1579907061.0,76.27
1744,1579907062.0,76.42
1745,1579907063.0,76.57
1746,1579907064.0,76.73
1747,1579907065.0,76.9
1748,1579907066.0,77.05
1749,1579907067.0,77.32
1750,1579907068.0,77.57
1751,1579907069.0,77.78
1752,1579907070.0,78.12
1753,1579907071.0,78.45
1754,1579907072.0,78.77
1755,1579907073.0,79.02
1756,1579907074.0,79.3
1757,1579907075.0,79.57
1758,1579907076.0,79.85
1759,1579907077.0,80.13
1760,1579907078.0,80.28
1761,1579907079.0,80.42
1762,1579907080.0,80.55
1763,1579907081.0,80.7
1764,1579907082.0,80.85
1765,1579907083.0,80.97
1766,1579907084.0,81.07
1767,1579907085.0,81.18
1768,1579907086.0,81.25
1769,1579907087.0,81.22
1770,1579907088.0,81.23
1771,1579907089.0,81.25
1772,1579907090.0,81.27
1773,1579907091.0,81.28
1774,1579907092.0,81.33
1775,1579907093.0,81.43
1776,1579907094.0,81.52
1777,1579907095.0,81.57
1778,1579907096.0,81.6
1779,1579907097.0,81.6
1780,1579907098.0,81.6
1781,1579907099.0,81.62
1782,1579907100.0,81.67
1783,1579907101.0,81.73
1784,1579907102.0,81.83
1785,1579907103.0,81.97
1786,1579907104.0,82.1
1787,1579907105.0,82.25
1788,1579907106.0,82.3
1789,1579907107.0,82.32
1790,1579907108.0,82.33
1791,1579907109.0,82.32
1792,1579907110.0,82.3
1793,1579907111.0,82.32
1794,1579907112.0,82.4
1795,1579907113.0,82.5
1796,1579907114.0,82.62
1797,1579907115.0,82.72
1798,1579907116.0,82.78
1799,1579907117.0,82.85
1800,1579907118.0,82.88
1801,1579907119.0,82.88
1802,1579907120.0,82.85
1803,1579907121.0,82.8
1804,1579907122.0,82.75
1805,1579907123.0,82.68
1806,1579907124.0,82.57
1807,1579907125.0,82.45
1808,1579907126.0,82.33
1809,1579907127.0,82.23
1810,1579907128.0,82.13
1811,1579907129.0,82.05
1812,1579907130.0,82.0
1813,1579907131.0,81.98
1814,1579907132.0,82.0
1815,1579907133.0,82.03
1816,1579907134.0,82.03
1817,1579907135.0,82.05
1818,1579907136.0,82.07
1819,1579907137.0,82.08
1820,1579907138.0,82.15
1821,1579907139.0,82.25
1822,1579907140.0,82.35
1823,1579907141.0,82.43
1824,1579907142.0,82.53
1825,1579907143.0,82.65
1826,1579907144.0,82.77
1827,1579907145.0,82.87
1828,1579907146.0,82.98
1829,1579907147.0,83.15
1830,1579907148.0,83.25
1831,1579907149.0,83.32
1832,1579907150.0,83.45
1833,1579907151.0,83.53
1834,1579907152.0,83.43
1835,1579907153.0,83.25
1836,1579907154.0,83.07
1837,1579907155.0,82.9
1838,1579907156.0,82.73
1839,1579907157.0,82.58
1840,1579907158.0,82.43
1841,1579907159.0,82.27
1842,1579907160.0,82.07
1843,1579907161.0,81.85
1844,1579907162.0,81.62
1845,1579907163.0,81.37
1846,1579907164.0,81.15
1847,1579907165.0,80.92
1848,1579907166.0,80.78
1849,1579907167.0,80.68
1850,1579907168.0,80.58
1851,1579907169.0,80.5
1852,1579907170.0,80.43
1853,1579907171.0,80.35
1854,1579907172.0,80.25
1855,1579907173.0,80.13
1856,1579907174.0,80.02
1857,1579907175.0,79.92
1858,1579907176.0,79.8
1859,1579907177.0,79.7
1860,1579907178.0,79.65
1861,1579907179.0,79.62
1862,1579907180.0,79.57
1863,1579907181.0,79.5
1864,1579907182.0,79.45
1865,1579907183.0,79.43
1866,1579907184.0,79.43
1867,1579907185.0,79.42
1868,1579907186.0,79.37
1869,1579907187.0,79.28
1870,1579907188.0,79.23
1871,1579907189.0,79.18
1872,1579907190.0,79.1
1873,1579907191.0,78.97
1874,1579907192.0,78.8
1875,1579907193.0,78.6
1876,1579907194.0,78.45
1877,1579907195.0,78.3
1878,1579907196.0,78.18
1879,1579907197.0,78.1
1880,1579907198.0,77.85
1881,1579907199.0,77.57
1882,1579907200.0,77.25
1883,1579907201.0,77.27
1884,1579907202.0,77.27
1885,1579907203.0,77.27
1886,1579907204.0,77.3
1887,1579907205.0,77.3
1888,1579907206.0,77.33
1889,1579907207.0,77.42
1890,1579907208.0,77.52
1891,1579907209.0,77.63
1892,1579907210.0,77.68
1893,1579907211.0,77.8
1894,1579907212.0,78.0
1895,1579907213.0,78.02
1896,1579907214.0,78.02
1897,1579907215.0,78.0
1898,1579907216.0,77.98
1899,1579907217.0,77.98
1900,1579907218.0,77.97
1901,1579907219.0,78.43
1902,1579907220.0,78.93
1903,1579907221.0,79.47
1904,1579907222.0,80.0
1905,1579907223.0,80.5
1906,1579907224.0,80.98
1907,1579907225.0,81.37
1908,1579907226.0,81.78
1909,1579907227.0,82.22
1910,1579907228.0,82.65
1911,1579907229.0,83.07
1912,1579907230.0,83.48
1913,1579907231.0,83.87
1914,1579907232.0,84.28
1915,1579907233.0,84.68
1916,1579907234.0,85.1
1917,1579907235.0,85.5
1918,1579907236.0,85.88
1919,1579907237.0,86.32
1920,1579907238.0,86.28
1921,1579907239.0,86.25
1922,1579907240.0,86.22
1923,1579907241.0,86.22
1924,1579907242.0,86.15
1925,1579907243.0,86.08
1926,1579907244.0,86.07
1927,1579907245.0,85.95
1928,1579907246.0,85.85
1929,1579907247.0,85.75
1930,1579907248.0,85.57
1931,1579907249.0,85.37
1932,1579907250.0,85.17
1933,1579907251.0,84.97
1934,1579907252.0,84.82
1935,1579907253.0,84.7
1936,1579907254.0,84.52
1937,1579907255.0,84.38
1938,1579907256.0,84.18
1939,1579907257.0,83.95
1940,1579907258.0,83.88
1941,1579907259.0,83.85
1942,1579907260.0,83.87
1943,1579907261.0,83.57
1944,1579907262.0,83.28
1945,1579907263.0,83.0
1946,1579907264.0,82.67
1947,1579907265.0,82.33
1948,1579907266.0,82.0
1949,1579907267.0,81.65
1950,1579907268.0,81.28
1951,1579907269.0,80.92
1952,1579907270.0,80.55
1953,1579907271.0,80.2
1954,1579907272.0,79.97
1955,1579907273.0,79.92
1956,1579907274.0,79.9
1957,1579907275.0,79.9
1958,1579907276.0,79.9
1959,1579907277.0,79.88
1960,1579907278.0,79.88
1961,1579907279.0,79.4
1962,1579907280.0,78.88
1963,1579907281.0,78.37
1964,1579907282.0,77.85
1965,1579907283.0,77.37
1966,1579907284.0,76.9
1967,1579907285.0,76.6
1968,1579907286.0,76.28
1969,1579907287.0,76.02
1970,1579907288.0,75.75
1971,1579907289.0,75.47
1972,1579907290.0,75.18
1973,1579907291.0,74.95
1974,1579907292.0,74.65
1975,1579907293.0,74.37
1976,1579907294.0,74.07
1977,1579907295.0,73.77
1978,1579907296.0,73.47
1979,1579907297.0,73.1
1980,1579907298.0,73.17
1981,1579907299.0,73.2
1982,1579907300.0,73.25
1983,1579907301.0,73.27
1984,1579907302.0,73.32
1985,1579907303.0,73.28
1986,1579907304.0,73.15
1987,1579907305.0,73.22
1988,1579907306.0,73.28
1989,1579907307.0,73.35
1990,1579907308.0,73.4
1991,1579907309.0,73.45
1992,1579907310.0,73.57
1993,1579907311.0,73.67
1994,1579907312.0,73.73
1995,1579907313.0,73.82
1996,1579907314.0,73.9
1997,1579907315.0,73.88
1998,1579907316.0,73.88
1999,1579907317.0,73.88
2000,1579907318.0,73.85
2001,1579907319.0,73.8
2002,1579907320.0,73.75
2003,1579907321.0,73.73
2004,1579907322.0,73.68
2005,1579907323.0,73.63
2006,1579907324.0,73.6
2007,1579907325.0,73.62
2008,1579907326.0,73.62
2009,1579907327.0,73.65
2010,1579907328.0,73.72
2011,1579907329.0,73.8
2012,1579907330.0,73.88
2013,1579907331.0,73.95
2014,1579907332.0,73.97
2015,1579907333.0,73.98
2016,1579907334.0,73.98
2017,1579907335.0,73.97
2018,1579907336.0,73.93
2019,1579907337.0,73.9
2020,1579907338.0,73.85
2021,1579907339.0,73.75
2022,1579907340.0,73.65
2023,1579907341.0,73.55
2024,1579907342.0,73.42
2025,1579907343.0,73.28
2026,1579907344.0,73.12
2027,1579907345.0,72.87
2028,1579907346.0,72.77
2029,1579907347.0,72.58
2030,1579907348.0,72.4
2031,1579907349.0,72.27
2032,1579907350.0,72.15
2033,1579907351.0,72.03
2034,1579907352.0,71.93
2035,1579907353.0,71.95
2036,1579907354.0,71.95
2037,1579907355.0,71.93
2038,1579907356.0,71.93
2039,1579907357.0,71.93
2040,1579907358.0,71.95
2041,1579907359.0,72.0
2042,1579907360.0,72.05
2043,1579907361.0,72.12
2044,1579907362.0,72.2
2045,1579907363.0,72.35
2046,1579907364.0,72.55
2047,1579907365.0,72.65
2048,1579907366.0,72.72
2049,1579907367.0,72.82
2050,1579907368.0,72.98
2051,1579907369.0,73.17
2052,1579907370.0,73.3
2053,1579907371.0,73.45
2054,1579907372.0,73.58
2055,1579907373.0,73.72
2056,1579907374.0,73.88
2057,1579907375.0,74.08
2058,1579907376.0,74.27
2059,1579907377.0,74.45
2060,1579907378.0,74.62
2061,1579907379.0,74.78
2062,1579907380.0,74.93
2063,1579907381.0,75.03
2064,1579907382.0,75.17
2065,1579907383.0,75.32
2066,1579907384.0,75.48
2067,1579907385.0,75.65
2068,1579907386.0,75.85
2069,1579907387.0,76.02
2070,1579907388.0,76.17
2071,1579907389.0,76.32
2072,1579907390.0,76.47
2073,1579907391.0,76.6
2074,1579907392.0,76.75
2075,1579907393.0,76.9
2076,1579907394.0,77.03
2077,1579907395.0,77.2
2078,1579907396.0,77.38
2079,1579907397.0,77.55
2080,1579907398.0,77.7
2081,1579907399.0,77.9
2082,1579907400.0,78.08
2083,1579907401.0,78.22
2084,1579907402.0,78.38
2085,1579907403.0,78.55
2086,1579907404.0,78.72
2087,1579907405.0,78.93
2088,1579907406.0,78.98
2089,1579907407.0,79.05
2090,1579907408.0,79.12
2091,1579907409.0,79.18
2092,1579907410.0,79.23
2093,1579907411.0,79.3
2094,1579907412.0,79.42
2095,1579907413.0,79.45
2096,1579907414.0,79.5
2097,1579907415.0,79.58
2098,1579907416.0,79.68
2099,1579907417.0,79.8
2100,1579907418.0,79.9
2101,1579907419.0,79.97
2102,1579907420.0,80.02
2103,1579907421.0,80.05
2104,1579907422.0,80.08
2105,1579907423.0,80.12
2106,1579907424.0,80.17
2107,1579907425.0,80.22
2108,1579907426.0,80.3
2109,1579907427.0,80.4
2110,1579907428.0,80.52
2111,1579907429.0,80.65
2112,1579907430.0,80.75
2113,1579907431.0,80.85
2114,1579907432.0,80.92
2115,1579907433.0,80.97
2116,1579907434.0,81.0
2117,1579907435.0,81.0
2118,1579907436.0,81.02
2119,1579907437.0,81.02
2120,1579907438.0,81.02
2121,1579907439.0,81.0
2122,1579907440.0,80.98
2123,1579907441.0,80.95
2124,1579907442.0,80.9
2125,1579907443.0,80.83
2126,1579907444.0,80.75
2127,1579907445.0,80.67
2128,1579907446.0,80.57
2129,1579907447.0,80.5
2130,1579907448.0,80.43
2131,1579907449.0,80.37
2132,1579907450.0,80.25
2133,1579907451.0,80.13
2134,1579907452.0,80.02
2135,1579907453.0,79.9
2136,1579907454.0,79.83
2137,1579907455.0,79.75
2138,1579907456.0,79.78
2139,1579907457.0,79.8
2140,1579907458.0,79.82
2141,1579907459.0,79.82
2142,1579907460.0,79.78
2143,1579907461.0,79.75
2144,1579907462.0,79.73
2145,1579907463.0,79.73
2146,1579907464.0,79.77
2147,1579907465.0,79.78
2148,1579907466.0,79.8
2149,1579907467.0,79.85
2150,1579907468.0,79.88
2151,1579907469.0,79.9
2152,1579907470.0,79.9
2153,1579907471.0,79.87
2154,1579907472.0,79.8
2155,1579907473.0,79.72
2156,1579907474.0,79.63
2157,1579907475.0,79.53
2158,1579907476.0,79.43
2159,1579907477.0,79.35
2160,1579907478.0,79.28
2161,1579907479.0,79.27
2162,1579907480.0,79.25
2163,1579907481.0,79.25
2164,1579907482.0,79.28
2165,1579907483.0,79.32
2166,1579907484.0,79.33
2167,1579907485.0,79.35
2168,1579907486.0,79.38
2169,1579907487.0,79.38
2170,1579907488.0,79.4
2171,1579907489.0,79.33
2172,1579907490.0,79.28
2173,1579907491.0,79.23
2174,1579907492.0,79.23
2175,1579907493.0,79.27
2176,1579907494.0,79.32
2177,1579907495.0,79.5
2178,1579907496.0,79.67
2179,1579907497.0,79.87
2180,1579907498.0,80.1
2181,1579907499.0,80.35
2182,1579907500.0,80.6
2183,1579907501.0,80.87
2184,1579907502.0,81.12
2185,1579907503.0,81.28
2186,1579907504.0,81.47
2187,1579907505.0,81.63
2188,1579907506.0,81.8
2189,1579907507.0,81.93
2190,1579907508.0,82.02
2191,1579907509.0,82.07
2192,1579907510.0,82.17
2193,1579907511.0,82.27
2194,1579907512.0,82.38
2195,1579907513.0,82.5
2196,1579907514.0,82.6
2197,1579907515.0,82.68
2198,1579907516.0,82.67
2199,1579907517.0,82.68
2200,1579907518.0,82.72
2201,1579907519.0,82.77
2202,1579907520.0,82.87
2203,1579907521.0,83.1
2204,1579907522.0,83.32
2205,1579907523.0,83.52
2206,1579907524.0,83.7
2207,1579907525.0,83.9
2208,1579907526.0,84.1
2209,1579907527.0,84.27
2210,1579907528.0,84.45
2211,1579907529.0,84.62
2212,1579907530.0,84.78
2213,1579907531.0,84.78
2214,1579907532.0,84.77
2215,1579907533.0,84.72
2216,1579907534.0,84.67
2217,1579907535.0,84.58
2218,1579907536.0,84.48
2219,1579907537.0,84.32
2220,1579907538.0,84.35
2221,1579907539.0,84.35
2222,1579907540.0,84.37
2223,1579907541.0,84.4
2224,1579907542.0,84.42
2225,1579907543.0,84.42
2226,1579907544.0,84.43
2227,1579907545.0,84.43
2228,1579907546.0,84.37
2229,1579907547.0,84.32
2230,1579907548.0,84.23
2231,1579907549.0,84.2
2232,1579907550.0,84.17
2233,1579907551.0,84.17
2234,1579907552.0,84.18
2235,1579907553.0,84.18
2236,1579907554.0,84.17
2237,1579907555.0,84.05
2238,1579907556.0,83.97
2239,1579907557.0,83.87
2240,1579907558.0,83.72
2241,1579907559.0,83.57
2242,1579907560.0,83.4
2243,1579907561.0,83.23
2244,1579907562.0,83.07
2245,1579907563.0,82.88
2246,1579907564.0,82.67
2247,1579907565.0,82.45
2248,1579907566.0,82.23
2249,1579907567.0,82.05
2250,1579907568.0,81.92
2251,1579907569.0,81.8
2252,1579907570.0,81.68
2253,1579907571.0,81.57
2254,1579907572.0,81.42
2255,1579907573.0,81.28
2256,1579907574.0,81.13
2257,1579907575.0,81.02
2258,1579907576.0,80.88
2259,1579907577.0,80.77
2260,1579907578.0,80.67
2261,1579907579.0,80.57
2262,1579907580.0,80.48
2263,1579907581.0,80.3
2264,1579907582.0,80.12
2265,1579907583.0,79.97
2266,1579907584.0,79.82
2267,1579907585.0,79.67
2268,1579907586.0,79.52
2269,1579907587.0,79.38
2270,1579907588.0,79.4
2271,1579907589.0,79.45
2272,1579907590.0,79.52
2273,1579907591.0,79.75
2274,1579907592.0,79.9
2275,1579907593.0,80.17
2276,1579907594.0,80.35
2277,1579907595.0,80.68
2278,1579907596.0,81.03
2279,1579907597.0,81.45
2280,1579907598.0,81.67
2281,1579907599.0,81.9
2282,1579907600.0,82.15
2283,1579907601.0,82.4
2284,1579907602.0,82.67
2285,1579907603.0,82.97
2286,1579907604.0,83.32
2287,1579907605.0,83.68
2288,1579907606.0,84.13
2289,1579907607.0,84.45
2290,1579907608.0,84.75
2291,1579907609.0,85.03
2292,1579907610.0,85.28
2293,1579907611.0,85.38
2294,1579907612.0,85.35
2295,1579907613.0,85.27
2296,1579907614.0,85.25
2297,1579907615.0,85.27
2298,1579907616.0,85.23
2299,1579907617.0,85.17
2300,1579907618.0,85.13
2301,1579907619.0,85.1
2302,1579907620.0,85.07
2303,1579907621.0,85.03
2304,1579907622.0,85.13
2305,1579907623.0,85.38
2306,1579907624.0,85.6
2307,1579907625.0,85.83
2308,1579907626.0,86.1
2309,1579907627.0,86.38
2310,1579907628.0,86.67
2311,1579907629.0,86.95
2312,1579907630.0,87.23
2313,1579907631.0,87.52
2314,1579907632.0,87.85
2315,1579907633.0,88.13
2316,1579907634.0,88.4
2317,1579907635.0,88.65
2318,1579907636.0,88.88
2319,1579907637.0,89.12
2320,1579907638.0,89.33
2321,1579907639.0,89.52
2322,1579907640.0,89.65
2323,1579907641.0,89.7
2324,1579907642.0,89.65
2325,1579907643.0,89.55
2326,1579907644.0,89.47
2327,1579907645.0,89.35
2328,1579907646.0,89.23
2329,1579907647.0,89.1
2330,1579907648.0,88.82
2331,1579907649.0,88.52
2332,1579907650.0,88.2
2333,1579907651.0,87.87
2334,1579907652.0,87.6
2335,1579907653.0,87.22
2336,1579907654.0,86.9
2337,1579907655.0,86.45
2338,1579907656.0,85.98
2339,1579907657.0,85.5
2340,1579907658.0,85.02
2341,1579907659.0,84.52
2342,1579907660.0,84.0
2343,1579907661.0,83.47
2344,1579907662.0,82.92
2345,1579907663.0,82.35
2346,1579907664.0,81.77
2347,1579907665.0,81.18
2348,1579907666.0,80.58
2349,1579907667.0,80.12
2350,1579907668.0,79.67
2351,1579907669.0,79.27
2352,1579907670.0,78.9
2353,1579907671.0,78.65
2354,1579907672.0,78.5
2355,1579907673.0,78.38
2356,1579907674.0,78.2
2357,1579907675.0,77.97
2358,1579907676.0,77.75
2359,1579907677.0,77.57
2360,1579907678.0,77.38
2361,1579907679.0,77.2
2362,1579907680.0,77.03
2363,1579907681.0,76.85
2364,1579907682.0,76.55
2365,1579907683.0,76.2
2366,1579907684.0,75.88
2367,1579907685.0,75.55
2368,1579907686.0,75.18
2369,1579907687.0,74.8
2370,1579907688.0,74.42
2371,1579907689.0,74.03
2372,1579907690.0,73.65
2373,1579907691.0,73.28
2374,1579907692.0,72.88
2375,1579907693.0,72.53
2376,1579907694.0,72.22
2377,1579907695.0,71.92
2378,1579907696.0,71.63
2379,1579907697.0,71.33
2380,1579907698.0,71.03
2381,1579907699.0,70.78
2382,1579907700.0,70.57
2383,1579907701.0,70.42
2384,1579907702.0,70.38
2385,1579907703.0,70.37
2386,1579907704.0,70.33
2387,1579907705.0,70.32
2388,1579907706.0,70.3
2389,1579907707.0,70.3
2390,1579907708.0,70.3
2391,1579907709.0,70.32
2392,1579907710.0,70.37
2393,1579907711.0,70.45
2394,1579907712.0,70.58
2395,1579907713.0,70.78
2396,1579907714.0,71.02
2397,1579907715.0,71.28
2398,1579907716.0,71.55
2399,1579907717.0,71.82
2400,1579907718.0,72.08
2401,1579907719.0,72.37
2402,1579907720.0,72.62
2403,1579907721.0,72.85
2404,1579907722.0,73.05
2405,1579907723.0,73.23
2406,1579907724.0,73.37
2407,1579907725.0,73.48
2408,1579907726.0,73.57
2409,1579907727.0,73.63
2410,1579907728.0,73.68
2411,1579907729.0,73.72
2412,1579907730.0,73.73
2413,1579907731.0,73.75
2414,1579907732.0,73.77
2415,1579907733.0,73.78
2416,1579907734.0,73.82
2417,1579907735.0,73.87
2418,1579907736.0,73.95
2419,1579907737.0,74.03
2420,1579907738.0,74.12
2421,1579907739.0,74.22
2422,1579907740.0,74.32
2423,1579907741.0,74.43
2424,1579907742.0,74.53
2425,1579907743.0,74.63
2426,1579907744.0,74.75
2427,1579907745.0,74.88
2428,1579907746.0,75.02
2429,1579907747.0,75.13
2430,1579907748.0,75.25
2431,1579907749.0,75.37
2432,1579907750.0,75.48
2433,1579907751.0,75.58
2434,1579907752.0,75.7
2435,1579907753.0,75.8
2436,1579907754.0,75.9
2437,1579907755.0,76.0
2438,1579907756.0,76.08
2439,1579907757.0,76.2
2440,1579907758.0,76.33
2441,1579907759.0,76.47
2442,1579907760.0,76.6
2443,1579907761.0,76.73
2444,1579907762.0,76.85
2445,1579907763.0,76.97
2446,1579907764.0,77.07
2447,1579907765.0,77.15
2448,1579907766.0,77.22
2449,1579907767.0,77.25
2450,1579907768.0,77.27
2451,1579907769.0,77.27
2452,1579907770.0,77.25
2453,1579907771.0,77.22
2454,1579907772.0,77.17
2455,1579907773.0,77.07
2456,1579907774.0,76.93
2457,1579907775.0,76.78
2458,1579907776.0,76.63
2459,1579907777.0,76.48
2460,1579907778.0,76.33
2461,1579907779.0,76.17
2462,1579907780.0,76.03
2463,1579907781.0,75.92
2464,1579907782.0,75.83
2465,1579907783.0,75.78
2466,1579907784.0,75.77
2467,1579907785.0,75.75
2468,1579907786.0,75.77
2469,1579907787.0,75.77
2470,1579907788.0,75.8
2471,1579907789.0,75.83
2472,1579907790.0,75.9
2473,1579907791.0,75.97
2474,1579907792.0,76.03
2475,1579907793.0,76.1
2476,1579907794.0,76.18
2477,1579907795.0,76.3
2478,1579907796.0,76.4
2479,1579907797.0,76.5
2480,1579907798.0,76.6
2481,1579907799.0,76.68
2482,1579907800.0,76.77
2483,1579907801.0,76.87
2484,1579907802.0,76.98
2485,1579907803.0,77.1
2486,1579907804.0,77.2
2487,1579907805.0,77.27
2488,1579907806.0,77.32
2489,1579907807.0,77.33
2490,1579907808.0,77.33
2491,1579907809.0,77.3
2492,1579907810.0,77.27
2493,1579907811.0,77.23
2494,1579907812.0,77.18
2495,1579907813.0,77.13
2496,1579907814.0,77.07
2497,1579907815.0,76.98
2498,1579907816.0,76.93
2499,1579907817.0,76.85
2500,1579907818.0,76.77
2501,1579907819.0,76.67
2502,1579907820.0,76.57
2503,1579907821.0,76.48
2504,1579907822.0,76.4
2505,1579907823.0,76.33
2506,1579907824.0,76.28
2507,1579907825.0,76.23
2508,1579907826.0,76.2
2509,1579907827.0,76.18
2510,1579907828.0,76.18
2511,1579907829.0,76.18
2512,1579907830.0,76.18
2513,1579907831.0,76.18
2514,1579907832.0,76.18
2515,1579907833.0,76.18
2516,1579907834.0,76.18
2517,1579907835.0,76.18
2518,1579907836.0,76.17
2519,1579907837.0,76.15
2520,1579907838.0,76.12
2521,1579907839.0,76.1
2522,1579907840.0,76.07
2523,1579907841.0,76.05
2524,1579907842.0,76.03
2525,1579907843.0,76.02
2526,1579907844.0,75.98
2527,1579907845.0,75.97
2528,1579907846.0,75.93
2529,1579907847.0,75.9
2530,1579907848.0,75.85
2531,1579907849.0,75.78
2532,1579907850.0,75.68
2533,1579907851.0,75.6
2534,1579907852.0,75.52
2535,1579907853.0,75.45
2536,1579907854.0,75.38
2537,1579907855.0,75.3
2538,1579907856.0,75.22
2539,1579907857.0,75.13
2540,1579907858.0,75.05
2541,1579907859.0,74.95
2542,1579907860.0,74.87
2543,1579907861.0,74.77
2544,1579907862.0,74.67
2545,1579907863.0,74.57
2546,1579907864.0,74.47
2547,1579907865.0,74.38
2548,1579907866.0,74.3
2549,1579907867.0,74.2
2550,1579907868.0,74.13
2551,1579907869.0,74.1
2552,1579907870.0,74.07
2553,1579907871.0,74.0
2554,1579907872.0,73.93
2555,1579907873.0,73.88
2556,1579907874.0,73.87
2557,1579907875.0,73.87
2558,1579907876.0,73.83
2559,1579907877.0,73.82
2560,1579907878.0,73.8
2561,1579907879.0,73.8
2562,1579907880.0,73.8
2563,1579907881.0,73.77
2564,1579907882.0,73.77
2565,1579907883.0,73.72
2566,1579907884.0,73.67
2567,1579907885.0,73.62
2568,1579907886.0,73.52
2569,1579907887.0,73.4
2570,1579907888.0,73.67
2571,1579907889.0,73.93
2572,1579907890.0,74.18
2573,1579907891.0,74.42
2574,1579907892.0,74.65
2575,1579907893.0,74.87
2576,1579907894.0,75.05
2577,1579907895.0,75.3
2578,1579907896.0,75.55
2579,1579907897.0,75.8
2580,1579907898.0,76.1
2581,1579907899.0,76.38
2582,1579907900.0,76.68
2583,1579907901.0,76.97
2584,1579907902.0,77.28
2585,1579907903.0,77.57
2586,1579907904.0,77.82
2587,1579907905.0,78.05
2588,1579907906.0,78.27
2589,1579907907.0,78.48
2590,1579907908.0,78.7
2591,1579907909.0,78.93
2592,1579907910.0,79.17
2593,1579907911.0,79.37
2594,1579907912.0,79.57
2595,1579907913.0,79.75
2596,1579907914.0,79.97
2597,1579907915.0,80.2
2598,1579907916.0,80.45
2599,1579907917.0,80.65
2600,1579907918.0,80.85
2601,1579907919.0,81.07
2602,1579907920.0,81.15
2603,1579907921.0,81.25
2604,1579907922.0,81.37
2605,1579907923.0,81.47
2606,1579907924.0,81.55
2607,1579907925.0,81.62
2608,1579907926.0,81.7
2609,1579907927.0,81.8
2610,1579907928.0,81.83
2611,1579907929.0,81.9
2612,1579907930.0,81.93
2613,1579907931.0,81.98
2614,1579907932.0,82.05
2615,1579907933.0,82.1
2616,1579907934.0,82.12
2617,1579907935.0,82.08
2618,1579907936.0,82.08
2619,1579907937.0,82.1
2620,1579907938.0,82.12
2621,1579907939.0,82.12
2622,1579907940.0,82.12
2623,1579907941.0,82.13
2624,1579907942.0,82.1
2625,1579907943.0,82.1
2626,1579907944.0,82.07
2627,1579907945.0,82.05
2628,1579907946.0,82.08
2629,1579907947.0,82.13
2630,1579907948.0,81.8
2631,1579907949.0,81.47
2632,1579907950.0,81.17
2633,1579907951.0,80.87
2634,1579907952.0,80.57
2635,1579907953.0,80.27
2636,1579907954.0,80.0
2637,1579907955.0,79.65
2638,1579907956.0,79.3
2639,1579907957.0,78.95
2640,1579907958.0,78.57
2641,1579907959.0,78.2
2642,1579907960.0,77.85
2643,1579907961.0,77.52
2644,1579907962.0,77.15
2645,1579907963.0,76.8
2646,1579907964.0,76.48
2647,1579907965.0,76.18
2648,1579907966.0,75.88
2649,1579907967.0,75.6
2650,1579907968.0,75.32
2651,1579907969.0,75.03
2652,1579907970.0,74.77
2653,1579907971.0,74.53
2654,1579907972.0,74.32
2655,1579907973.0,74.1
2656,1579907974.0,73.83
2657,1579907975.0,73.53
2658,1579907976.0,73.22
2659,1579907977.0,72.95
2660,1579907978.0,72.7
2661,1579907979.0,72.45
2662,1579907980.0,72.33
2663,1579907981.0,72.23
2664,1579907982.0,72.12
2665,1579907983.0,72.03
2666,1579907984.0,71.98
2667,1579907985.0,71.95
2668,1579907986.0,71.92
2669,1579907987.0,71.9
2670,1579907988.0,71.92
2671,1579907989.0,71.85
2672,1579907990.0,71.78
2673,1579907991.0,71.68
2674,1579907992.0,71.57
2675,1579907993.0,71.45
2676,1579907994.0,71.33
2677,1579907995.0,71.25
2678,1579907996.0,71.15
2679,1579907997.0,71.03
2680,1579907998.0,70.9
2681,1579907999.0,70.77
2682,1579908000.0,70.63
2683,1579908001.0,70.48
2684,1579908002.0,70.35
2685,1579908003.0,70.43
2686,1579908004.0,70.58
2687,1579908005.0,70.75
2688,1579908006.0,70.88
2689,1579908007.0,71.02
2690,1579908008.0,71.17
2691,1579908009.0,71.32
2692,1579908010.0,71.4
2693,1579908011.0,71.53
2694,1579908012.0,71.68
2695,1579908013.0,71.82
2696,1579908014.0,71.97
2697,1579908015.0,72.12
2698,1579908016.0,72.28
2699,1579908017.0,72.45
2700,1579908018.0,72.62
2701,1579908019.0,72.78
2702,1579908020.0,72.93
2703,1579908021.0,73.07
2704,1579908022.0,73.18
2705,1579908023.0,73.3
2706,1579908024.0,73.4
2707,1579908025.0,73.48
2708,1579908026.0,73.58
2709,1579908027.0,73.68
2710,1579908028.0,73.78
2711,1579908029.0,73.9
2712,1579908030.0,74.02
2713,1579908031.0,74.13
2714,1579908032.0,74.23
2715,1579908033.0,74.35
2716,1579908034.0,74.48
2717,1579908035.0,74.62
2718,1579908036.0,74.77
2719,1579908037.0,74.93
2720,1579908038.0,75.12
2721,1579908039.0,75.32
2722,1579908040.0,75.53
2723,1579908041.0,75.7
2724,1579908042.0,75.88
2725,1579908043.0,76.08
2726,1579908044.0,76.32
2727,1579908045.0,76.55
2728,1579908046.0,76.8
2729,1579908047.0,77.07
2730,1579908048.0,77.35
2731,1579908049.0,77.68
2732,1579908050.0,78.05
2733,1579908051.0,78.43
2734,1579908052.0,78.83
2735,1579908053.0,79.23
2736,1579908054.0,79.6
2737,1579908055.0,79.95
2738,1579908056.0,80.27
2739,1579908057.0,80.55
2740,1579908058.0,80.82
2741,1579908059.0,81.1
2742,1579908060.0,81.48
2743,1579908061.0,81.88
2744,1579908062.0,82.3
2745,1579908063.0,82.53
2746,1579908064.0,82.68
2747,1579908065.0,82.83
2748,1579908066.0,83.08
2749,1579908067.0,83.35
2750,1579908068.0,83.58
2751,1579908069.0,83.82
2752,1579908070.0,84.13
2753,1579908071.0,84.45
2754,1579908072.0,84.7
2755,1579908073.0,85.03
2756,1579908074.0,85.33
2757,1579908075.0,85.62
2758,1579908076.0,85.85
2759,1579908077.0,86.1
2760,1579908078.0,86.32
2761,1579908079.0,86.5
2762,1579908080.0,86.68
2763,1579908081.0,86.75
2764,1579908082.0,86.87
2765,1579908083.0,86.97
2766,1579908084.0,87.08
2767,1579908085.0,87.25
2768,1579908086.0,87.4
2769,1579908087.0,87.57
2770,1579908088.0,87.75
2771,1579908089.0,87.9
2772,1579908090.0,88.08
2773,1579908091.0,88.27
2774,1579908092.0,88.48
2775,1579908093.0,88.68
2776,1579908094.0,88.87
2777,1579908095.0,89.1
2778,1579908096.0,89.3
2779,1579908097.0,89.47
2780,1579908098.0,89.65
2781,1579908099.0,89.5
