1561330433.000000, 1561330433.000000, 1561330433.000000
32.000000, 32.000000, 32.000000
-23,20,42
-27,18,44
-24,14,48
-27,17,53
-26,17,56
-20,16,61
-19,13,64
-26,13,65
-14,22,96
-9,16,77
-6,16,69
-14,10,50
-22,9,45
-29,7,52
-25,9,60
-18,12,63
-24,11,59
-29,11,64
-26,13,57
-17,10,51
-19,7,51
-16,7,53
-18,6,43
-20,12,65
-21,11,75
-20,6,68
-17,4,57
-19,6,56
-17,7,60
-18,6,67
-22,5,73
-21,6,64
-25,10,44
-25,7,50
-35,7,61
-34,9,66
-10,9,61
-17,9,64
-13,12,66
-19,10,61
-46,14,48
-47,20,25
-50,22,7
-39,17,-28
-39,25,-58
-50,13,-72
-41,7,-63
-28,10,-47
-30,19,-47
-32,24,-51
-38,26,-46
-32,26,-45
-34,27,-48
-35,28,-45
-31,30,-42
-30,30,-40
-31,31,-41
-31,32,-39
-32,34,-39
-35,33,-43
-32,34,-45
-29,33,-45
-32,40,-46
-26,36,-45
-29,36,-47
-27,34,-46
-28,33,-48
-28,32,-47
-31,35,-45
-28,34,-54
-30,37,-43
-25,42,-43
-23,35,-41
-21,37,-44
-25,37,-49
-23,37,-47
-20,38,-43
-15,42,-44
-23,39,-45
-23,36,-45
-25,34,-48
-26,38,-51
-23,37,-50
-22,36,-46
-28,36,-44
-29,36,-43
-30,35,-44
-30,35,-45
-27,37,-47
-29,35,-48
-33,34,-47
-39,35,-45
-41,37,-45
-50,40,-39
-52,36,-33
-52,37,-17
-38,37,6
-38,35,13
-28,36,24
-16,38,35
6,32,51
-6,38,45
-11,25,44
-18,25,50
-23,24,45
-23,27,50
-19,27,53
-26,24,53
-22,25,63
-21,24,65
-23,23,66
-21,18,61
-19,13,60
-21,10,60
-15,7,62
-16,6,71
-11,9,66
-13,8,59
-17,8,60
-16,5,63
-17,7,62
-19,5,61
-20,6,63
-20,8,61
-24,6,63
-23,5,67
-21,7,70
-17,12,60
-14,15,55
-14,17,53
-16,17,52
-23,11,54
-25,9,58
-23,2,60
-21,3,59
-21,13,60
-17,14,59
-20,15,57
-17,15,57
-18,17,59
-20,14,58
-15,12,59
-21,6,60
-22,7,58
-25,7,53
-19,13,54
-16,14,55
-26,11,54
-30,9,59
-39,5,68
-33,7,73
-28,8,84
-23,8,57
-29,7,45
-40,9,41
-10,36,55
-23,26,42
-14,25,38
-15,24,41
-22,21,62
-19,22,63
-26,20,38
-29,19,63
-22,25,67
-3,27,41
-18,16,41
-24,18,83
-30,22,82
-23,26,49
-35,27,39
-49,21,23
-58,19,18
-49,19,5
-48,32,-25
-47,32,-39
-45,28,-54
-40,24,-54
-40,23,-52
-32,25,-48
-31,29,-46
-29,41,-48
-30,41,-44
-32,38,-34
-35,38,-27
-30,41,-36
-21,41,-40
-17,44,-42
-20,42,-47
-23,39,-43
-12,41,-41
-12,44,-44
-14,48,-40
-20,52,-34
-19,42,-40
-19,42,-41
-20,38,-40
-18,38,-41
-22,40,-44
-22,40,-46
-28,42,-49
-18,33,-51
-28,37,-47
-30,34,-48
-27,37,-44
-25,36,-43
-26,38,-46
-29,35,-43
-31,37,-43
-30,36,-46
-29,32,-43
-47,52,-35
-35,1,-61
-19,22,-37
-20,23,-48
-30,37,-53
-34,34,-53
-30,38,-53
-44,29,-44
-33,38,-44
-38,28,-39
-31,32,-32
-35,31,-35
-52,36,-48
-37,31,-43
-37,32,-38
-35,34,-36
-40,30,-34
-43,26,-32
-47,33,-32
-48,31,-30
-49,35,-35
-46,33,-32
-52,30,-37
-49,34,-30
-47,32,-26
-57,29,-28
-46,32,-19
-50,33,-24
-54,30,-20
-56,31,-19
-54,33,-18
-122,119,-62
-12,46,-3
-66,46,-23
-56,41,-23
-72,37,-19
-53,39,-19
-47,38,-17
-50,26,0
-51,27,2
-52,38,-7
-48,31,-9
-50,33,-12
-51,32,-15
-54,32,-16
-53,31,-16
-55,30,-17
-56,30,-23
-57,31,-24
-49,30,-23
-46,31,-26
-51,29,-28
-45,36,-28
-46,24,-28
-47,31,-30
-42,29,-30
-56,32,-34
-51,34,-36
-51,34,-36
-42,27,-29
-44,32,-29
-46,41,-36
-44,33,-30
-43,32,-30
-45,35,-32
-46,34,-31
-46,37,-33
-41,37,-31
-44,38,-33
-38,38,-32
-34,36,-33
-23,29,-30
-79,57,-46
-42,72,-25
-27,19,-41
-29,39,-36
-43,35,-42
-36,40,-32
-39,30,-28
-35,25,-26
-43,50,-33
-46,32,-34
-43,29,-32
-49,40,-33
-43,33,-30
-52,41,-39
-64,39,-48
-46,21,-28
-54,11,-28
-46,77,-52
-26,30,-13
-28,24,-16
-48,26,-27
-41,21,-26
-43,34,-34
-53,23,-38
-51,30,-45
-42,38,-33
-49,40,-38
-28,37,-31
-38,33,-36
-28,42,-41
-38,43,-50
-28,38,-47
-28,40,-39
-28,45,-39
-29,44,-35
-44,39,-37
-35,43,-28
-28,42,-25
-24,47,-26
-24,47,-29
-30,45,-33
-24,48,-33
-18,41,-33
-26,52,-38
-25,49,-37
-20,51,-34
-26,48,-37
-26,47,-38
-26,48,-34
-15,41,-29
-34,51,-40
-24,47,-36
-34,44,-40
-20,47,-36
-23,50,-42
-16,45,-36
-27,42,-41
-29,47,-38
-31,46,-37
-20,46,-29
-25,45,-29
-32,43,-37
-31,41,-34
-34,46,-36
-26,43,-35
-28,47,-37
-30,48,-40
-28,40,-40
-29,60,-37
-30,44,-34
-30,42,-31
-24,47,-32
-29,44,-33
-31,44,-34
-35,44,-36
-33,40,-34
-37,42,-37
-39,41,-37
-29,48,-33
-31,44,-33
-31,43,-32
-31,38,-30
-36,51,-33
-50,47,-38
-44,44,-32
-33,42,-26
-39,44,-31
-38,46,-29
-36,43,-26
-39,45,-25
-38,45,-24
-31,46,-20
-40,47,-26
-28,46,-17
-31,45,-21
-39,47,-36
-33,47,-30
-38,46,-31
-39,45,-29
-38,46,-26
-38,44,-27
-37,45,-28
-37,43,-30
-39,42,-31
-37,42,-28
-36,42,-31
-32,45,-27
-40,46,-33
-39,42,-25
-41,41,-28
-42,42,-27
-39,43,-29
-39,42,-27
-37,44,-27
-40,42,-27
-41,43,-29
-41,43,-28
-37,42,-29
-38,43,-31
-40,44,-36
-37,43,-26
-33,44,-30
-32,45,-29
-41,41,-34
-42,42,-30
-37,42,-30
-32,45,-32
-35,45,-31
-40,42,-32
-41,42,-31
-35,42,-28
-36,42,-32
-36,45,-29
-40,43,-30
-38,43,-31
-33,43,-29
-33,42,-27
-35,42,-34
-40,44,-34
-42,48,-31
-39,36,-38
-33,45,-26
-41,45,-28
-36,46,-25
-40,40,-22
-38,40,-22
-38,55,-24
-46,38,-19
-62,46,-26
-59,52,-19
-58,45,-23
-30,45,0
-60,45,-11
-27,53,-6
8,36,19
-14,35,26
-33,47,37
-33,42,41
-68,35,20
-49,31,22
-17,35,50
-72,35,39
-57,41,59
-23,37,25
-8,27,24
-22,30,44
-18,32,60
-32,32,60
-34,38,43
-30,30,39
-24,30,47
-31,36,48
-35,32,60
1,36,63
-7,26,57
-36,25,51
-31,18,53
-11,31,56
2,27,64
-5,36,51
5,26,52
2,32,53
-9,4,69
3,-12,73
-9,8,67
-7,-8,65
-5,-7,56
11,21,53
14,29,59
2,34,58
10,29,64
22,33,78
-68,1,42
-16,28,66
-14,27,55
-14,25,47
-5,24,55
-7,25,58
-7,25,57
-13,25,56
-25,26,28
-5,17,83
-24,20,82
-12,39,43
25,26,37
-14,24,53
-11,21,67
-10,25,66
-7,24,56
-10,22,61
-8,24,50
-24,18,63
-22,37,61
18,35,36
-29,23,49
-6,22,67
-8,23,64
3,27,48
-6,19,33
-16,17,51
-3,17,67
-8,22,55
-17,20,61
-8,18,61
-13,16,58
-14,12,63
-15,12,76
-29,13,90
-21,18,54
-35,15,48
-28,13,58
-19,12,60
-23,10,55
-20,10,58
-17,11,59
-27,15,58
-30,14,56
-26,14,57
-29,11,55
-26,10,56
-29,13,54
-32,10,53
-32,11,52
-31,10,53
-31,11,54
-33,13,53
-34,11,52
-31,12,53
-33,11,52
-32,11,53
-34,14,53
-35,14,52
-34,13,52
-34,12,52
-34,12,52
-34,12,53
-35,14,51
-33,13,52
-33,12,52
-33,12,52
-32,12,53
-33,12,52
-32,13,53
-33,12,53
-32,12,52
-32,12,52
-32,12,53
-32,12,53
-32,12,53
-32,12,53
-32,12,53
-32,13,53
-33,13,53
-33,12,52
-33,12,52
-32,12,53
-32,12,53
-32,13,53
-33,12,53
-32,12,53
-33,12,53
-33,12,53
-33,12,52
-32,12,53
-34,13,53
-33,12,53
-32,12,53
-32,12,53
-33,13,53
-33,12,53
-33,12,52
-32,12,53
-32,12,53
-33,12,53
-33,12,53
-32,12,53
-33,12,53
-32,12,52
-33,12,53
-32,12,52
-33,12,52
-33,12,53
-34,12,52
-33,12,52
-33,12,52
-33,12,52
-33,12,52
-33,12,52
-33,12,52
-34,12,52
-33,12,52
-33,12,53
-33,12,52
-33,12,52
-34,12,52
-33,12,52
-34,12,52
-34,12,52
-33,12,52
-33,12,52
-33,12,52
-33,12,52
-33,12,52
-33,12,52
-34,12,52
-34,12,52
-33,12,52
-33,12,52
-33,12,52
-34,13,52
-33,12,52
-34,12,52
-33,12,52
-35,13,52
-33,12,52
-33,12,52
-34,12,52
-34,12,52
-34,12,52
-33,12,52
-34,12,52
-34,12,52
-34,12,52
-34,12,52
-34,12,52
-33,12,52
-34,13,52
-34,12,52
-33,12,52
-33,12,52
-34,12,52
-34,12,52
-35,12,52
-34,12,52
-34,12,52
-34,12,52
-34,12,52
-34,12,52
-34,12,52
-34,12,52
-34,12,52
-34,12,52
-34,12,52
-33,12,52
-33,12,52
-35,12,52
-34,12,52
-33,12,52
-34,12,52
-34,12,52
-34,12,52
-35,12,52
-34,12,52
-34,12,52
-34,12,52
-34,12,52
-34,12,52
-34,12,52
-34,12,52
-34,12,52
-34,12,52
-34,12,52
-34,12,51
-34,12,52
-35,12,51
-34,12,52
-34,12,52
-34,12,52
-34,12,52
-34,12,52
-34,12,52
-34,12,52
-34,13,52
-34,13,52
-35,12,51
-34,11,51
-33,11,52
-34,12,52
-35,12,52
-34,12,52
-35,11,51
-35,12,52
-34,12,52
-34,12,52
-33,12,52
-34,12,52
-33,12,53
-33,12,52
-33,12,53
-32,12,53
-32,12,53
-33,12,52
-32,12,53
-31,12,53
-32,12,53
-32,12,53
-31,13,54
-32,13,53
-31,12,53
-31,12,53
-32,13,53
-32,12,53
-32,12,53
-32,12,53
-32,12,53
-32,12,53
-32,12,53
-32,12,53
-32,12,53
-32,12,53
-32,12,53
-33,12,53
-32,12,53
-32,12,53
-32,12,53
-32,12,53
-32,12,53
-32,12,53
-33,12,52
-32,12,53
-32,12,53
-32,12,53
-32,12,53
-32,12,53
-32,12,53
-31,12,53
-32,12,53
-32,12,53
-32,12,53
-32,12,53
-32,12,53
-32,12,53
-32,12,53
-32,12,53
-32,12,53
-32,12,53
-32,12,53
-32,12,53
-32,12,53
-32,12,53
-32,12,53
-32,12,53
-31,12,53
-32,12,53
-32,12,53
-32,12,53
-32,12,53
-32,12,53
-32,12,53
-32,12,53
-32,12,53
-32,12,53
-32,12,53
-33,12,52
-33,12,52
-33,12,52
-33,12,52
-34,12,52
-34,12,52
-34,12,52
-33,12,52
-34,12,52
-33,12,52
-33,12,52
-33,12,52
-33,12,52
-34,12,52
-33,12,52
-34,11,52
-34,12,52
-34,12,52
-34,12,52
-34,12,52
-34,12,52
-34,12,52
-33,12,52
-34,12,52
-34,12,52
-34,12,52
-34,12,52
-34,12,52
-34,12,52
-35,12,52
-34,12,52
-34,12,52
-34,12,52
-34,12,52
-34,12,52
-34,12,52
-34,12,52
-34,12,52
-34,12,52
-34,12,52
-34,12,52
-34,12,52
-34,12,52
-34,11,52
-34,12,52
-34,12,52
-34,12,52
-34,12,52
-34,12,52
-33,12,52
-34,12,52
-34,12,52
-34,12,52
-33,12,52
-34,12,52
-34,12,52
-32,12,53
-33,12,53
-34,12,52
-32,12,53
-32,12,53
-34,12,52
-33,12,53
-33,12,52
-33,12,53
-33,12,53
-33,12,53
-33,12,52
-33,12,52
-32,11,53
-32,12,53
-32,12,53
-33,13,53
-33,12,52
-33,12,52
-33,12,52
-33,12,52
-33,12,53
-33,12,52
-34,12,53
-34,11,52
-33,11,52
-33,11,52
-33,11,52
-33,13,52
-34,12,53
-34,12,52
-34,10,52
-32,11,53
-33,12,53
-34,12,52
-33,12,52
-33,12,52
-33,12,53
-33,12,53
-34,12,52
-33,11,53
-34,11,52
-33,11,53
-33,11,52
-34,12,52
-35,13,52
-34,12,52
-34,12,52
-34,12,52
-34,12,52
-34,11,52
-34,12,52
-35,12,52
-34,12,52
-34,12,52
-34,12,52
-34,12,52
-35,12,52
-35,12,52
-35,11,51
-35,11,52
-35,12,52
-34,12,52
-35,12,52
-35,11,51
-35,12,52
-35,12,52
-35,12,51
-35,12,52
-36,12,51
-41,10,53
-34,14,62
-34,6,79
-61,28,55
-57,34,49
-30,30,51
-26,26,43
-35,37,24
-28,22,-4
-47,20,-9
-53,10,8
-54,13,14
-68,19,-6
-56,21,-5
-58,26,-15
-54,29,-15
-61,26,-13
-59,24,-9
-68,25,-15
-62,23,-15
-69,26,-13
-55,28,-10
-54,28,-9
-56,30,-12
-55,30,-14
-56,30,-13
-62,28,-12
-59,28,-9
-51,26,-7
-57,29,-14
-55,28,-14
-53,30,-10
-53,30,-11
-56,28,-13
-60,29,-11
-56,28,-9
-56,28,-9
-52,31,-7
-53,30,-7
-53,31,-8
-56,30,-9
-56,29,-8
-59,29,-11
-57,30,-10
-58,31,-11
-56,31,-11
-58,31,-11
-55,30,-10
-57,29,-11
-53,30,-9
-57,31,-12
-56,30,-12
-57,29,-12
-55,28,-10
-56,27,-13
-53,27,-11
-53,28,-10
-53,29,-12
-56,29,-14
-56,29,-13
-56,29,-12
-56,29,-13
-56,30,-13
-54,29,-13
-56,29,-13
-56,29,-13
-58,28,-16
-55,27,-14
-56,28,-14
-53,29,-13
-53,29,-14
-54,28,-15
-54,26,-13
-56,27,-6
-50,28,0
-50,28,-8
-69,28,-20
-73,25,-19
-66,23,-14
-62,23,-12
-62,24,-9
-60,21,-6
-65,20,1
-59,19,9
-53,19,12
-41,25,22
-29,25,29
-31,25,41
-34,24,43
-32,25,46
-33,25,48
-32,24,53
-28,23,54
-28,23,54
-29,20,52
-34,16,56
-34,15,64
-26,12,62
-25,10,62
-23,13,58
-24,13,59
-26,12,61
-30,10,54
-29,10,55
-27,12,56
-27,11,56
-28,14,55
-27,12,55
-30,11,55
-30,11,53
-31,10,53
-30,12,54
-29,12,55
-30,13,54
-32,14,54
-32,13,53
-31,13,54
-31,12,54
-31,10,53
-30,10,53
-30,11,54
-31,12,54
-31,13,54
-30,13,54
-30,13,54
-31,13,54
-33,13,53
-32,12,53
-31,12,53
-31,12,54
-31,13,53
-31,13,53
-32,13,53
-32,12,53
-31,12,53
-31,12,54
-31,12,53
-32,12,53
-31,12,53
-31,12,53
-32,12,53
-32,13,53
-31,12,53
-32,12,53
-32,12,53
-32,12,53
-32,12,53
-32,12,53
-32,12,53
-32,12,53
-32,12,53
-32,12,53
-32,12,53
-32,12,53
-32,13,53
-32,12,53
-32,12,53
-32,12,53
-32,12,53
-32,12,53
-32,12,53
-32,12,53
-32,12,53
-32,12,53
-32,12,53
-32,12,53
-32,12,53
-32,12,53
-32,12,53
-32,12,53
-32,12,53
-33,12,53
-32,12,53
-32,12,53
-32,12,53
-32,12,53
-32,12,53
-32,12,53
-32,12,53
-32,12,53
-33,12,53
-32,12,53
-32,12,53
-32,12,53
-32,12,53
-32,12,53
-33,12,53
-33,12,53
-32,12,53
-32,12,53
-32,12,53
-32,12,53
-32,12,53
-32,12,53
-32,12,53
-32,12,53
-32,12,53
-32,12,53
-32,12,53
-32,12,53
-32,12,53
-32,12,53
-32,12,53
-32,12,53
-32,12,53
-32,12,53
-32,12,53
-32,12,52
-32,12,53
-33,12,53
-32,12,52
-32,12,53
-32,13,53
-33,13,52
-33,12,52
-32,12,53
-33,12,53
-32,11,53
-32,11,53
-32,11,53
-32,11,53
-32,12,53
-31,11,54
-31,11,53
-31,11,53
-32,11,53
-32,14,53
-32,14,53
-33,12,53
-32,11,53
-32,11,53
-32,11,53
-32,11,53
-32,12,53
-32,12,53
-32,12,53
-32,12,53
-33,12,53
-32,12,53
-32,12,53
-32,11,53
-32,12,53
-32,12,53
-32,12,53
-32,12,53
-32,12,53
-32,12,53
-32,12,53
-32,12,53
-32,12,53
-32,12,53
-32,12,53
-32,12,53
-32,12,53
-32,12,53
-32,12,53
-32,12,53
-33,12,53
-32,11,53
-32,12,53
-32,12,53
-32,12,53
-32,12,53
-32,12,53
-32,12,53
-32,12,53
-32,12,53
-32,12,53
-32,12,53
-32,12,53
-32,12,53
-32,12,53
-32,12,53
-32,12,53
-32,12,53
-32,12,53
-32,12,53
-32,12,53
-33,12,53
-32,12,53
-32,12,53
-32,12,53
-32,12,53
-32,12,53
-32,12,53
-32,12,53
-32,12,53
-32,11,53
-32,12,53
-32,12,52
-34,12,51
-30,12,53
-31,11,52
-32,10,54
-34,10,54
-35,10,54
-33,12,57
-32,13,56
-31,13,52
-30,13,54
-29,12,54
-33,11,55
-30,11,54
-31,13,55
-33,14,55
-31,15,55
-33,15,53
-32,15,52
-31,14,53
-29,13,53
-27,12,54
-24,12,57
-19,9,58
-23,8,56
-25,7,55
-29,11,54
-30,13,53
-28,13,55
-26,12,56
-27,12,55
-26,15,56
-27,15,55
-30,14,54
-30,13,54
-31,13,54
-30,12,55
-28,12,55
-31,13,54
-30,13,54
-29,13,55
-29,13,55
-29,13,55
-29,12,55
-29,13,55
-30,13,55
-30,13,54
-28,13,55
-29,12,55
-31,13,53
-31,11,53
-30,11,54
-31,12,53
-31,13,53
-32,12,53
-32,13,53
-31,12,53
-31,13,53
-31,12,54
-31,13,53
-32,12,53
-31,12,53
-31,12,53
-32,12,53
-32,13,53
-32,12,53
-31,12,53
-31,13,53
-32,13,53
-32,13,52
-31,14,52
-30,13,53
-32,12,54
-36,8,51
-38,7,48
-38,9,48
-38,11,49
-38,13,51
-37,13,50
-39,12,49
-37,10,48
-36,7,47
-37,7,48
-37,7,50
-52,1,49
-42,-7,47
-46,-8,42
-40,-7,46
-39,-4,49
-32,-2,55
-29,-1,58
-27,2,62
-26,6,59
-25,8,57
-31,11,53
-32,12,54
-39,10,51
-41,4,50
-41,0,49
-42,-4,49
-43,-4,49
-39,-2,53
-42,2,49
-56,1,42
-39,3,56
-30,7,65
-17,1,65
-17,-2,60
-24,-2,54
-26,-3,52
-31,-3,49
-32,-4,54
-29,-4,58
-18,-6,63
-13,-7,66
-13,-8,60
-15,-12,57
-18,-13,51
-25,-17,42
-27,-17,41
-28,-23,48
-27,-25,48
-29,-28,49
-30,-31,53
-29,-31,52
-45,-34,44
-51,-31,39
-38,-34,36
-39,-34,32
-32,-36,32
-22,-43,39
-47,-48,35
-33,-48,39
-32,-51,37
-33,-57,31
-37,-59,27
-40,-67,22
-38,-74,22
-33,-84,20
-26,-81,17
-22,-77,16
-21,-71,11
-21,-68,10
-25,-65,4
-24,-65,4
-26,-63,5
-31,-60,6
-34,-61,9
-25,-57,21
-15,-55,23
-22,-51,14
-27,-49,8
-39,-40,17
-31,-39,12
-32,-35,10
-36,-41,8
-33,-44,6
-20,-51,13
-17,-56,17
-16,-59,20
-24,-66,22
-25,-66,20
-30,-66,11
-32,-64,8
-38,-61,6
-33,-55,8
-29,-52,9
-23,-50,14
-20,-51,16
-16,-58,20
-15,-60,21
-17,-57,19
-19,-52,24
-22,-51,26
-26,-49,27
-26,-51,26
-20,-57,27
-17,-59,28
-15,-61,27
-19,-60,26
-22,-59,25
-27,-56,22
-29,-55,21
-31,-52,22
-31,-51,22
-28,-47,21
-25,-44,23
-25,-44,25
-26,-45,27
-25,-46,27
-25,-67,27
-24,-79,29
-27,-79,28
-25,-65,18
-25,-60,15
-31,-61,16
-33,-60,15
-35,-61,11
-29,-58,12
-25,-57,13
-20,-55,13
-19,-54,13
-18,-53,12
-19,-52,12
-20,-52,11
-23,-50,11
-24,-49,11
-24,-49,12
-24,-52,13
-24,-57,17
-23,-56,19
-18,-65,17
-19,-86,16
-27,-91,19
-35,-69,19
-32,-56,19
-34,-50,17
-32,-53,18
-22,-58,25
-6,-55,23
-16,-51,25
-19,-47,17
-27,-50,18
-25,-54,15
-30,-54,16
-28,-52,20
-29,-49,21
-29,-51,24
-18,-50,19
-23,-52,21
-20,-52,25
-19,-52,21
-21,-51,21
-26,-58,24
-31,-68,27
-32,-70,25
-31,-57,20
-26,-45,12
-25,-44,12
-27,-50,13
-31,-68,13
-30,-74,15
-23,-71,22
-21,-65,22
-21,-54,16
-21,-52,14
-26,-51,12
-27,-53,13
-26,-54,15
-23,-53,16
-21,-54,16
-19,-63,15
-19,-76,12
-22,-84,8
-31,-61,11
-31,-50,16
-37,-38,18
-40,-40,17
-28,-49,18
-11,-59,25
2,-63,32
-9,-59,41
-24,-52,34
-26,-50,28
-32,-48,24
-30,-47,20
-26,-47,17
-23,-48,18
-19,-51,19
-19,-52,19
-23,-55,18
-24,-55,19
-28,-55,21
-31,-54,22
-32,-55,23
-32,-67,27
-29,-72,34
-41,-64,22
-39,-55,18
-27,-47,19
-24,-50,16
-23,-52,17
-26,-57,16
-25,-61,16
-28,-68,15
-29,-70,14
-27,-68,14
-24,-65,13
-24,-63,12
-23,-58,11
-23,-56,11
-22,-55,10
-22,-54,10
-20,-52,11
-20,-49,11
-19,-46,13
-19,-46,14
-18,-48,15
-19,-66,13
-22,-79,13
-25,-68,14
-27,-60,14
-28,-57,15
-41,-56,14
-45,-57,12
-31,-61,17
-19,-61,25
-16,-63,31
-25,-60,20
-26,-60,19
-24,-62,17
-21,-59,18
-18,-57,19
-17,-55,18
-17,-55,18
-19,-53,16
-21,-53,16
-19,-53,19
-20,-53,20
-18,-52,25
-16,-54,28
-18,-54,25
-20,-56,22
-21,-56,22
-22,-57,21
-23,-59,20
-25,-60,21
-29,-56,19
-29,-54,20
-31,-51,17
-30,-52,17
-29,-51,15
-30,-52,13
-29,-50,15
-30,-53,15
-28,-54,17
-30,-57,18
-29,-58,18
-32,-57,17
-32,-58,16
-31,-56,16
-31,-55,14
-30,-54,13
-28,-55,13
-29,-57,13
-30,-58,13
-30,-57,13
-28,-57,14
-26,-57,14
-26,-57,14
-26,-57,14
-27,-58,14
-27,-58,14
-26,-58,14
-26,-57,14
-26,-58,13
-27,-58,13
-26,-58,13
-26,-58,13
-25,-58,13
-25,-58,13
-24,-58,14
-24,-59,14
-24,-59,14
-23,-59,15
-22,-58,15
-22,-59,15
-23,-59,15
-23,-58,16
-22,-57,14
-24,-56,14
-24,-57,15
-25,-56,15
-25,-57,15
-27,-56,19
-31,-56,15
-21,-56,15
-24,-57,18
-28,-57,16
-29,-56,14
-28,-57,17
-27,-55,20
-27,-56,19
-26,-56,20
-27,-56,21
-25,-57,23
-24,-57,24
-27,-57,25
-25,-56,26
-26,-55,26
-26,-54,25
-26,-54,24
-26,-54,25
-27,-54,25
-27,-53,26
-28,-52,25
-28,-51,25
-27,-51,26
-27,-50,26
-27,-51,27
-27,-51,27
-27,-49,27
-26,-49,27
-26,-49,29
-27,-48,30
-25,-48,31
-24,-48,32
-23,-49,32
-24,-48,32
-24,-49,29
-24,-49,29
-24,-49,28
-25,-49,28
-24,-48,28
-24,-48,27
-24,-48,25
-25,-50,23
-25,-52,20
-26,-49,19
-25,-51,18
-23,-55,15
-23,-56,14
-25,-57,13
-25,-58,14
-25,-59,15
-26,-61,14
-29,-61,12
52,-49,127
-27,-108,43
-46,-52,3
-51,-53,15
-16,-60,37
-41,-54,3
-27,-54,9
-14,-57,27
-17,-59,33
-20,-60,31
-26,-59,27
-25,-59,26
-25,-59,23
-28,-58,21
-28,-53,21
-27,-53,19
-26,-53,19
-23,-52,17
-24,-52,13
-25,-53,7
-24,-53,6
-26,-50,4
-20,-52,2
-26,-50,1
-28,-49,4
-24,-52,6
-23,-57,10
-19,-59,14
-15,-77,14
39,-55,127
-1,-124,81
-21,-33,0
-32,-58,8
-34,-55,35
-47,-51,16
-28,-57,-5
-19,-72,5
-17,-63,14
-20,-58,19
-23,-52,14
-28,-49,6
-27,-50,6
-24,-64,1
-27,-67,5
-28,-54,8
-25,-52,7
-22,-50,2
-21,-70,35
-15,-89,99
-15,-55,37
-15,-34,12
-22,-45,20
-45,-50,20
-34,-44,14
-28,-57,5
-24,-46,22
-21,-49,27
-19,-54,29
-26,-55,26
-32,-58,16
-29,-68,14
-28,-74,15
-31,-67,16
-30,-63,13
-25,-56,14
-24,-53,16
-20,-49,18
-20,-55,12
-21,-61,10
-24,-57,9
-27,-59,9
-29,-62,10
-30,-64,9
-27,-63,7
-25,-58,8
-19,-55,9
-21,-54,7
-23,-55,5
-26,-56,4
-27,-56,4
-30,-53,7
-29,-51,8
-28,-56,9
-26,-62,13
-25,-62,15
-20,-66,15
-19,-73,15
4,-60,64
-35,-81,41
-43,-60,7
-30,-42,16
-30,-38,16
-23,-49,9
-20,-49,9
-22,-60,10
-25,-63,11
-25,-62,8
-25,-57,7
-25,-55,7
-27,-53,7
-28,-53,7
-27,-57,8
-26,-57,9
-22,-56,16
-20,-51,35
-23,-54,49
-21,-59,26
-21,-56,20
-24,-62,15
-26,-59,13
-23,-60,12
-23,-54,12
-24,-53,11
-24,-53,10
-24,-54,10
-26,-57,10
-27,-60,11
-29,-61,11
-27,-59,12
-25,-59,11
-22,-59,11
-22,-60,12
-29,-59,17
-38,-54,11
-35,-50,12
-29,-53,13
-27,-56,14
-23,-61,15
-22,-63,15
-24,-63,11
-21,-59,8
-21,-58,6
-26,-57,5
-29,-56,4
-35,-52,3
-34,-51,3
-31,-51,4
-28,-58,8
-27,-61,9
-25,-68,11
-25,-69,12
-24,-69,12
-24,-67,10
-27,-62,7
-31,-59,4
-33,-57,3
-33,-55,2
-32,-55,2
-30,-55,5
-29,-55,6
-29,-60,10
-24,-65,28
-18,-67,40
-28,-84,62
-25,-97,67
-53,-98,80
-63,-100,84
-80,-77,66
-59,-53,38
-56,-45,27
-49,-36,3
-35,-28,0
-23,-12,-6
-7,-4,-9
4,3,-7
4,7,-9
3,8,-9
0,7,-8
-3,8,-6
-5,9,-2
-14,8,7
-14,3,13
-22,-15,26
-30,-30,40
-45,-70,44
-54,-83,32
-51,-110,50
-55,-101,33
-70,-98,32
-40,-72,44
-40,-77,30
-33,-76,41
-19,-79,39
-11,-78,35
-14,-72,34
-14,-71,33
-15,-70,28
-17,-66,23
-18,-68,16
-18,-65,13
-17,-59,8
-17,-52,5
-17,-51,5
-20,-55,3
-23,-54,2
-28,-49,2
-30,-45,2
-29,-45,3
-30,-51,3
-29,-55,4
-30,-65,7
-31,-70,10
-36,-63,14
-37,-61,14
-34,-60,14
-32,-58,13
-30,-60,13
-27,-61,15
-26,-61,17
-21,-61,20
-18,-58,19
-18,-56,19
-19,-57,17
-19,-60,17
-20,-67,18
-22,-68,20
-23,-62,19
-21,-82,12
-23,-83,13
-31,-71,17
-32,-59,19
-30,-50,15
-28,-47,11
-22,-51,8
-13,-48,13
-11,-43,15
-14,-37,11
-17,-35,10
-22,-36,11
-25,-39,12
-27,-44,14
-27,-50,19
-24,-54,22
-18,-61,26
-17,-67,29
-24,-71,25
-33,-68,17
-26,-80,22
-32,-71,24
-31,-67,22
-29,-71,16
-43,-73,10
-39,-68,22
-38,-62,16
-26,-57,11
-21,-55,14
-21,-56,14
-17,-59,13
-16,-58,12
-16,-57,10
-16,-57,10
-18,-53,10
-18,-52,7
-17,-54,6
-18,-56,6
-21,-54,8
-24,-63,9
-25,-68,9
-31,-68,17
-37,-71,29
-34,-72,32
-21,-62,25
-10,-59,20
11,-50,40
-10,-54,21
-25,-46,13
-28,-48,15
-31,-48,12
-31,-51,11
-31,-52,11
-31,-50,12
-30,-52,13
-31,-57,14
-32,-62,18
-30,-60,17
-28,-68,17
-28,-68,20
-33,-75,22
-33,-73,14
-35,-73,12
-45,-68,10
-31,-59,15
-34,-61,10
-25,-59,14
-21,-60,15
-19,-63,13
-13,-62,15
-11,-59,12
-11,-58,12
-14,-50,12
-16,-47,11
-18,-52,7
-18,-57,8
-19,-63,7
-22,-73,6
-26,-72,8
-37,-63,22
-39,-58,29
-29,-53,26
-15,-56,18
-9,-59,17
-9,-61,20
-12,-56,25
-30,-50,16
-32,-50,16
-35,-50,13
-34,-54,14
-32,-55,16
-28,-52,18
-26,-52,19
-25,-56,21
-27,-58,22
-28,-67,20
-30,-76,26
-31,-76,26
-27,-59,18
-26,-62,14
-36,-69,17
-36,-65,14
-24,-68,18
-23,-61,16
-21,-60,15
-25,-60,14
-21,-59,14
-18,-55,12
-15,-53,13
-15,-51,14
-15,-48,15
-14,-50,14
-13,-55,12
-13,-56,13
-16,-59,12
-19,-70,9
-23,-74,11
-35,-71,17
-36,-65,20
-32,-47,20
-29,-49,17
-25,-62,13
-25,-70,19
-25,-70,21
-27,-59,20
-29,-52,18
-31,-45,14
-32,-45,13
-32,-50,16
-29,-55,18
-28,-54,19
-28,-54,21
-28,-54,22
-29,-57,23
-30,-59,24
-26,-60,23
-21,-60,21
-20,-66,24
-25,-72,26
-29,-76,24
-30,-64,19
-31,-58,13
-27,-53,11
-19,-58,15
-26,-64,15
-32,-73,14
-39,-74,9
-25,-69,12
-20,-64,13
-14,-58,13
-16,-61,11
-17,-62,10
-23,-57,9
-24,-52,10
-20,-42,11
-18,-40,11
-14,-44,12
-11,-46,12
-9,-54,10
-17,-74,8
-22,-64,9
-33,-70,5
-33,-65,9
-41,-65,15
-42,-72,10
-36,-78,11
-28,-73,21
-27,-64,24
-23,-55,22
-10,-55,31
-26,-53,16
-29,-57,13
-33,-55,14
-35,-54,18
-34,-52,20
-32,-52,26
-19,-60,34
-11,-68,30
30,-68,15
34,-62,19
26,-60,17
16,-62,12
10,-66,16
-18,-63,17
-28,-58,18
-34,-55,12
-43,-53,0
-29,-56,8
-27,-57,9
-25,-58,11
-24,-56,12
-26,-53,14
-20,-52,27
-19,-56,39
-24,-55,29
-31,-55,18
-32,-55,17
-35,-55,12
-27,-57,14
-24,-56,14
-23,-57,15
-24,-58,15
-27,-59,13
-28,-59,13
-27,-58,14
-27,-58,14
-27,-57,14
-26,-57,14
-25,-58,16
-24,-58,16
-25,-58,15
-24,-58,15
-24,-58,15
-24,-58,14
-24,-58,14
-25,-58,14
-24,-58,14
-24,-58,13
-25,-56,13
-24,-56,13
-25,-56,13
-25,-56,13
-26,-58,14
-26,-59,14
-26,-58,14
-27,-58,14
-27,-57,14
-27,-55,13
-28,-55,13
-28,-56,13
-28,-56,13
-29,-57,13
-29,-58,12
-29,-58,13
-30,-58,12
-30,-58,12
-30,-59,13
-30,-59,13
-29,-59,13
-29,-58,12
-29,-58,12
-26,-60,15
-24,-60,16
-24,-65,15
-24,-66,14
-25,-63,13
-24,-60,10
-24,-59,10
-23,-57,9
-23,-56,9
-21,-53,10
-20,-52,9
-21,-52,9
-22,-52,10
-23,-52,10
-23,-52,10
-24,-52,10
-24,-54,12
-24,-57,15
-23,-57,16
-20,-55,20
-21,-60,17
-29,-79,14
-37,-78,19
-35,-70,17
-23,-54,10
-20,-53,8
-22,-63,10
-27,-65,10
-35,-65,6
-33,-62,9
-31,-59,9
-25,-59,11
-19,-59,13
-17,-64,16
-16,-65,16
-12,-63,18
-9,-55,17
-9,-51,15
-13,-50,11
-15,-50,10
-16,-47,7
-16,-53,4
-14,-67,0
-20,-82,-11
-27,-85,-18
-36,-77,-26
-44,-70,-24
-59,-66,-12
-58,-63,-12
-49,-60,-15
-40,-57,-10
-37,-56,-5
-29,-59,9
-28,-58,15
-31,-58,22
-34,-57,24
-35,-57,30
-29,-61,30
-26,-66,31
-17,-68,32
-22,-64,-14
30,-70,-14
29,-60,19
18,-69,12
21,-68,26
-9,-78,-3
-62,-67,-14
-80,-69,-18
-51,-84,-6
-41,-75,2
-26,-63,2
-24,-70,-6
-32,-70,-10
-37,-72,-14
-35,-71,-13
-22,-64,-4
-20,-64,-5
-18,-63,-5
-18,-59,-3
-19,-58,-2
-22,-58,3
-20,-57,3
-24,-52,3
-22,-51,7
-20,-52,10
-19,-56,13
-18,-56,14
-17,-59,20
-16,-68,19
-22,-83,20
-29,-78,32
-28,-71,36
-21,-61,27
-8,-57,22
-13,-59,32
-21,-62,16
-31,-57,9
-30,-50,8
-30,-47,6
-30,-42,3
-31,-43,3
-30,-47,8
-29,-50,10
-29,-53,12
-27,-57,15
-28,-61,17
-29,-67,21
-28,-66,21
-28,-74,19
-29,-73,22
-31,-74,25
-19,-62,24
-29,-63,13
-18,-67,22
-15,-66,27
-22,-70,16
-16,-63,22
-24,-59,12
-21,-56,9
-18,-54,10
-16,-55,9
-15,-54,8
-17,-52,6
-20,-49,5
-21,-48,4
-21,-51,3
-21,-56,3
-23,-60,8
-23,-70,8
-24,-88,8
-27,-83,12
-36,-65,23
-31,-55,27
-27,-56,22
-18,-61,13
-12,-64,14
-13,-58,25
-29,-52,16
-29,-49,16
-33,-49,14
-34,-50,13
-30,-54,16
-28,-55,17
-22,-52,19
-21,-51,18
-23,-55,18
-26,-62,20
-25,-62,19
-22,-56,14
-25,-68,13
-34,-75,18
-34,-62,11
-32,-70,6
-33,-74,9
-36,-76,11
-34,-74,11
-31,-70,10
-23,-64,13
-17,-62,15
-14,-62,16
-11,-58,15
-10,-56,13
-11,-49,11
-13,-44,12
-16,-38,11
-17,-37,9
-17,-40,10
-19,-45,14
-18,-55,13
-22,-82,13
-27,-95,17
-43,-97,31
-38,-77,28
-35,-72,20
-19,-64,18
-12,-66,18
-13,-62,14
-14,-60,14
-25,-50,11
-36,-44,6
-36,-42,5
-31,-42,5
-28,-43,7
-29,-49,8
-29,-52,10
-30,-54,12
-29,-61,15
-28,-65,17
-23,-63,20
-20,-58,20
-19,-65,19
-16,-75,44
-26,-74,37
-26,-63,25
-24,-67,20
-26,-72,21
-24,-72,24
-32,-65,14
-22,-58,11
-22,-56,11
-13,-52,15
-13,-50,13
-14,-47,10
-16,-46,9
-19,-44,9
-21,-43,7
-20,-45,6
-20,-52,7
-21,-55,7
-24,-68,8
-24,-80,8
-30,-88,10
-41,-78,17
-40,-68,22
-30,-53,21
-24,-56,18
-15,-66,17
-9,-61,22
-4,-59,29
-19,-48,26
-22,-47,24
-26,-45,20
-26,-45,17
-26,-47,12
-24,-48,13
-22,-49,15
-19,-54,21
-24,-57,22
-23,-56,20
-20,-62,18
-17,-89,16
-18,-81,11
-23,-72,6
-27,-57,5
-29,-53,7
-30,-55,5
-29,-57,4
-25,-58,7
-25,-59,11
-23,-60,12
-18,-59,11
-16,-57,10
-16,-56,8
-19,-55,9
-23,-55,8
-25,-55,7
-24,-57,7
-22,-69,6
-22,-75,6
-24,-73,1
-22,-67,1
-24,-57,4
-25,-61,9
-26,-63,9
-22,-66,13
-21,-63,13
-19,-56,12
-17,-57,13
-8,-58,16
-12,-60,15
-16,-61,14
-23,-63,12
-26,-61,11
-26,-60,12
-24,-57,13
-20,-52,14
-19,-50,16
-19,-51,17
-21,-52,19
-21,-52,20
-17,-52,25
-28,-54,21
-25,-55,26
-26,-58,24
-33,-59,18
-28,-60,18
-26,-59,16
-23,-59,13
-23,-58,13
-25,-58,13
-27,-58,11
-27,-58,11
-27,-59,11
-26,-59,11
-25,-58,12
-25,-58,12
-25,-57,13
-25,-58,13
-24,-58,14
-25,-58,15
-23,-58,17
-19,-58,22
-21,-59,20
-23,-59,19
-24,-59,15
-23,-59,13
-23,-59,13
-25,-58,13
-26,-55,13
-26,-56,14
-24,-57,14
-23,-58,15
-23,-59,15
-25,-60,14
-25,-60,14
-23,-60,12
-21,-58,11
-21,-58,10
-23,-57,10
-25,-56,11
-25,-54,13
-24,-54,16
-21,-57,19
-25,-60,19
-26,-60,18
-27,-59,15
-26,-60,14
-23,-58,13
-23,-58,12
-22,-57,10
-24,-57,10
-25,-57,11
-25,-56,12
-26,-57,12
-25,-58,15
-25,-59,15
-26,-59,15
-25,-59,15
-25,-59,15
-24,-57,15
-23,-57,14
-24,-57,13
-24,-58,13
-24,-58,14
-24,-58,13
-25,-58,14
-24,-58,14
-24,-57,14
-24,-57,13
-24,-57,12
-24,-57,13
-24,-56,12
-24,-57,12
-25,-57,11
-25,-57,10
-25,-55,10
-25,-55,9
-26,-56,9
-27,-56,9
-28,-57,9
-28,-59,10
-28,-58,10
-27,-59,8
-27,-59,8
-28,-60,7
-30,-62,7
-30,-63,6
-28,-66,5
-27,-68,5
-26,-66,4
-26,-64,3
-26,-63,2
-27,-62,0
-28,-61,-1
-27,-58,0
-27,-57,0
-26,-54,1
-26,-52,2
-26,-52,3
-25,-53,4
-25,-54,5
-25,-58,6
-25,-58,7
-24,-59,8
-25,-60,9
-25,-62,9
-25,-66,11
-24,-61,12
-21,-56,11
-21,-54,11
-29,-57,15
-36,-61,19
-33,-60,22
-23,-57,35
-21,-55,39
-30,-52,32
-30,-47,29
-31,-49,27
-32,-53,21
-30,-53,18
-19,-55,21
-19,-55,21
-22,-53,18
-25,-53,16
-28,-54,13
-29,-55,13
-29,-56,13
-27,-58,14
-25,-60,15
-22,-62,16
-22,-63,16
-25,-69,17
-27,-70,18
-27,-70,18
-24,-73,17
-23,-73,17
-22,-61,17
-22,-56,13
-22,-57,12
-23,-58,13
-23,-58,14
-21,-56,13
-19,-56,13
-17,-56,14
-15,-56,13
-17,-57,11
-19,-55,10
-20,-53,8
-22,-48,7
-23,-46,7
-25,-48,8
-25,-53,10
-25,-56,11
-25,-63,15
-25,-66,17
-25,-70,18
-25,-79,18
-27,-87,20
-30,-75,19
-32,-70,18
-37,-60,18
-37,-53,19
-29,-46,19
-24,-48,18
-20,-54,18
-20,-60,19
-22,-58,18
-22,-49,17
-21,-46,17
-22,-44,18
-23,-43,20
-21,-45,22
-17,-44,24
-15,-45,25
-14,-49,25
-15,-52,26
-19,-54,26
-20,-55,25
-21,-56,24
-23,-59,22
-23,-61,21
-25,-60,20
-27,-67,19
-34,-76,21
-40,-82,20
-38,-71,20
-29,-55,15
-25,-52,15
-27,-57,14
-28,-60,14
-30,-61,14
-25,-67,15
-22,-69,15
-20,-69,13
-20,-67,13
-21,-66,12
-21,-63,11
-21,-55,10
-22,-47,9
-21,-46,9
-18,-55,10
-18,-64,9
-19,-52,10
-24,-55,8
-26,-53,9
-38,-53,11
-43,-52,6
-31,-49,5
-23,-48,6
-12,-47,9
-12,-50,11
-26,-65,14
-57,-64,12
-69,-69,0
-55,-81,-10
-60,-81,-16
-61,-76,-12
-69,-71,-14
-103,-64,-21
-108,-71,-20
-101,-70,-12
-94,-66,-7
-89,-65,-4
-73,-56,4
-69,-53,8
-44,-39,14
-30,-23,14
-30,-19,12
-14,-12,10
-11,-8,9
-14,1,8
-16,4,8
-21,8,10
-28,9,11
-31,10,12
-57,4,21
-72,1,25
-78,-10,32
-85,-22,39
-81,-18,47
-46,-10,64
-40,-11,61
-40,-9,55
-43,-7,55
-47,-6,54
-47,-5,51
-50,-4,51
-53,-8,55
-52,-8,56
-48,-11,57
-46,-12,57
-44,-16,58
-53,-20,60
-56,-22,62
-49,-24,60
-46,-21,56
-41,-14,47
-41,-11,43
-46,-8,42
-49,-10,45
-48,-11,46
-41,-12,42
-38,-11,38
-34,-9,33
-33,-7,33
-32,-5,31
-34,-4,29
-35,-3,30
-36,-2,34
-38,-2,37
-42,-5,45
-43,-6,48
-43,-7,51
-45,-12,55
-45,-13,59
-47,-16,66
-44,-18,69
-36,-19,70
-31,-19,69
-29,-17,59
-34,-16,49
-36,-16,47
-37,-16,46
-36,-16,46
-35,-16,47
-35,-17,48
-36,-18,49
-35,-19,48
-35,-18,46
-37,-15,42
-39,-13,42
-41,-12,44
-42,-15,48
-42,-17,49
-38,-18,48
-37,-17,47
-37,-16,47
-37,-16,47
-36,-14,47
-36,-13,46
-35,-13,46
-36,-13,46
-36,-12,46
-38,-11,46
-39,-12,47
-41,-14,50
-39,-15,51
-38,-15,51
-35,-14,49
-36,-13,48
-40,-10,48
-43,-11,49
-42,-13,51
-40,-15,52
-38,-15,52
-37,-15,50
-37,-15,49
-38,-13,47
-39,-13,47
-39,-13,48
-39,-15,48
-39,-15,48
-40,-15,48
-40,-14,47
-40,-14,47
-40,-14,47
-39,-14,47
-39,-14,47
-39,-14,46
-40,-14,46
-40,-14,46
-38,-14,46
-39,-14,47
-39,-14,47
-40,-14,48
-40,-15,48
-39,-15,48
-39,-15,48
-39,-16,48
-39,-16,48
-39,-16,48
-38,-16,48
-37,-17,47
-38,-17,47
-38,-16,47
-38,-16,46
-39,-16,47
-39,-17,47
-39,-18,48
-38,-18,48
-38,-19,47
-39,-19,47
-39,-19,48
-38,-20,47
-37,-19,46
-38,-19,46
-38,-19,46
-38,-19,44
-38,-18,44
-36,-18,44
-33,-18,42
-31,-18,41
-32,-20,39
-35,-21,38
-34,-24,38
-34,-25,36
-37,-31,37
-38,-36,35
-40,-38,33
-39,-40,29
-39,-41,27
-38,-44,24
-39,-45,23
-39,-47,19
-37,-50,17
-36,-53,16
-37,-57,13
-38,-60,11
-40,-63,9
-39,-63,9
-37,-65,10
-35,-63,10
-34,-63,10
-32,-62,10
-31,-61,10
-29,-59,10
-29,-58,9
-29,-57,8
-30,-59,7
-30,-59,7
-30,-59,6
-29,-59,6
-29,-59,5
-29,-60,5
-29,-59,5
-28,-57,5
-28,-56,5
-28,-53,6
-28,-52,7
-28,-51,7
-27,-53,8
-28,-56,9
-28,-59,10
-28,-59,10
-26,-62,9
-26,-64,9
-27,-62,7
-30,-61,4
-31,-60,3
-34,-55,1
-35,-55,1
-33,-55,1
-30,-58,2
-26,-60,3
-25,-61,4
-25,-61,4
-26,-58,4
-26,-57,4
-27,-58,4
-27,-58,5
-26,-60,7
-26,-61,9
-25,-60,11
-23,-58,15
-21,-56,16
-19,-55,17
-18,-56,18
-20,-57,21
-24,-57,20
-25,-58,21
-26,-57,23
-26,-57,23
-26,-58,24
-24,-58,24
-29,-60,22
-33,-59,24
-40,-56,21
-30,-52,15
-30,-50,10
-28,-54,11
-26,-54,13
-24,-58,10
-23,-60,10
-23,-58,10
-24,-56,9
-25,-57,10
-25,-57,10
-26,-59,10
-27,-61,10
-27,-61,9
-26,-59,9
-26,-57,10
-26,-56,11
-23,-58,13
-23,-58,14
-24,-58,16
-26,-58,15
-27,-57,12
-26,-58,9
-27,-57,9
-27,-58,8
-26,-58,7
-26,-58,7
-26,-58,7
-26,-58,7
-27,-59,7
-26,-58,7
-27,-57,7
-27,-58,7
-27,-58,7
-27,-58,8
-27,-57,8
-28,-58,8
-27,-57,9
-27,-57,9
-27,-57,9
-28,-57,9
-28,-58,10
-28,-58,10
-27,-59,9
-27,-59,8
-27,-58,8
-27,-59,8
-27,-59,7
-26,-59,7
-27,-59,7
-26,-58,6
-27,-58,6
-26,-57,6
-27,-57,6
-27,-58,6
-27,-58,7
-27,-58,7
-30,-59,7
-30,-59,6
-37,-61,7
-43,-62,5
-45,-63,7
-38,-60,12
-40,-58,13
-39,-54,11
-40,-51,11
-46,-48,11
-48,-47,10
-49,-47,10
-47,-47,16
-48,-46,16
-50,-41,18
-52,-37,18
-54,-35,19
-52,-30,20
-52,-27,19
-52,-24,20
-50,-21,21
-52,-17,21
-53,-14,21
-54,-12,21
-53,-11,23
-55,-10,24
-57,-7,23
-58,-6,23
-60,-4,23
-58,-1,25
-57,-1,25
-54,2,25
-51,4,26
-52,5,25
-53,5,24
-55,6,24
-58,9,24
-61,11,23
-71,16,22
-65,16,26
-55,18,36
-47,16,39
-38,14,44
-38,11,45
-40,11,44
-47,10,40
-45,9,38
-43,8,39
-39,9,41
-35,12,47
-40,14,44
-41,13,43
-41,15,43
-41,13,45
-42,17,44
-45,15,44
-46,16,43
-42,14,43
-39,14,42
-43,15,43
-42,14,43
-48,17,42
-48,17,41
-47,15,43
-44,13,44
-43,12,44
-43,12,45
-43,10,43
-47,11,41
-47,12,42
-45,14,43
-49,14,42
-50,13,41
-50,14,40
-49,15,40
-52,13,37
-51,16,35
-51,16,36
-51,16,36
-51,16,35
-51,16,34
-50,15,34
-49,14,35
-50,15,37
-50,14,37
-52,13,35
-52,13,37
-46,12,42
-46,12,44
-47,13,43
-42,13,46
-43,13,46
-43,12,46
-43,11,45
-42,9,47
-39,8,51
-39,9,52
-38,11,48
-41,12,48
-38,12,49
-39,13,47
-35,13,49
-34,14,49
-34,13,49
-35,13,52
-33,12,53
-36,13,52
-33,12,52
-35,13,50
-34,13,52
-36,12,52
-35,13,53
-37,15,50
-33,14,52
-35,15,50
-37,14,51
-37,14,50
-38,14,50
-36,14,50
-36,13,50
-37,16,49
-36,14,51
-42,14,39
-34,14,48
-35,16,49
-41,14,39
-40,15,37
-53,17,21
-57,16,16
-59,16,18
-67,11,16
-62,14,16
-61,10,8
-66,11,8
-75,13,8
-66,12,2
-59,12,4
-57,11,-2
-65,12,-7
-68,12,-8
-69,13,-5
-66,13,-2
-63,12,-3
-61,13,-5
-62,15,-9
-62,14,-5
-62,15,-5
-62,15,-4
-63,15,1
-63,15,3
-62,14,6
-61,13,7
-61,13,8
-62,14,9
-62,14,10
-63,16,14
-60,16,16
-59,18,19
-56,17,21
-60,16,19
-59,18,21
-57,17,22
-60,17,19
-60,17,24
-62,18,23
-56,18,24
-53,18,26
-48,20,27
-45,21,27
-47,22,28
-52,20,30
-55,20,31
-54,20,33
-57,21,30
-55,19,33
-55,20,33
-52,21,32
-50,22,34
-46,22,35
-47,20,32
-46,18,36
-48,17,38
-47,19,39
-46,22,36
-44,22,36
-45,21,36
-46,21,34
-49,21,32
-49,18,33
-49,19,34
-54,19,36
-53,20,33
-57,22,33
-52,19,31
-56,19,26
-59,18,21
-57,16,19
-59,18,16
-55,19,16
-56,18,16
-54,19,17
-56,18,18
-61,17,19
-67,16,14
-64,17,23
-55,18,26
-54,18,25
-55,17,22
-60,17,22
-54,15,27
-56,15,24
-58,17,18
-64,17,17
-66,17,18
-66,18,13
-63,19,12
-49,18,20
-48,19,11
-53,20,12
-57,20,15
-61,19,17
-65,17,15
-61,18,11
-64,18,11
-63,20,15
-57,20,18
-55,20,16
-57,18,12
-56,17,23
-53,16,29
-42,17,34
-51,18,32
-50,16,36
-48,18,37
-49,18,36
-52,18,34
-50,19,33
-56,19,32
-70,18,21
-65,19,23
-64,18,17
-70,20,13
-41,18,30
-44,17,32
-56,20,19
-55,20,17
-54,18,16
-64,17,8
-60,17,5
-65,19,-1
-66,20,0
-65,20,-7
-65,20,-13
-67,19,-10
-60,19,-8
-55,19,-4
-54,18,0
-56,19,-2
-61,19,-1
-61,19,-4
-62,21,-5
-61,21,-4
-61,20,-1
-62,20,-3
-59,21,-3
-57,19,0
-60,18,1
-60,18,1
-56,21,-1
-53,19,-2
-63,20,-6
-60,21,-6
-61,23,-5
-61,20,-1
-62,21,-5
-61,21,-12
-61,20,-13
-60,18,-13
-58,17,-12
-59,17,-12
-62,16,-10
-59,17,-11
-60,18,-16
-58,17,-18
-63,16,-20
-59,16,-16
-58,14,-17
-58,14,-21
-57,16,-21
-57,17,-24
-53,16,-29
-61,15,-27
-57,16,-21
-55,16,-22
-58,17,-27
-56,17,-29
-54,16,-32
-53,16,-31
-54,16,-31
-55,17,-30
-54,18,-30
-53,19,-31
-54,19,-33
-50,19,-32
-52,18,-34
-48,18,-32
-50,19,-33
-51,19,-34
-49,20,-31
-50,20,-30
-49,20,-34
-49,20,-35
-50,22,-36
-51,22,-41
-53,20,-37
-49,21,-35
-48,22,-35
-47,20,-31
-48,19,-28
-49,19,-28
-52,17,-31
-53,18,-34
-55,19,-39
-61,25,-44
-54,23,-30
-56,23,-33
-53,20,-29
-57,19,-29
-52,19,-27
-58,17,-24
-60,14,-19
-62,13,-11
-52,9,-2
-55,9,-8
-53,14,-9
-52,16,-11
-59,21,-30
-57,18,-28
-55,10,-18
-52,11,-25
-54,12,-29
-53,15,-30
-53,16,-28
-53,14,-25
-52,16,-29
-56,21,-33
-55,18,-29
-59,19,-34
-59,22,-33
-63,20,-29
-66,17,-25
-69,16,-34
-67,13,-38
-43,15,-28
-36,18,-27
-34,25,-22
-36,24,-18
-41,26,-23
-52,31,-31
-65,28,-49
-57,20,-37
-56,16,-31
-49,14,-22
-41,14,-18
-43,12,-9
-46,7,-7
-47,8,1
-54,8,3
-52,6,7
-48,0,4
-47,-3,-2
-41,-11,-4
-36,-26,6
-30,-34,16
-22,-61,27
-19,-77,28
-22,-107,21
-31,-128,15
-65,-128,-3
-58,-81,-10
-50,-48,-2
-35,-49,9
-38,-48,1
-44,-55,-8
-47,-58,-6
-41,-57,3
-27,-45,10
-22,-43,13
-26,-44,11
-29,-48,10
-32,-58,13
-32,-62,14
-27,-65,15
-24,-65,16
-23,-66,17
-22,-67,17
-21,-66,18
-16,-64,19
-15,-62,20
-16,-54,18
-18,-57,15
-20,-59,16
-26,-57,18
-29,-56,16
-30,-51,12
-29,-49,11
-30,-53,9
-31,-58,10
-32,-61,10
-34,-63,10
-33,-62,10
-30,-58,10
-27,-56,10
-23,-56,10
-25,-55,10
-26,-54,10
-28,-56,8
-28,-57,8
-28,-57,8
-27,-57,8
-25,-66,9
-24,-75,12
-25,-75,12
-26,-90,12
-26,-91,14
-29,-59,21
-27,-37,22
-27,-37,21
-22,-46,19
-19,-52,18
-13,-60,18
-11,-59,21
-26,-52,14
-29,-41,6
-29,-40,2
-30,-41,0
-30,-44,1
-30,-48,3
-29,-51,4
-31,-54,7
-31,-59,13
-33,-64,14
-36,-69,21
-31,-68,24
-32,-79,16
-41,-74,10
-49,-72,6
-34,-59,6
-35,-55,-1
-24,-57,4
-28,-56,3
-28,-54,4
-30,-51,4
-32,-50,2
-26,-50,3
-24,-51,4
-20,-52,6
-19,-52,7
-21,-51,7
-23,-52,6
-26,-61,4
-25,-67,5
-25,-71,4
-27,-72,6
-27,-82,4
-30,-84,3
-34,-59,8
-35,-53,13
-37,-50,19
-36,-53,19
-23,-56,18
-15,-58,20
-4,-51,22
-1,-47,23
-10,-42,21
-20,-45,16
-27,-47,13
-31,-48,14
-28,-50,13
-27,-53,13
-24,-51,14
-23,-51,14
-23,-58,14
-25,-62,15
-29,-60,15
-31,-69,12
-36,-79,16
-40,-63,19
-39,-58,14
-36,-72,11
-36,-72,16
-28,-68,17
-27,-64,17
-30,-59,15
-22,-60,16
-20,-59,15
-17,-58,12
-15,-58,12
-17,-57,9
-18,-56,9
-20,-53,8
-20,-56,5
-20,-58,4
-22,-57,7
-23,-60,8
-23,-70,8
-25,-68,12
-30,-55,20
-28,-55,27
-26,-60,29
-19,-64,24
-14,-65,21
-10,-60,23
-11,-52,25
-26,-48,14
-32,-47,11
-35,-49,10
-35,-51,11
-31,-53,13
-28,-52,16
-30,-56,17
-34,-61,19
-39,-61,22
-37,-60,21
-32,-79,22
-32,-79,26
-32,-71,25
-28,-55,16
-29,-58,14
-31,-64,16
-32,-64,16
-31,-65,16
-28,-64,15
-20,-63,14
-16,-61,14
-15,-58,13
-16,-54,9
-17,-53,8
-20,-49,6
-22,-46,6
-21,-47,5
-20,-52,5
-21,-52,6
-24,-56,7
-24,-63,8
-29,-70,14
-34,-69,19
-36,-58,29
-30,-58,28
-28,-60,28
-19,-64,27
-18,-65,26
-25,-60,26
-26,-55,26
-31,-50,21
-33,-51,20
-33,-50,20
-32,-51,19
-30,-51,18
-27,-51,19
-25,-52,19
-24,-56,20
-24,-61,20
-24,-61,19
-23,-58,15
-24,-63,14
-30,-70,16
-34,-72,18
-32,-59,14
-28,-52,12
-27,-51,13
-29,-52,12
-29,-57,11
-29,-60,12
-28,-66,14
-26,-66,13
-21,-61,11
-18,-59,10
-19,-58,10
-21,-56,8
-26,-55,5
-30,-55,7
-30,-54,9
-27,-56,9
-25,-58,11
-23,-58,16
-24,-62,17
-27,-72,20
-34,-61,27
-36,-56,30
-33,-50,31
-29,-48,29
-25,-51,26
-22,-52,27
-10,-57,43
-32,-55,45
-43,-52,35
-47,-42,19
-35,-45,21
-37,-41,12
-41,-42,9
-12,-39,32
-8,-44,28
-14,-45,28
-11,-49,22
-59,-43,-13
-47,-59,-1
-50,-52,-2
-49,-45,9
-28,-43,17
-31,-42,8
-29,-52,15
-38,-54,10
-46,-59,7
-43,-61,10
-47,-54,-5
-29,-51,1
-22,-55,9
-27,-50,7
-38,-52,3
-43,-55,12
-43,-57,15
-39,-55,13
-37,-52,7
-33,-52,7
-41,-53,7
-41,-53,10
-40,-55,11
-42,-54,10
-44,-56,12
-35,-56,18
-37,-53,16
-34,-47,18
-35,-45,18
-34,-43,22
-36,-44,23
-38,-45,21
-40,-47,17
-35,-48,19
-32,-48,18
-34,-48,14
-32,-48,12
-31,-51,16
-34,-51,15
-38,-54,16
-40,-54,16
-39,-55,17
-38,-55,17
-37,-52,14
-41,-51,12
-35,-51,15
-31,-54,15
-31,-53,14
-34,-51,11
-37,-52,11
-39,-52,12
-36,-52,12
-34,-52,13
-34,-53,12
-34,-53,12
-32,-53,13
-33,-54,13
-34,-54,13
-35,-54,13
-35,-54,13
-34,-53,12
-34,-53,12
-34,-53,11
-35,-53,12
-35,-53,12
-34,-53,12
-33,-53,13
-35,-53,13
-35,-53,13
-34,-53,13
-35,-53,11
-34,-52,12
-34,-53,12
-33,-53,12
-34,-53,12
-34,-53,12
-34,-53,13
-35,-53,12
-34,-53,12
-34,-53,12
-34,-53,12
-35,-53,12
-34,-54,12
-33,-53,12
-33,-53,12
-34,-53,12
-34,-53,12
-34,-53,12
-34,-53,12
-34,-53,12
-34,-53,12
-34,-53,12
-35,-53,12
-34,-54,12
-34,-54,12
-33,-54,12
-33,-54,12
-33,-53,11
-35,-53,12
-34,-53,12
-33,-54,12
-33,-53,12
-33,-53,11
-33,-53,12
-33,-53,11
-34,-54,11
-35,-54,12
-34,-54,12
-33,-54,12
-33,-54,11
-33,-54,11
-33,-54,11
-33,-54,12
-34,-54,12
-33,-54,11
-32,-54,11
-34,-54,11
-34,-54,11
-33,-54,10
-33,-54,11
-33,-54,11
-33,-54,11
-33,-54,11
-33,-54,11
-33,-54,10
-33,-54,10
-33,-54,11
-34,-54,11
-34,-54,11
-33,-54,10
-33,-54,10
-33,-54,11
-33,-54,11
-34,-54,11
-34,-54,11
-34,-54,11
-33,-54,10
-33,-54,10
-34,-54,10
-33,-54,11
-33,-54,11
-33,-54,11
-33,-54,11
-33,-54,11
-33,-54,11
-33,-54,11
-33,-54,10
-33,-54,11
-33,-54,11
-33,-54,10
-33,-54,10
-33,-54,10
-34,-54,11
-33,-54,10
-32,-54,10
-33,-54,10
-33,-54,10
-33,-54,10
-33,-54,10
-34,-54,10
-33,-54,9
-34,-54,9
-34,-54,9
-33,-54,9
-33,-54,9
-33,-54,10
-34,-54,10
-33,-54,10
-33,-54,9
-34,-54,10
-34,-54,10
-34,-54,10
-33,-54,10
-33,-54,9
-33,-54,9
-35,-54,10
-35,-54,10
-34,-54,10
-32,-54,9
-32,-54,9
-32,-55,10
-32,-55,9
-32,-55,10
-31,-55,10
-32,-55,10
-32,-55,11
-32,-55,11
-32,-55,11
-32,-55,12
-31,-55,12
-30,-55,12
-30,-56,13
-29,-57,13
-29,-58,13
-28,-61,15
-28,-63,16
-28,-66,18
-26,-66,18
-26,-59,16
-31,-52,13
-33,-48,13
-35,-43,14
-33,-41,16
-29,-41,21
-28,-42,23
-32,-46,24
-36,-49,22
-35,-48,22
-34,-48,22
-33,-49,22
-33,-55,26
-33,-57,28
-30,-57,30
-31,-60,29
-27,-60,33
-21,-54,38
-24,-57,35
-41,-62,26
-42,-61,29
-47,-52,22
-31,-47,24
-28,-44,26
-31,-38,23
-26,-34,24
-30,-28,22
-31,-25,26
-25,-19,31
-23,-25,45
-24,-29,57
-25,-26,59
-26,-28,52
-32,-25,39
-28,-25,28
-26,-26,23
-23,-30,18
-24,-36,19
-33,-53,23
-39,-58,27
-46,-65,26
-32,-65,17
-24,-65,19
-11,-65,27
-11,-66,28
-19,-67,25
-27,-69,20
-36,-69,15
-36,-70,17
-32,-77,18
-29,-96,21
-29,-84,23
-32,-65,19
-31,-55,18
-33,-41,14
-33,-46,11
-32,-53,12
-25,-67,14
-21,-67,13
-18,-65,10
-19,-62,8
-25,-53,5
-32,-51,5
-33,-51,7
-32,-55,13
-30,-58,16
-18,-55,22
-12,-52,26
-5,-45,30
-5,-44,29
-2,-45,29
-13,-54,37
-25,-55,39
-37,-53,28
-23,-50,15
-24,-56,9
-22,-71,17
-31,-79,23
-48,-83,22
-48,-74,15
-35,-59,9
-24,-62,11
-25,-65,11
-28,-65,12
-30,-64,12
-30,-64,12
-28,-65,11
-23,-64,10
-20,-62,8
-20,-59,9
-20,-56,10
-19,-55,11
-19,-55,14
-18,-53,14
-17,-51,15
-14,-49,19
-13,-51,20
-14,-65,16
-17,-66,15
-27,-66,18
-32,-68,21
-37,-68,28
-34,-63,22
-25,-64,18
-16,-68,22
-10,-68,24
-21,-60,18
-21,-58,16
-25,-53,14
-29,-50,14
-30,-49,14
-28,-48,15
-27,-48,15
-25,-51,17
-24,-52,19
-21,-56,22
-18,-58,22
-17,-59,23
-17,-62,24
-18,-62,23
-19,-58,22
-19,-59,21
-22,-71,21
-27,-70,21
-29,-63,18
-25,-55,13
-25,-52,14
-27,-54,15
-29,-63,12
-29,-66,15
-25,-63,15
-23,-62,14
-20,-61,16
-19,-61,16
-19,-56,13
-18,-52,13
-19,-50,12
-20,-49,11
-20,-49,11
-20,-48,13
-21,-48,13
-21,-54,16
-22,-65,18
-22,-68,20
-18,-79,18
-18,-83,17
-21,-80,17
-25,-77,16
-31,-63,14
-33,-50,12
-31,-50,10
-27,-55,15
-24,-56,16
-20,-53,16
-20,-50,17
-21,-46,16
-22,-44,18
-22,-45,19
-21,-47,21
-22,-49,22
-24,-50,26
-26,-51,29
-23,-53,38
-35,-55,32
-33,-52,32
-29,-57,23
-33,-63,18
-26,-83,27
-27,-81,30
-26,-64,22
-21,-60,15
-20,-64,16
-26,-67,15
-28,-67,13
-27,-61,11
-26,-58,10
-22,-58,11
-20,-53,7
-20,-50,7
-21,-49,7
-20,-49,7
-21,-48,9
-21,-47,10
-20,-52,10
-20,-53,11
-22,-57,13
-24,-57,14
-25,-78,13
-27,-84,16
-33,-69,21
-33,-59,23
-31,-51,26
-30,-56,24
-25,-67,20
-21,-68,20
-17,-63,23
-22,-52,20
-25,-48,18
-29,-45,15
-30,-45,14
-21,-48,19
-14,-50,22
-11,-52,21
-12,-55,21
-15,-56,21
-24,-58,19
-28,-59,19
-31,-70,15
-31,-82,15
-30,-83,19
-27,-69,15
-26,-66,13
-27,-59,14
-29,-57,12
-26,-61,13
-19,-63,17
-21,-65,15
-21,-62,13
-19,-59,12
-18,-54,11
-18,-52,10
-21,-51,9
-21,-50,9
-21,-49,10
-21,-49,10
-21,-48,10
-22,-54,10
-23,-61,10
-25,-68,8
-28,-70,8
-27,-66,11
-26,-58,12
-28,-56,11
-32,-57,12
-32,-57,12
-29,-61,13
-28,-61,16
-29,-60,15
-32,-57,14
-33,-58,14
-33,-59,17
-31,-58,19
-21,-58,26
-19,-55,34
-14,-55,39
-23,-55,30
-25,-56,24
-24,-59,21
-25,-59,18
-25,-56,15
-25,-54,15
-25,-54,15
-25,-54,15
-23,-57,15
-23,-59,16
-24,-59,15
-18,-61,15
-17,-60,17
-19,-61,16
-21,-61,15
-20,-59,16
-25,-60,11
-26,-60,10
-28,-60,8
-25,-58,8
-25,-58,7
-26,-57,7
-26,-56,6
-26,-56,5
-26,-56,4
-26,-56,5
-26,-58,5
-27,-59,6
-26,-62,6
-27,-62,7
-26,-63,7
-26,-64,6
-26,-64,6
-26,-64,5
-26,-63,4
-26,-61,3
-27,-61,3
-27,-60,3
-26,-59,4
-25,-59,5
-25,-58,7
-24,-59,7
-23,-61,9
-22,-60,10
-22,-59,12
-24,-58,13
-25,-57,14
-25,-57,16
-25,-58,17
-24,-58,20
-24,-57,20
-23,-56,21
-23,-58,23
-28,-60,24
-26,-65,27
-33,-64,25
-36,-59,18
-34,-58,15
-28,-56,13
-24,-56,12
-23,-56,12
-22,-56,12
-21,-55,11
-21,-55,12
-22,-54,12
-22,-52,12
-22,-50,13
-22,-50,14
-22,-52,20
-20,-53,24
-25,-55,26
-29,-55,26
-35,-55,22
-33,-55,19
-30,-55,20
-27,-55,21
-26,-55,21
-25,-55,19
-25,-56,19
-27,-63,18
-29,-70,16
-29,-72,16
-26,-60,16
-23,-57,15
-20,-55,13
-22,-55,13
-24,-56,13
-24,-55,12
-24,-54,11
-23,-55,10
-24,-56,10
-25,-58,10
-25,-58,9
-26,-58,9
-28,-58,10
-28,-58,10
-28,-57,11
-28,-57,11
-27,-61,11
-26,-62,11
-27,-63,11
-27,-58,11
-27,-54,11
-28,-50,11
-29,-51,11
-29,-57,13
-27,-61,15
-27,-62,15
-22,-62,21
-16,-62,26
-13,-64,23
-17,-62,20
-22,-60,16
-24,-57,14
-25,-56,12
-25,-57,12
-24,-57,12
-23,-57,13
-23,-56,12
-24,-56,11
-26,-57,12
-26,-57,12
-26,-57,15
-27,-59,16
-26,-59,18
-28,-58,18
-28,-57,17
-28,-58,16
-26,-56,16
-25,-57,14
-24,-57,14
-24,-58,13
-24,-57,14
-24,-56,14
-23,-56,16
-24,-57,16
-26,-57,17
-26,-57,17
-25,-57,16
-25,-57,15
-25,-57,15
-24,-57,14
-24,-57,14
-24,-56,14
-25,-56,15
-26,-56,15
-26,-58,16
-27,-58,16
-25,-58,16
-25,-58,16
-25,-58,15
-25,-58,15
-25,-57,14
-24,-57,14
-25,-57,14
-24,-58,14
-25,-57,14
-25,-58,14
-25,-58,15
-25,-58,15
-25,-58,15
-25,-58,15
-24,-57,15
-24,-57,15
-24,-56,14
-24,-55,15
-25,-57,14
-27,-60,15
-27,-59,16
-27,-57,16
-28,-56,16
-28,-55,15
-28,-56,15
-25,-58,17
-32,-59,17
-29,-60,19
-32,-57,18
-31,-55,17
-29,-54,17
-29,-54,16
-27,-53,15
-28,-53,14
-26,-54,14
-25,-55,14
-26,-55,14
-25,-56,14
-24,-55,12
-24,-56,12
-24,-57,12
-23,-57,13
-22,-57,13
-22,-57,13
-23,-57,13
-21,-57,14
-21,-61,14
-25,-71,17
-24,-67,21
-26,-67,19
-24,-55,20
-24,-50,16
-20,-51,12
-20,-56,11
-27,-65,9
-31,-62,9
-30,-59,7
-27,-57,7
-25,-54,9
-24,-55,9
-24,-55,9
-23,-56,10
-22,-57,10
-22,-55,10
-22,-54,10
-24,-55,9
-26,-56,8
-26,-57,8
-28,-61,11
-27,-62,12
-27,-74,11
-27,-83,12
-30,-87,16
-29,-67,18
-28,-59,19
-31,-52,20
-31,-53,20
-23,-60,19
-20,-61,20
5,-61,28
-8,-53,18
-15,-48,14
-24,-43,9
-27,-43,9
-24,-44,11
-21,-45,12
-20,-48,13
-23,-52,14
-24,-53,15
-26,-55,17
-24,-55,20
-21,-56,24
-19,-56,26
-26,-57,20
-26,-59,19
-25,-60,20
-24,-59,21
-26,-62,20
-31,-74,22
-35,-77,25
-34,-73,24
-26,-66,20
-20,-61,19
-22,-59,13
-23,-63,13
-27,-65,15
-31,-62,11
-26,-61,9
-20,-61,8
-19,-59,8
-18,-55,8
-18,-53,8
-18,-50,6
-20,-48,5
-20,-46,6
-19,-46,8
-19,-47,9
-18,-51,11
-19,-54,12
-21,-62,14
-25,-83,16
-29,-87,19
-35,-83,28
-33,-75,32
-31,-63,30
-28,-60,26
-16,-62,22
-17,-64,17
-16,-62,19
-21,-53,16
-24,-48,14
-29,-45,12
-29,-44,11
-26,-44,16
-20,-47,19
-17,-47,19
-18,-48,21
-21,-50,22
-27,-52,24
-29,-53,24
-27,-56,23
-23,-58,22
-22,-57,21
-23,-60,18
-26,-73,17
-37,-78,22
-39,-61,18
-34,-57,15
-25,-59,12
-25,-66,12
-28,-69,14
-29,-69,15
-29,-64,14
-25,-58,12
-24,-57,12
-20,-57,12
-18,-58,11
-18,-56,11
-18,-55,11
-20,-51,12
-20,-46,13
-19,-44,12
-16,-43,13
-16,-45,15
-19,-49,19
-21,-51,19
-24,-72,18
-29,-87,24
-30,-85,26
-29,-67,28
-30,-64,28
-32,-61,22
-30,-62,19
-21,-66,18
-19,-65,18
-20,-62,16
-27,-50,11
-30,-47,8
-32,-44,8
-32,-44,9
-29,-46,11
-26,-50,15
-25,-52,17
-23,-53,20
-23,-53,21
-24,-56,24
-24,-59,25
-22,-58,25
-18,-56,20
-20,-66,18
-28,-75,24
-33,-79,24
-36,-67,16
-31,-56,12
-28,-54,12
-28,-64,10
-28,-67,11
-27,-65,13
-25,-64,11
-22,-62,9
-22,-60,8
-22,-58,7
-19,-54,4
-19,-52,4
-21,-49,4
-22,-47,5
-23,-45,4
-22,-53,6
-23,-58,7
-22,-74,9
-23,-70,11
-29,-62,18
-32,-59,23
-30,-57,28
-27,-57,26
-21,-59,27
-1,-62,31
-22,-65,34
-20,-60,39
-29,-60,29
-36,-52,15
-36,-51,10
-32,-50,11
-25,-52,11
-22,-52,13
-21,-52,14
-25,-54,14
-29,-58,14
-31,-66,15
-30,-66,16
-27,-66,16
-25,-65,16
-23,-61,16
-24,-60,15
-27,-61,16
-28,-60,15
-27,-60,15
-28,-59,15
-28,-58,16
-29,-57,16
-31,-55,16
-33,-51,17
-32,-49,16
-32,-48,17
-29,-44,18
-32,-45,20
-38,-41,27
-37,-38,27
-34,-37,28
-34,-37,29
-28,-38,35
-23,-39,41
-24,-39,38
-24,-41,37
-18,-43,40
-17,-44,36
-29,-48,26
-36,-50,30
-42,-47,35
-41,-46,31
-37,-46,30
-36,-44,30
-35,-44,30
-30,-43,31
-39,-43,33
-16,-42,23
-14,-43,22
-19,-48,20
-26,-57,16
-30,-60,15
-33,-65,16
-32,-66,17
-31,-66,17
-30,-66,16
-29,-66,18
-29,-64,19
-29,-63,18
-29,-62,20
-28,-61,23
-26,-60,20
-25,-61,19
-26,-57,19
-26,-54,19
-27,-53,19
-27,-53,19
-26,-54,19
-27,-55,21
-26,-56,21
-27,-57,22
-32,-58,27
-33,-59,30
-33,-58,37
-34,-57,38
-38,-54,36
-37,-49,35
-40,-42,33
-40,-37,29
-37,-34,27
-36,-32,25
-37,-32,25
-36,-31,25
-33,-30,26
-31,-30,27
-30,-30,29
-30,-31,30
-30,-34,34
-29,-35,36
-28,-35,37
-26,-35,38
-25,-35,38
-24,-37,39
-24,-38,39
-23,-39,40
-22,-40,41
-20,-43,39
-19,-46,38
-19,-48,37
-19,-51,37
-20,-53,35
-21,-57,33
-23,-59,32
-24,-60,31
-25,-60,30
-25,-61,29
-26,-60,29
-26,-60,28
-26,-59,27
-26,-58,26
-26,-56,25
-26,-55,24
-26,-55,24
-26,-55,24
-25,-55,24
-24,-56,23
-24,-56,23
-24,-56,23
-23,-56,23
-22,-55,23
-22,-55,22
-22,-54,22
-22,-53,22
-22,-53,21
-22,-54,23
-22,-54,22
-22,-55,22
-23,-54,22
-23,-55,21
-23,-57,22
-22,-57,21
-22,-58,20
-22,-56,21
-22,-55,20
-24,-52,19
-24,-52,20
-26,-51,19
-26,-52,18
-26,-52,17
-27,-54,16
-27,-57,17
-29,-63,17
-30,-65,17
-28,-66,15
-25,-66,12
-24,-66,12
-26,-64,8
-27,-62,7
-28,-61,4
-28,-60,4
-26,-58,3
-23,-57,3
-21,-57,3
-20,-55,5
-20,-55,6
-21,-61,7
-23,-66,9
-28,-70,15
-32,-72,20
-35,-72,23
-34,-71,31
-31,-72,41
-40,-80,55
-49,-83,56
-62,-76,65
-76,-61,66
-66,-54,61
-68,-35,45
-74,-28,37
-74,-14,28
-65,-11,20
-46,1,13
-33,12,9
-27,15,4
-12,26,5
-9,27,6
2,29,10
1,29,13
2,29,17
5,30,25
6,35,33
6,37,42
2,41,41
5,48,48
21,52,58
18,49,51
16,44,46
15,40,42
16,44,36
14,45,33
7,45,35
10,43,36
11,41,35
15,38,35
15,36,36
10,33,37
12,32,36
14,33,34
18,39,35
16,42,35
12,46,37
11,47,39
12,46,40
13,40,38
13,36,32
20,37,30
16,40,25
30,48,21
34,49,23
27,52,17
27,51,14
25,51,16
22,49,14
15,46,15
-4,39,22
-12,38,23
-21,39,29
-24,41,33
-33,35,29
-23,16,40
2,3,64
11,-18,88
0,-18,81
-24,-25,73
-45,-28,72
-44,-33,68
-41,-29,70
-33,-28,74
-31,-34,68
-37,-36,65
-48,-42,70
-49,-36,55
-43,-31,47
-40,-28,33
-63,-38,29
-18,-35,50
-13,-34,54
-11,-41,54
-13,-40,55
-14,-38,54
-15,-34,46
-18,-32,44
-31,-32,43
-33,-35,45
-41,-39,42
-42,-38,40
-42,-35,36
-45,-36,35
-44,-38,36
-46,-42,38
-46,-35,37
-41,-25,36
-31,-22,40
-31,-27,40
-23,-36,47
-21,-40,49
-11,-42,57
-12,-41,56
-14,-40,50
-13,-42,48
-13,-42,47
-14,-41,46
-12,-41,47
-11,-41,47
-13,-41,47
-18,-43,47
-22,-39,48
-23,-38,47
-21,-37,47
-21,-37,47
-24,-35,45
-24,-36,45
-23,-34,44
-25,-36,44
-24,-37,44
-28,-39,41
-25,-40,41
-21,-41,43
-20,-42,40
-20,-42,39
-19,-44,39
-18,-43,38
-15,-45,40
-15,-45,39
-18,-46,40
-17,-49,41
-16,-49,41
-17,-50,41
-16,-49,40
-15,-50,39
-16,-50,39
-16,-50,39
-15,-50,37
-15,-51,37
-16,-51,35
-15,-51,34
-16,-52,32
-13,-52,31
-15,-51,29
-15,-54,28
-15,-54,31
-29,-54,31
-30,-55,29
-36,-54,24
-36,-50,22
-34,-52,31
-35,-50,32
-33,-49,28
-40,-47,18
-39,-47,19
-36,-47,20
-36,-47,18
-36,-49,15
-32,-49,14
-29,-50,14
-25,-52,16
-23,-53,18
-22,-56,20
-22,-57,21
-24,-57,20
-26,-57,19
-26,-58,19
-28,-59,18
-29,-59,18
-29,-59,17
-28,-59,17
-27,-59,17
-27,-58,17
-27,-58,17
-27,-58,16
-28,-57,15
-28,-56,14
-28,-57,13
-28,-57,13
-28,-58,13
-28,-58,13
-27,-58,12
-27,-58,12
-27,-57,12
-26,-57,11
-26,-57,12
-26,-56,11
-26,-57,12
-26,-57,12
-26,-57,12
-26,-57,13
-26,-57,13
-26,-57,14
-26,-58,14
-26,-59,15
-22,-58,12
-21,-61,11
-24,-60,12
-32,-58,14
-32,-57,14
-28,-57,16
-25,-60,18
-20,-61,19
-19,-61,19
-22,-65,17
-22,-65,13
-22,-64,11
-22,-64,9
-22,-64,8
-25,-56,8
-27,-55,8
-26,-54,15
-20,-55,17
-17,-55,18
-13,-57,19
-14,-59,19
-21,-61,21
-23,-60,21
-23,-52,20
-19,-46,19
-19,-47,20
-20,-49,20
-20,-51,19
-23,-55,18
-25,-57,19
-28,-59,19
-28,-57,21
-29,-57,21
-29,-55,24
-26,-54,25
-22,-54,24
-21,-55,24
-22,-56,24
-22,-57,23
-23,-58,22
-24,-64,24
-22,-61,26
-20,-56,23
-20,-59,20
-20,-65,19
-23,-73,17
-25,-75,16
-28,-70,14
-28,-62,12
-25,-50,11
-24,-47,12
-24,-48,13
-23,-52,13
-22,-54,13
-22,-51,12
-24,-51,11
-25,-54,9
-30,-56,8
-31,-57,8
-31,-58,8
-31,-58,9
-32,-60,12
-31,-61,13
-27,-66,13
-26,-70,14
-28,-69,14
-31,-70,15
-31,-76,15
-32,-71,17
-31,-63,18
-30,-42,18
-32,-39,19
-34,-43,19
-30,-50,20
-28,-54,19
-22,-60,21
-22,-59,22
-24,-54,19
-25,-52,17
-24,-53,18
-22,-54,21
-21,-53,22
-18,-50,24
-15,-49,26
-13,-48,26
-15,-47,26
-17,-49,25
-20,-54,26
-21,-54,25
-24,-60,22
-30,-72,25
-36,-78,26
-44,-71,22
-41,-64,18
-34,-65,16
-31,-69,18
-31,-67,16
-28,-58,15
-27,-55,14
-26,-52,12
-26,-51,10
-25,-56,7
-25,-58,6
-23,-61,6
-22,-63,6
-22,-62,5
-21,-62,5
-21,-62,4
-23,-62,5
-23,-60,7
-23,-60,9
-20,-67,10
-22,-61,13
-30,-47,21
-31,-45,26
-26,-49,34
-24,-54,33
-17,-61,29
-7,-66,32
-9,-60,34
-24,-56,25
-28,-54,20
-32,-54,20
-35,-54,19
-35,-54,20
-32,-53,18
-30,-52,18
-27,-53,19
-25,-54,19
-21,-55,18
-21,-57,18
-22,-62,17
-24,-59,12
-25,-59,10
-27,-64,8
-31,-65,8
-36,-62,6
-36,-56,2
-38,-57,0
-40,-71,3
-40,-72,4
-36,-74,6
-30,-71,8
-18,-64,12
-13,-61,12
-13,-61,12
-15,-62,10
-16,-61,10
-19,-57,10
-20,-55,10
-20,-50,7
-18,-49,7
-18,-50,8
-17,-52,11
-17,-59,10
-21,-64,13
-25,-62,16
-31,-62,23
-35,-61,30
-36,-64,30
-28,-79,25
-22,-81,27
-16,-72,27
-19,-65,23
-21,-54,21
-31,-48,15
-34,-47,14
-35,-44,14
-32,-44,14
-27,-48,16
-26,-52,17
-25,-56,17
-25,-58,17
-25,-61,18
-25,-63,20
-24,-62,19
-22,-72,19
-23,-70,21
-29,-67,21
-29,-55,17
-28,-52,15
-28,-57,15
-29,-59,16
-29,-61,15
-26,-61,15
-25,-60,16
-22,-59,16
-20,-58,15
-19,-56,13
-19,-55,12
-21,-52,10
-21,-50,10
-23,-49,11
-20,-53,10
-19,-55,11
-19,-61,13
-20,-60,14
-21,-77,12
-26,-77,16
-30,-70,19
-30,-53,24
-29,-48,24
-27,-52,22
-23,-55,21
-17,-59,22
-17,-54,24
-20,-50,23
-25,-44,19
-27,-44,18
-28,-46,16
-26,-49,18
-25,-55,20
-26,-54,21
-27,-52,21
-28,-53,22
-28,-59,23
-26,-63,24
-24,-63,23
-25,-71,21
-32,-68,21
-35,-69,20
-33,-58,16
-30,-55,15
-28,-57,16
-30,-60,16
-32,-64,15
-28,-62,14
-25,-60,14
-21,-58,14
-21,-57,14
-22,-54,11
-21,-54,9
-21,-53,8
-22,-52,9
-22,-52,10
-21,-53,10
-19,-56,10
-19,-62,12
-20,-68,12
-21,-77,11
-25,-74,15
-28,-65,19
-29,-52,24
-30,-48,27
-23,-51,28
-14,-56,25
-11,-57,24
-14,-59,26
-17,-58,25
-24,-51,21
-27,-47,18
-27,-46,17
-26,-49,17
-25,-51,18
-24,-54,18
-24,-55,19
-26,-54,19
-27,-54,19
-28,-56,20
-28,-61,19
-29,-69,19
-32,-78,22
-33,-75,22
-31,-58,17
-28,-56,14
-29,-56,14
-32,-62,14
-33,-63,14
-32,-62,14
-30,-61,13
-26,-60,14
-24,-60,15
-19,-59,14
-19,-58,14
-19,-58,13
-19,-56,11
-20,-55,11
-20,-51,11
-19,-51,11
-18,-52,10
-20,-55,13
-21,-61,13
-24,-71,15
-26,-68,17
-29,-63,22
-29,-57,26
-28,-52,27
-23,-62,22
-19,-65,21
-17,-66,24
-18,-63,23
-23,-52,19
-29,-46,15
-30,-45,14
-29,-45,13
-28,-47,14
-27,-50,16
-27,-50,16
-29,-53,16
-29,-56,19
-29,-57,20
-28,-59,22
-28,-61,22
-26,-61,21
-28,-69,20
-32,-74,23
-33,-67,22
-31,-61,18
-27,-54,15
-29,-56,14
-24,-63,16
-28,-65,16
-27,-65,15
-24,-62,15
-21,-60,14
-18,-58,13
-18,-57,13
-19,-57,11
-19,-57,10
-20,-55,9
-20,-49,11
-19,-47,11
-17,-48,10
-16,-49,11
-17,-57,13
-17,-68,13
-21,-78,12
-31,-72,20
-34,-68,24
-32,-54,29
-28,-52,26
-9,-62,19
-19,-74,22
-12,-68,29
-31,-57,14
-30,-53,13
-31,-47,7
-30,-47,7
-27,-48,10
-26,-51,11
-28,-54,12
-32,-52,13
-32,-50,14
-30,-48,16
-30,-48,19
-27,-49,20
-24,-59,22
-26,-75,24
-33,-102,30
-31,-82,29
-17,-54,21
-8,-51,16
-9,-62,19
8,-74,24
-9,-76,25
-29,-72,18
-41,-67,9
-30,-59,9
-25,-55,9
-15,-53,13
-14,-54,15
-16,-53,14
-21,-50,12
-22,-50,11
-20,-54,9
-19,-58,9
-20,-63,8
-24,-61,7
-27,-60,6
-32,-55,4
-36,-56,5
-37,-62,9
-35,-67,10
-27,-70,14
-19,-64,21
-26,-60,26
-16,-59,39
-15,-56,39
-21,-58,29
-21,-54,24
-27,-55,17
-30,-48,12
-30,-48,10
-29,-46,13
-28,-48,16
-28,-50,20
-29,-53,22
-27,-54,24
-22,-57,27
-20,-59,27
-20,-61,26
-23,-61,24
-24,-62,22
-24,-62,21
-20,-61,21
-21,-62,18
-21,-62,18
-19,-60,16
-20,-59,15
-19,-57,15
-19,-58,15
-20,-57,15
-23,-56,13
-23,-56,12
-23,-54,12
-23,-55,11
-25,-55,10
-26,-55,11
-26,-56,11
-26,-58,11
-26,-59,11
-27,-60,11
-27,-60,11
-28,-60,11
-30,-59,10
-30,-58,9
-29,-57,8
-28,-58,7
-29,-60,8
-31,-59,9
-33,-57,9
-31,-57,10
-30,-59,11
-28,-61,12
-29,-63,11
-29,-63,11
-28,-63,11
-27,-61,11
-21,-59,14
-22,-58,15
-18,-59,16
-17,-59,17
-22,-58,15
-23,-58,15
-23,-58,14
-23,-58,13
-24,-59,13
-25,-58,12
-25,-58,11
-26,-58,11
-26,-57,10
-26,-57,10
-26,-56,10
-26,-57,10
-26,-57,11
-27,-57,11
-27,-57,12
-28,-57,12
-28,-57,13
-27,-57,15
-27,-57,15
-27,-57,16
-27,-57,16
-26,-57,14
-26,-58,14
-26,-58,13
-26,-57,12
-26,-57,13
-26,-57,13
-25,-57,13
-25,-57,13
-25,-57,13
-25,-57,13
-26,-57,14
-26,-58,14
-26,-57,14
-26,-57,14
-26,-57,14
-25,-57,14
-25,-58,14
-26,-58,14
-26,-58,14
-25,-58,14
-25,-58,14
-25,-57,14
-25,-57,14
-25,-57,13
-25,-57,13
-25,-57,13
-25,-58,13
-25,-58,13
-25,-58,12
-25,-59,13
-25,-59,13
-24,-58,14
-24,-58,14
-24,-57,14
-24,-57,14
-24,-57,13
-24,-57,14
-24,-58,14
-25,-58,14
-24,-58,14
-24,-58,14
-24,-58,14
-24,-58,14
-24,-58,14
-24,-58,14
-24,-58,14
-24,-58,14
-24,-58,14
-24,-58,14
-25,-58,15
-25,-57,15
-25,-57,15
-25,-57,15
-25,-57,14
-26,-58,14
-25,-57,14
-26,-57,14
-26,-57,15
-26,-57,15
-25,-57,15
-25,-57,14
-25,-57,14
-25,-57,14
-24,-57,14
-24,-57,14
-24,-57,14
-25,-58,14
-25,-58,14
-25,-58,14
-25,-57,14
-25,-57,14
-25,-58,14
-25,-58,14
-25,-58,14
-25,-58,14
-24,-58,14
-25,-58,14
-25,-58,14
-25,-58,14
-25,-58,14
-25,-58,14
-25,-58,14
-25,-58,14
-25,-58,14
-25,-57,14
-25,-57,14
-25,-58,13
-25,-58,14
-25,-58,13
-25,-58,14
-24,-57,13
-24,-57,14
-25,-58,14
-25,-58,14
-25,-58,14
-25,-57,14
-25,-58,14
-25,-58,15
-26,-58,17
-31,-61,36
-35,-61,55
-38,-61,71
-50,-60,63
-46,-59,58
-41,-59,52
-41,-58,45
-45,-59,30
-45,-55,22
-47,-46,12
-43,-38,10
-41,-35,9
-38,-32,13
-31,-32,11
-19,-28,9
-17,-25,10
-21,-25,6
-23,-28,1
-23,-28,-2
-25,-33,-1
-26,-39,-1
-29,-46,-1
-35,-44,1
-46,-58,5
-54,-63,1
-60,-67,1
-67,-82,10
-66,-86,16
-47,-87,20
-40,-86,23
-29,-87,29
-8,-84,23
-23,-86,14
22,-68,44
15,-57,43
2,-57,38
-6,-55,32
-30,-49,14
-27,-47,12
-22,-47,14
-18,-50,13
-20,-55,15
-27,-65,19
-31,-73,18
-28,-72,19
-46,-63,15
-42,-59,17
-35,-54,12
-31,-51,8
-29,-48,3
-29,-49,6
-27,-50,9
-26,-51,12
-25,-50,11
-23,-51,13
-23,-50,13
-19,-54,19
-24,-54,20
-19,-59,19
-33,-60,14
-26,-63,18
-21,-61,5
-26,-61,2
-23,-67,14
-31,-71,23
-36,-69,21
-28,-60,16
-33,-57,17
-25,-52,17
-26,-47,11
-30,-56,14
-26,-60,9
-33,-62,13
-22,-56,7
-31,-58,9
-21,-58,19
-22,-56,10
-31,-58,14
-22,-53,9
-24,-52,6
-24,-50,14
-21,-47,13
-22,-47,14
-22,-51,15
-23,-62,19
-26,-73,20
-31,-72,25
-24,-66,31
-19,-58,23
-22,-60,4
-33,-58,1
-33,-51,3
-1,-59,12
7,-74,57
-59,-53,30
-53,-51,23
-37,-42,16
-31,-41,10
-29,-41,8
-24,-51,10
-25,-53,11
-25,-53,13
-25,-53,14
-21,-54,16
-15,-58,20
-14,-61,24
-24,-58,22
-23,-55,22
-25,-63,20
-29,-70,20
-39,-83,22
-41,-65,18
-37,-49,15
-13,-46,18
-3,-55,19
-18,-78,13
-19,-86,15
-25,-73,15
-22,-58,10
-18,-53,10
-19,-49,11
-19,-49,10
-18,-50,11
-17,-50,11
-17,-49,12
-18,-50,12
-17,-54,11
-18,-66,10
-19,-72,9
-24,-80,5
-26,-78,4
-31,-60,1
-35,-57,-1
-40,-57,1
-45,-59,2
-41,-60,4
-33,-59,11
-27,-58,14
-18,-62,16
-16,-61,17
-1,-63,30
0,-58,33
-7,-55,34
-14,-57,33
-27,-60,24
-28,-56,17
-29,-56,10
-26,-56,11
-26,-57,14
-24,-58,15
-22,-58,15
-20,-59,16
-16,-59,18
-12,-59,23
-18,-58,20
-16,-58,18
-18,-60,18
-12,-61,19
-18,-60,16
-19,-59,15
-21,-58,15
-23,-57,13
-22,-57,13
-23,-58,13
-24,-59,12
-22,-60,14
-22,-60,15
-19,-59,17
-19,-59,18
-20,-59,17
-22,-58,16
-24,-56,14
-25,-57,14
-24,-58,14
-25,-58,13
-25,-58,13
-25,-58,13
-25,-59,13
-25,-59,13
-24,-58,14
-24,-58,14
-24,-58,14
-23,-59,15
-23,-59,15
-22,-59,15
-22,-59,15
-23,-59,14
-23,-59,14
-23,-58,13
-23,-58,13
-24,-58,13
-24,-58,13
-23,-59,13
-23,-59,14
-23,-59,14
-22,-58,14
-22,-59,13
-23,-58,13
-23,-58,13
-24,-59,14
-24,-59,14
-24,-59,14
-24,-58,13
-24,-58,13
-24,-58,13
-24,-58,14
-24,-58,14
-24,-58,14
-24,-58,14
-24,-58,14
-24,-58,13
-23,-58,13
-24,-58,13
-23,-58,13
-24,-58,13
-24,-59,13
-23,-58,14
-23,-58,13
-23,-58,13
-24,-58,13
-24,-58,13
-24,-58,13
-24,-58,13
-24,-58,13
-24,-58,13
-24,-59,12
-24,-59,12
-24,-59,12
-24,-59,12
-24,-59,12
-23,-59,12
-23,-59,12
-23,-59,12
-23,-59,12
-23,-59,12
-23,-59,12
-23,-59,12
-24,-59,12
-22,-57,12
-21,-55,9
-25,-57,10
-27,-58,11
-30,-58,13
-29,-59,13
-27,-59,16
-26,-60,17
-27,-61,17
-26,-61,15
-26,-61,13
-27,-60,12
-27,-60,11
-25,-59,10
-24,-59,9
-24,-60,9
-24,-62,9
-24,-61,9
-23,-59,8
-22,-60,8
-23,-61,9
-24,-62,15
-18,-58,21
-21,-52,29
-24,-53,30
-24,-49,27
-24,-49,21
-24,-45,15
-23,-44,12
-23,-47,12
-23,-52,16
-23,-55,20
-30,-60,22
-33,-60,19
-31,-63,16
-29,-59,15
-34,-56,9
-28,-62,11
-30,-67,11
-33,-72,8
-29,-70,12
-29,-49,12
-21,-44,10
-21,-46,11
-30,-59,5
-30,-69,6
-33,-71,7
-31,-68,7
-27,-63,6
-24,-55,7
-23,-54,6
-25,-59,6
-26,-61,5
-27,-59,4
-26,-57,4
-23,-54,5
-23,-54,7
-23,-55,7
-23,-59,7
-22,-60,7
-23,-62,7
-25,-63,8
-27,-64,9
-31,-79,9
-31,-81,11
-30,-68,12
-26,-56,13
-24,-40,13
-32,-41,11
-34,-48,12
-32,-65,16
-29,-68,19
-19,-68,21
-15,-63,20
-14,-57,17
-22,-55,13
-22,-56,12
-23,-57,10
-21,-57,10
-19,-57,10
-19,-56,9
-19,-52,8
-20,-49,8
-21,-49,8
-21,-52,10
-21,-54,11
-20,-56,11
-20,-56,11
-23,-66,13
-29,-67,15
-31,-71,14
-32,-66,16
-32,-60,15
-32,-59,14
-32,-62,15
-36,-65,16
-32,-64,17
-31,-62,17
-23,-58,17
-19,-56,16
-19,-58,14
-19,-59,14
-22,-62,11
-24,-60,8
-24,-60,6
-24,-63,5
-23,-65,3
-22,-67,1
-22,-70,0
-25,-83,-2
-29,-55,3
-30,-46,4
-29,-41,8
-29,-41,10
-22,-50,12
-14,-58,15
-13,-59,18
-19,-56,21
-24,-54,19
-32,-66,25
-56,-61,46
-42,-55,31
-27,-51,19
-31,-51,15
-32,-52,12
-30,-51,9
-23,-53,8
-24,-55,8
-24,-57,11
-19,-58,14
-19,-62,14
-22,-65,17
-27,-68,14
-28,-70,14
-27,-71,13
-25,-76,15
-21,-54,14
-20,-50,12
-18,-47,10
-19,-49,9
-21,-50,8
-23,-51,7
-24,-52,7
-28,-52,6
-30,-54,5
-30,-58,7
-30,-60,7
-27,-64,9
-26,-65,10
-28,-64,11
-29,-60,12
-29,-58,11
-29,-58,10
-28,-61,9
-28,-63,9
-28,-63,9
-29,-62,7
-30,-57,7
-29,-54,7
-29,-59,8
-29,-62,9
-28,-71,12
-26,-74,13
-19,-68,15
-13,-59,14
-13,-56,14
-18,-55,12
-20,-55,12
-23,-56,12
-20,-56,12
-18,-55,12
-18,-54,11
-19,-54,11
-21,-55,11
-23,-56,10
-25,-58,10
-25,-60,11
-25,-60,11
-26,-62,11
-27,-62,11
-28,-62,12
-29,-62,12
-29,-62,12
-28,-61,11
-28,-61,11
-29,-59,11
-30,-58,11
-30,-57,10
-29,-57,11
-28,-58,11
-28,-60,11
-27,-60,11
-26,-60,10
-26,-60,10
-26,-60,11
-26,-60,11
-25,-59,11
-24,-59,11
-24,-59,11
-23,-59,12
-23,-58,12
-22,-58,12
-21,-58,11
-21,-58,11
-22,-57,10
-23,-57,11
-23,-56,11
-24,-56,11
-24,-57,11
-25,-58,11
-25,-59,11
-26,-59,11
-26,-59,11
-26,-59,11
-25,-59,11
-25,-61,10
-26,-60,10
-27,-58,9
-27,-56,10
-27,-56,11
-26,-57,12
-26,-58,12
-26,-60,11
-27,-60,11
-26,-60,11
-25,-60,11
-24,-59,10
-24,-59,10
-24,-58,9
-25,-57,9
-24,-57,10
-24,-57,11
-23,-57,12
-23,-58,12
-24,-59,12
-25,-58,12
-25,-59,11
-25,-59,11
-26,-59,11
-25,-58,11
-26,-58,12
-26,-58,11
-26,-58,11
-26,-58,11
-26,-59,10
-26,-59,10
-26,-59,10
-26,-58,10
-26,-58,10
-25,-58,10
-25,-58,10
-25,-58,10
-25,-58,11
-25,-58,11
-25,-57,11
-25,-58,11
-26,-58,11
-27,-59,11
-28,-59,12
-29,-58,12
-29,-57,11
-27,-56,12
-26,-55,11
-27,-56,11
-29,-58,11
-34,-63,15
-38,-65,14
-55,-67,6
-55,-66,4
-53,-56,1
-53,-41,-7
-54,-35,-11
-57,-30,-15
-54,-30,-14
-45,-30,-8
-41,-29,-6
-41,-28,-7
-38,-28,-5
-37,-28,-2
-34,-30,3
-34,-31,5
-33,-35,10
-32,-36,12
-38,-39,11
-43,-42,9
-44,-44,9
-47,-51,11
-43,-54,13
-35,-56,13
-32,-57,13
-34,-61,14
-39,-65,13
-39,-67,11
-38,-70,12
-36,-70,14
-33,-66,15
-30,-66,14
-29,-62,13
-29,-57,11
-29,-55,11
-28,-54,11
-28,-55,11
-27,-58,11
-26,-60,11
-26,-62,11
-25,-62,11
-25,-61,11
-24,-61,11
-24,-60,11
-23,-60,11
-22,-59,11
-21,-57,11
-20,-54,10
-21,-52,10
-23,-52,9
-24,-52,10
-24,-54,10
-25,-56,10
-25,-57,11
-27,-60,11
-27,-60,12
-28,-61,12
-28,-61,12
-28,-61,13
-28,-60,14
-28,-60,14
-27,-60,14
-26,-59,14
-26,-59,14
-25,-59,13
-25,-59,12
-25,-59,11
-25,-59,11
-25,-58,11
-24,-58,10
-24,-58,10
-24,-58,10
-23,-57,10
-23,-57,10
-23,-57,11
-24,-57,11
-24,-57,11
-24,-57,11
-25,-57,12
-25,-58,12
-25,-58,13
-26,-58,13
-26,-58,13
-26,-58,13
-26,-59,13
-26,-59,13
-26,-59,13
-26,-58,13
-26,-58,13
-26,-59,12
-26,-58,12
-26,-58,12
-25,-58,12
-25,-58,11
-25,-58,11
-25,-58,11
-24,-58,11
-24,-58,11
-24,-58,11
-24,-58,11
-24,-58,11
-24,-58,11
-24,-58,11
-24,-58,11
-25,-58,11
-25,-58,12
-25,-58,12
-25,-58,12
-25,-58,12
-25,-58,12
-26,-58,12
-28,-59,12
-33,-62,14
-40,-64,14
-46,-67,12
-52,-69,11
-57,-67,10
-58,-60,6
-58,-54,6
-59,-43,7
-57,-32,4
-55,-29,2
-47,-19,2
-48,-17,1
-50,-15,-3
-53,-15,-7
-52,-14,-7
-49,-11,-8
-50,-11,-8
-52,-5,-12
-57,-3,-18
-60,0,-21
-57,3,-20
-57,8,-21
-64,9,-10
-63,10,-9
-55,11,-15
-58,13,-18
-61,13,-22
-54,14,-23
-53,16,-27
-54,16,-27
-53,16,-24
-59,17,-30
-59,18,-27
-59,19,-28
-58,19,-29
-58,19,-22
-59,20,-24
-56,20,-22
-57,14,-23
-58,16,-25
-52,18,-24
-54,20,-22
-54,21,-21
-54,18,-21
-50,18,-18
-55,22,-21
-54,22,-20
-54,21,-18
-58,24,-23
-56,24,-24
-60,22,-22
-60,21,-18
-55,22,-18
-55,22,-18
-56,22,-13
-61,21,-17
-63,21,-16
-60,19,-12
-65,19,-13
-64,20,-20
-64,19,-18
-55,19,-6
-54,22,-8
-60,22,-7
-58,22,-2
-61,22,-1
-65,23,-2
-62,23,-2
-58,24,-2
-63,23,0
-61,22,3
-61,23,4
-58,22,6
-54,23,8
-47,23,9
-60,24,-2
-66,22,-7
-63,22,-4
-53,20,0
-51,20,-1
-54,20,-4
-53,21,-5
-51,20,-3
-66,19,-20
-73,19,-25
-72,19,-20
-65,17,-17
-61,18,-18
-59,18,-19
-59,19,-19
-57,17,-15
-58,17,-18
-53,19,-17
-54,18,-19
-61,17,-19
-57,17,-18
-60,18,-18
-59,17,-18
-60,15,-18
-60,17,-18
-57,17,-16
-58,19,-15
-67,21,-21
-59,22,-16
-59,20,-15
-61,19,-16
-56,18,-11
-60,17,-13
-64,17,-17
-60,17,-15
-64,18,-19
-56,17,-14
-55,18,-13
-58,19,-16
-60,18,-17
-59,18,-18
-58,17,-17
-57,16,-16
-59,17,-17
-61,19,-21
-58,21,-21
-58,22,-20
-56,20,-16
-60,18,-18
-60,17,-19
-59,17,-16
-60,17,-16
-62,16,-19
-64,15,-18
-69,10,-16
-60,7,-6
-55,7,5
-66,14,1
-51,16,7
-69,16,5
-78,17,9
-90,17,7
-74,20,15
-58,18,28
-36,22,37
-35,23,33
-38,30,24
-41,31,21
-42,32,21
-36,33,23
-37,31,23
-57,27,22
-63,26,24
-47,27,34
-43,25,34
-48,26,32
-48,25,33
-47,26,33
-49,26,28
-50,27,30
-47,28,35
-51,29,31
-52,28,31
-45,28,37
-44,27,38
-43,26,37
-46,26,35
-45,25,37
-46,26,38
-46,26,37
-46,26,36
-47,25,36
-46,26,36
-46,26,36
-47,25,36
-44,25,38
-44,28,38
-56,34,35
-65,34,35
-45,26,37
-38,23,35
-32,18,36
-34,19,39
-41,22,40
-46,24,40
-44,23,39
-44,22,38
-43,22,38
-50,24,35
-51,24,33
-51,25,32
-52,25,31
-53,26,30
-54,26,28
-53,26,28
-54,26,29
-53,25,29
-53,24,29
-49,24,32
-49,23,32
-52,23,30
-53,23,29
-52,23,30
-50,22,31
-50,23,32
-49,23,31
-50,23,30
-53,22,31
-52,23,30
-52,23,30
-52,23,29
-51,23,29
-52,23,29
-52,23,29
-52,24,29
-52,24,29
-51,24,30
-51,23,30
-51,23,31
-52,23,31
-52,23,31
-51,23,31
-50,23,31
-51,23,30
-51,23,31
-50,22,31
-51,23,30
-52,23,31
-53,23,31
-52,23,30
-51,24,31
-51,23,32
-50,24,33
-50,24,34
-50,24,34
-49,23,34
-46,25,37
-45,25,38
-44,23,40
-39,23,43
-43,23,41
-38,22,39
-40,19,43
-44,21,44
-44,21,42
-45,22,39
-42,22,39
-42,23,39
-42,22,38
-45,23,39
-46,24,39
-46,24,40
-47,25,39
-46,24,38
-44,24,38
-45,22,40
-47,22,40
-45,22,43
-42,22,42
-44,21,38
-41,20,43
-45,21,43
-45,22,40
-43,22,41
-43,21,40
-43,22,40
-43,22,41
-43,22,41
-45,22,41
-46,23,40
-45,22,41
-44,22,40
-45,22,40
-45,23,40
-44,22,40
-43,22,40
-43,22,40
-44,21,40
-43,21,41
-43,22,42
-45,22,41
-45,22,41
-43,22,41
-44,22,40
-44,22,40
-44,22,41
-44,22,40
-44,22,40
-44,21,41
-44,22,41
-44,21,41
-44,21,41
-44,21,41
-44,21,41
-43,21,41
-43,21,41
-43,21,41
-45,22,41
-44,22,40
-44,22,40
-44,22,41
-44,22,40
-44,22,40
-45,22,41
-45,21,41
-45,21,40
-44,21,41
-45,21,41
-43,21,40
-44,21,40
-44,20,41
-42,20,40
-43,20,40
-39,20,39
-38,19,39
-39,18,37
-41,16,36
-42,15,37
-42,12,39
-45,10,40
-42,8,41
-40,7,41
-36,2,41
-38,-2,41
-37,-3,41
-33,-8,40
-34,-12,40
-37,-19,43
-38,-22,43
-37,-29,41
-39,-39,44
-43,-43,41
-45,-45,33
-42,-45,32
-41,-47,31
-42,-48,28
-39,-50,24
-37,-52,20
-36,-55,21
-38,-58,18
-39,-60,16
-42,-62,11
-40,-63,11
-36,-63,12
-32,-63,13
-30,-63,13
-28,-62,13
-27,-61,14
-25,-59,13
-25,-57,12
-25,-56,12
-25,-55,11
-25,-55,11
-26,-56,10
-26,-56,11
-26,-56,11
-26,-57,11
-26,-57,12
-25,-57,14
-24,-57,15
-24,-57,16
-24,-57,17
-27,-57,15
-30,-56,13
-29,-56,12
-27,-56,12
-27,-56,12
-28,-56,12
-28,-56,12
-29,-56,12
-29,-56,12
-28,-56,12
-29,-57,12
-29,-57,12
-29,-57,12
-28,-58,12
-28,-57,12
-26,-57,12
-26,-57,12
-26,-57,12
-26,-58,13
-26,-58,13
-26,-58,13
-25,-58,13
-26,-58,12
-25,-58,12
-25,-58,12
-25,-58,12
-25,-57,13
-25,-57,13
-25,-57,13
-26,-58,13
-26,-58,13
-26,-57,12
-27,-57,12
-27,-57,12
-27,-57,12
-27,-57,12
-27,-57,12
-27,-57,12
-27,-58,12
-27,-58,12
-27,-57,12
-27,-57,12
-27,-58,13
-27,-57,12
-27,-58,11
-27,-58,12
-27,-57,12
-26,-57,12
-27,-57,12
-27,-57,11
-27,-57,11
-27,-57,11
-27,-57,11
-27,-57,11
-27,-57,11
-27,-57,11
-27,-57,11
-27,-57,12
-27,-57,12
-27,-57,12
-27,-57,12
-27,-57,12
-26,-57,12
-26,-57,11
-27,-58,12
-27,-58,12
-26,-57,12
-27,-57,12
-27,-57,11
-26,-57,12
-27,-57,11
-27,-58,11
-27,-57,12
-26,-57,12
-26,-57,12
-27,-57,12
-27,-57,12
-27,-57,12
-27,-57,12
-27,-57,12
-27,-57,12
-27,-57,12
-27,-57,12
-27,-58,12
-27,-57,12
-27,-57,12
-27,-57,12
-27,-57,12
-27,-57,12
-26,-57,12
-27,-57,12
-27,-57,12
-27,-57,12
-26,-57,12
-27,-57,12
-26,-57,12
-26,-57,12
-27,-57,12
-27,-58,12
-26,-57,12
-26,-57,12
-26,-57,12
-26,-57,12
-27,-57,12
-27,-58,12
-27,-57,12
-27,-57,12
-27,-57,12
-26,-57,12
-27,-58,12
-27,-58,12
-27,-57,12
-26,-57,12
-26,-57,12
-26,-58,12
-26,-57,12
-26,-57,12
-27,-58,12
-26,-57,12
-26,-57,12
-26,-57,12
-26,-57,12
-27,-58,12
-27,-57,12
-27,-57,12
-27,-57,12
-26,-57,12
-26,-57,12
-27,-57,12
-27,-57,12
-26,-57,12
-26,-57,12
-27,-57,12
-26,-57,12
-26,-57,12
-26,-57,12
-26,-57,12
-26,-57,12
-26,-57,12
-26,-57,12
-26,-57,11
-27,-58,12
-27,-57,12
-27,-57,12
-26,-57,12
-26,-57,12
-26,-57,12
-27,-57,12
-27,-57,12
-27,-57,12
-27,-57,12
-27,-57,12
-27,-57,12
-27,-57,12
-27,-57,12
-26,-57,12
-27,-57,12
-26,-57,12
-26,-57,12
-26,-57,12
-26,-58,12
-27,-57,12
-27,-57,12
-27,-57,12
-26,-57,12
-26,-57,12
-27,-57,12
-27,-57,12
-27,-57,12
-26,-57,12
-27,-57,12
-27,-57,12
-27,-57,12
-27,-57,12
-27,-57,12
-27,-57,12
-26,-57,12
-27,-57,12
-26,-57,12
-27,-57,12
-27,-57,12
-27,-57,12
-27,-57,12
-28,-57,12
-27,-57,12
-27,-57,12
-26,-57,12
-27,-57,12
-27,-57,12
-26,-57,12
-27,-57,12
-26,-57,12
-26,-57,12
-26,-57,12
-26,-57,12
-27,-57,12
-26,-57,12
-26,-57,12
-26,-57,11
-27,-58,12
-27,-57,12
-27,-57,12
-27,-57,12
-26,-57,12
-27,-57,12
-27,-57,12
-27,-57,12
-27,-57,12
-27,-57,12
-27,-57,12
-27,-57,12
-27,-57,12
-27,-57,12
-27,-57,12
-27,-57,12
-27,-57,12
-27,-57,12
-26,-57,12
-27,-57,11
-27,-58,12
-27,-58,12
-27,-57,12
-27,-57,12
-26,-57,12
-26,-57,12
-27,-57,12
-27,-57,12
-27,-57,12
-27,-57,12
-27,-57,12
-27,-57,12
-27,-57,12
-27,-57,12
-27,-57,12
-27,-57,12
-27,-57,12
-26,-57,12
-27,-57,12
-26,-57,12
-27,-58,12
-27,-57,12
-27,-57,12
-27,-57,12
-27,-57,12
-27,-57,12
-27,-57,12
-27,-57,12
-27,-57,12
-27,-57,12
-27,-57,12
-27,-57,12
-27,-57,12
-27,-57,12
-27,-57,12
-27,-57,12
-27,-57,12
-27,-57,12
-27,-57,12
-27,-57,12
-27,-57,12
-27,-57,12
-27,-57,12
-27,-57,12
-27,-57,12
-27,-57,12
-27,-57,12
-27,-57,11
-27,-57,11
-27,-57,12
-27,-57,12
-27,-57,12
-27,-57,12
-28,-57,12
-27,-57,12
-27,-57,12
-27,-57,12
-27,-57,12
-26,-57,12
-26,-57,11
-26,-58,12
-27,-57,12
-27,-57,12
-27,-57,12
-27,-56,12
-27,-57,12
-27,-57,11
-28,-57,11
-28,-57,11
-28,-57,11
-28,-57,11
-28,-57,11
-28,-57,11
-28,-57,11
-28,-57,11
-28,-57,11
-28,-57,11
-27,-57,11
-27,-57,11
-27,-57,11
-28,-58,11
-28,-57,11
-27,-57,11
-27,-57,11
-27,-57,11
-27,-57,11
-27,-57,10
-27,-58,10
-27,-58,10
-27,-58,13
-28,-58,13
-27,-57,13
-26,-57,12
-26,-57,12
-27,-57,11
-27,-57,11
-26,-57,10
-26,-57,10
-25,-58,10
-25,-57,10
-25,-57,10
-25,-58,11
-25,-58,11
-25,-57,11
-25,-57,11
-26,-58,12
-25,-57,13
-26,-58,13
-28,-58,14
-28,-58,14
-27,-57,13
-27,-57,12
-27,-57,11
-27,-57,11
-27,-57,11
-27,-57,11
-28,-57,11
-28,-57,11
-28,-57,12
-28,-57,12
-28,-58,13
-28,-57,13
-26,-58,14
-26,-58,13
-26,-58,13
-25,-58,13
-25,-58,13
-25,-58,12
-25,-58,12
-25,-58,12
-25,-57,12
-25,-57,11
-26,-61,11
-25,-61,11
-24,-58,10
-24,-55,9
-23,-55,8
-24,-57,7
-26,-58,8
-28,-57,7
-27,-57,8
-30,-58,8
-29,-58,8
-28,-57,8
-28,-57,7
-29,-57,7
-29,-56,6
-29,-56,6
-29,-56,6
-29,-56,7
-30,-55,7
-30,-55,8
-30,-57,10
-24,-60,21
-29,-60,21
-36,-59,15
-36,-58,14
-33,-61,14
-34,-66,13
-36,-77,11
-34,-80,11
-32,-69,12
-26,-49,13
-25,-46,14
-26,-49,15
-23,-60,15
-20,-63,15
-13,-65,14
-12,-66,13
-17,-65,7
-20,-62,4
-26,-54,-1
-29,-48,-3
-30,-48,-3
-28,-50,-1
-26,-50,1
-25,-51,6
-23,-51,8
-20,-52,12
-20,-54,15
-21,-55,16
-25,-60,16
-30,-62,18
-21,-71,67
-31,-65,64
-28,-67,20
-32,-66,12
-28,-61,12
-21,-59,6
-20,-55,6
-17,-51,11
-17,-49,11
-23,-50,6
-25,-51,3
-25,-53,1
-28,-54,0
-32,-54,0
-38,-55,-1
-40,-56,-1
-40,-60,-1
-37,-63,3
-34,-63,5
-31,-61,8
-29,-62,9
-27,-63,10
-27,-64,11
-29,-65,10
-30,-65,8
-30,-65,6
-30,-65,5
-29,-65,4
-29,-65,3
-29,-65,3
-28,-63,2
-26,-62,2
-25,-61,2
-25,-59,3
-24,-58,2
-23,-55,3
-23,-54,3
-23,-54,3
-24,-53,4
-24,-53,4
-25,-54,6
-25,-55,6
-26,-57,8
-27,-59,11
-28,-60,12
-28,-60,14
-28,-60,15
-28,-60,17
-17,-60,29
-30,-61,33
-42,-57,15
-38,-55,15
-33,-54,11
-31,-56,11
-24,-58,11
-23,-59,12
-23,-60,14
-26,-59,11
-27,-59,10
-27,-59,9
-27,-57,9
-26,-55,7
-25,-56,6
-23,-64,11
-25,-66,19
-26,-66,18
-20,-57,22
-20,-52,21
-20,-48,18
-20,-49,16
-24,-49,12
-23,-50,12
-21,-52,13
-22,-69,14
-22,-83,20
-21,-70,33
-23,-53,33
-16,-45,18
-12,-52,14
-15,-57,14
-20,-56,12
-21,-53,11
-20,-52,9
-22,-53,9
-31,-55,10
-36,-61,19
-44,-59,25
-40,-58,25
-38,-56,22
-35,-56,19
-35,-56,16
-32,-57,14
-27,-57,12
-25,-57,12
-22,-58,11
-18,-61,11
-20,-63,13
-22,-63,12
-22,-61,12
-23,-58,11
-23,-57,11
-23,-57,12
-22,-56,12
-20,-56,14
-20,-57,15
-19,-57,16
-19,-59,16
-22,-60,18
-11,-60,33
-15,-60,36
-26,-57,29
-30,-56,21
-30,-54,19
-28,-55,17
-27,-55,17
-24,-56,16
-24,-56,15
-24,-56,15
-25,-55,15
-25,-55,15
-26,-55,16
-27,-56,17
-28,-56,18
-29,-56,18
-30,-55,17
-26,-56,19
-25,-55,20
-25,-57,21
-24,-57,22
-24,-57,21
-25,-56,20
-25,-56,18
-26,-56,18
-26,-55,17
-27,-55,18
-28,-55,18
-28,-55,18
-27,-56,19
-27,-56,19
-25,-56,19
-25,-56,18
-25,-56,18
-25,-56,18
-25,-57,17
-25,-57,18
-25,-57,18
-24,-57,18
-24,-57,18
-24,-57,18
-24,-57,18
-24,-57,17
-24,-57,18
-24,-57,18
-24,-56,18
-25,-56,18
-25,-56,19
-26,-56,19
-27,-56,18
-27,-56,18
-27,-56,18
-26,-56,18
-26,-56,18
-25,-56,18
-26,-56,18
-26,-56,18
-26,-56,18
-26,-55,18
-26,-56,18
-26,-56,18
-26,-56,17
-26,-56,17
-25,-56,18
-25,-56,18
-25,-57,18
-25,-57,18
-25,-57,18
-25,-57,18
-25,-57,17
-25,-57,18
-25,-57,18
-24,-57,18
-24,-57,17
-24,-57,18
-24,-57,18
-24,-57,18
-24,-56,18
-24,-57,18
-24,-57,18
-25,-57,17
-25,-57,18
-25,-56,18
-24,-56,18
-24,-56,18
-25,-56,18
-25,-56,18
-24,-56,18
-24,-56,18
-24,-57,18
-25,-56,18
-25,-56,18
-25,-56,19
-26,-57,19
-26,-56,19
-27,-55,19
-26,-55,18
-26,-56,18
-25,-56,18
-25,-56,18
-25,-56,18
-26,-56,19
-26,-56,18
-26,-56,19
-26,-55,18
-26,-56,18
-26,-56,18
-25,-56,18
-25,-56,18
-25,-57,18
-25,-56,18
-25,-57,17
-25,-57,18
-26,-56,18
-26,-56,18
-26,-56,18
-26,-56,18
-26,-56,18
-26,-57,18
-25,-57,17
-25,-57,18
-25,-56,18
-25,-56,18
-25,-56,18
-25,-56,18
-26,-56,17
-25,-56,18
-26,-56,18
-25,-56,18
-25,-56,18
-25,-56,18
-26,-57,18
-25,-56,18
-25,-56,18
-25,-56,18
-25,-56,18
-25,-56,18
-25,-57,18
-25,-57,18
-25,-57,19
-26,-58,19
-28,-59,22
-27,-60,27
-25,-60,31
-28,-57,21
-34,-56,19
-40,-52,17
-42,-50,17
-36,-47,19
-36,-45,19
-35,-44,15
-35,-44,14
-33,-44,15
-31,-44,14
-31,-45,14
-32,-47,17
-32,-49,18
-32,-51,19
-31,-50,19
-31,-50,19
-31,-50,21
-31,-50,21
-30,-51,21
-30,-51,21
-30,-54,25
-36,-55,28
-35,-56,30
-43,-53,22
-40,-53,20
-33,-53,17
-33,-55,17
-34,-57,18
-32,-55,18
-32,-53,16
-33,-50,16
-32,-49,16
-31,-48,15
-31,-49,16
-30,-50,16
-29,-52,18
-29,-53,20
-33,-56,23
-32,-56,26
-38,-59,27
-45,-62,25
-48,-64,26
-61,-64,22
-70,-65,19
-71,-57,21
-65,-50,24
-54,-35,28
-46,-21,20
-47,-17,18
-35,-12,19
-30,-7,19
-35,-5,22
-35,-3,25
-25,-4,30
-31,-4,50
-22,-4,52
-32,1,51
-37,0,55
-34,-2,54
-40,0,44
-37,3,50
-28,4,60
-24,4,61
-18,3,63
-20,3,64
-22,6,65
-20,6,66
-25,6,54
-33,7,52
-28,6,53
-23,8,55
-20,7,54
-16,7,58
-16,7,59
-18,6,65
-19,8,58
-18,10,56
-17,10,52
-15,10,47
-19,8,40
-21,1,52
-23,6,60
-22,6,66
-23,8,69
-22,10,66
-25,7,64
-35,9,63
-26,8,68
-37,5,53
-46,8,49
-47,4,44
-49,7,34
-49,6,32
-51,6,25
-52,6,31
-38,-4,40
-79,17,-17
-53,2,12
-57,4,13
-52,5,16
-64,7,9
-83,4,-7
-83,7,-10
-71,8,-13
-65,7,-9
-57,7,0
-58,7,4
-59,7,3
-66,6,5
-64,7,11
-66,8,5
-72,7,-1
-64,7,8
-60,9,10
-62,9,11
-58,9,15
-61,9,13
-61,13,11
-55,12,14
-50,14,18
-57,14,16
-67,10,14
-63,11,18
-63,11,17
-57,8,27
-54,6,28
-53,8,30
-52,10,31
-55,10,29
-50,10,31
-49,11,29
-41,17,27
-27,13,45
-34,3,59
-49,4,57
-46,4,55
-49,8,49
-42,8,48
-33,6,51
-32,6,53
-37,9,51
-41,7,52
-45,7,50
-34,6,53
-34,5,50
-33,7,48
-30,7,45
-24,6,39
-31,-2,53
-41,-8,62
-47,0,58
-44,-1,54
-48,1,49
-49,1,44
-43,2,42
-27,3,58
-31,-3,62
-50,-2,52
-48,-5,51
-51,0,51
-45,-4,52
-57,2,42
-49,-5,37
-44,2,38
-35,1,45
-31,2,45
-29,3,47
-36,0,42
-36,3,51
-44,0,54
-46,4,51
-40,5,50
-36,5,54
-41,5,45
-36,4,48
-35,2,51
-31,0,54
-30,1,54
-27,1,56
-37,0,53
-43,2,51
-43,1,47
-44,1,47
-44,1,51
-44,2,51
-46,0,46
-44,0,43
-44,-2,35
-34,-6,49
-48,-5,34
-34,-4,48
-44,0,43
-35,0,53
-41,3,53
-43,0,54
-47,-3,57
-51,1,53
-47,2,47
-49,1,42
-51,9,31
-44,5,32
-43,4,41
-47,2,48
-49,0,47
-51,0,45
-49,1,42
-34,-3,49
-39,-2,50
-42,2,48
-44,5,43
-40,5,46
-39,9,47
-36,5,47
-36,6,48
-35,3,50
-36,2,55
-49,3,48
-49,5,47
-46,6,47
-47,5,44
-45,6,43
-43,6,43
-41,8,43
-46,10,39
-41,8,42
-44,8,45
-43,7,47
-42,6,48
-42,6,49
-43,4,49
-41,5,49
-41,5,48
-41,6,47
-41,5,46
-39,6,48
-42,6,45
-43,5,45
-47,7,42
-47,8,42
-48,8,41
-48,8,40
-50,9,39
-50,9,39
-49,9,40
-50,9,39
-51,9,39
-48,9,39
-48,9,39
-48,9,40
-46,9,42
-48,9,41
-49,9,41
-50,10,41
-51,10,39
-51,10,38
-50,10,37
-51,11,37
-52,13,36
-53,14,34
-49,13,37
-48,11,38
-49,11,38
-51,9,39
-50,9,40
-50,10,38
-49,10,38
-48,10,40
-49,11,42
-49,11,41
-48,11,39
-48,10,39
-48,10,39
-49,10,38
-49,11,38
-48,10,39
-48,10,39
-50,11,38
-48,10,39
-47,11,39
-47,11,41
-48,10,40
-50,10,40
-48,10,40
-48,10,40
-50,10,39
-49,10,39
-50,10,40
-51,9,39
-52,10,39
-50,11,39
-51,11,39
-49,12,37
-50,12,39
-48,13,39
-48,12,40
-49,13,38
-47,12,39
-45,12,39
-49,12,40
-48,12,39
-48,13,38
-47,12,39
-47,12,41
-46,12,41
-46,12,41
-47,12,42
-49,12,40
-49,12,41
-48,12,40
-48,12,41
-48,11,41
-48,12,40
-48,12,39
-48,12,39
-47,11,40
-47,11,41
-47,12,40
-47,12,41
-45,10,42
-50,11,37
-47,11,38
-42,9,39
-46,9,38
-50,8,36
-51,7,37
-56,7,35
-54,6,33
-52,6,29
-57,3,32
-54,3,37
-56,4,34
-54,3,31
-59,2,32
-57,3,36
-57,3,36
-55,4,31
-57,2,30
-56,3,31
-57,2,33
-61,3,30
-60,4,27
-56,4,27
-51,3,31
-51,0,35
-52,1,32
-56,3,28
-56,1,29
-65,3,22
-65,3,21
-60,2,21
-54,2,26
-52,2,28
-58,2,24
-60,2,25
-54,2,28
-51,0,29
-59,2,25
-57,1,21
-60,1,16
-68,0,14
-75,2,11
-80,4,6
-85,6,3
-91,6,1
-71,7,16
-61,8,24
-55,16,28
-41,19,34
-33,17,37
-36,19,32
-31,21,32
-29,26,31
-25,25,29
-35,27,28
-48,27,26
-46,25,30
-50,22,34
-54,21,31
-48,15,29
-56,10,28
-52,10,39
-54,7,36
-62,5,35
-53,7,37
-46,11,40
-41,12,42
-41,13,41
-48,16,37
-50,17,35
-52,18,32
-51,18,36
-52,18,37
-51,18,37
-50,18,37
-55,17,32
-56,16,32
-51,14,34
-51,13,32
-51,12,31
-53,11,34
-51,11,35
-51,9,34
-48,8,35
-47,8,36
-49,5,36
-56,4,35
-61,0,37
-65,-4,37
-57,-3,42
-44,-7,50
-32,-6,56
-38,-3,56
-47,2,48
-57,8,29
-57,14,26
-51,21,27
-54,22,29
-56,24,22
-54,23,24
-52,23,26
-46,18,36
-45,17,40
-50,12,43
-53,10,40
-51,8,40
-45,8,41
-46,8,40
-52,10,34
-48,11,37
-50,13,37
-43,12,43
-51,12,42
-46,11,50
-50,11,47
-51,11,41
-50,11,42
-47,11,42
-41,12,37
-40,7,40
-37,8,46
-32,8,50
-39,11,51
-32,13,53
-35,15,47
-45,13,47
-41,12,46
-45,11,36
-46,9,35
-41,4,37
-43,-1,28
-48,-4,13
-65,-12,-2
-63,-12,-1
-75,-16,-10
-76,-16,-10
-67,-12,-8
-65,-11,-8
-65,-12,-8
-68,-11,-1
-68,-13,0
-65,-15,3
-65,-15,2
-76,-13,-5
-64,-19,5
-56,-20,18
-59,-20,21
-56,-19,23
-55,-19,31
-62,-17,31
-53,-14,34
-51,-13,31
-60,-10,20
-61,-7,23
-60,-8,23
-59,-4,25
-59,-4,24
-50,-3,26
-55,-1,26
-57,1,29
-52,1,31
-51,0,30
-63,-1,25
-70,-2,21
-72,-5,17
-60,-8,23
-54,-9,27
-48,-11,27
-46,-10,29
-49,-8,30
-54,-8,27
-54,-8,29
-56,-6,31
-60,-6,25
-58,-6,22
-66,-6,16
-71,-5,8
-69,-6,9
-61,-6,16
-63,-8,12
-62,-5,11
-71,-3,4
-65,-3,5
-62,-5,8
-57,-6,9
-63,-4,2
-60,-4,6
-57,-4,11
-54,-4,19
-55,-3,21
-62,-3,14
-66,-3,13
-70,-5,12
-68,-4,8
-65,-4,8
-62,-4,11
-62,-4,10
-63,-4,10
-66,-4,9
-64,-4,9
-64,-5,9
-64,-5,9
-69,-6,7
-65,-6,8
-60,-6,11
-60,-5,14
-58,-3,15
-56,-3,22
-56,-2,21
-61,-3,16
-62,-2,18
-66,-2,14
-62,-2,11
-67,-5,11
-61,-5,17
-65,-6,16
-59,-6,22
-57,-5,24
-58,-5,24
-61,-4,27
-62,-4,24
-55,-1,29
-55,-1,30
-57,0,27
-56,1,29
-59,-3,29
-54,-5,32
-52,-5,32
-53,-4,32
-53,-4,32
-54,-6,32
-50,-7,37
-45,-9,41
-44,-8,47
-46,-9,43
-51,-7,42
-53,-7,40
-53,-5,36
-49,-6,40
-49,-8,39
-47,-11,39
-45,-10,41
-45,-12,41
-45,-10,41
-46,-10,44
-48,-9,43
-46,-9,43
-45,-9,41
-47,-9,41
-47,-10,42
-47,-9,40
-43,-8,41
-45,-9,41
-46,-9,41
-45,-10,45
-45,-10,44
-44,-10,43
-46,-10,43
-48,-10,44
-53,-9,38
-52,-9,39
-51,-8,39
-51,-8,40
-49,-10,38
-48,-10,40
-50,-10,42
-49,-10,42
-49,-9,41
-47,-10,42
-48,-9,39
-46,-8,38
-46,-9,40
-45,-9,42
-47,-9,42
-50,-8,43
-49,-10,41
-50,-9,39
-46,-7,44
-45,-8,44
-46,-9,43
-47,-8,43
-46,-8,43
-46,-8,46
-44,-8,48
-43,-7,48
-41,-7,48
-41,-7,47
-39,-8,47
-40,-8,47
-42,-8,44
-39,-8,47
-42,-8,46
-43,-8,42
-42,-7,43
-37,-7,51
-36,-8,53
-38,-8,49
-42,-7,48
-37,-8,47
-38,-8,45
-40,-9,49
-39,-7,51
-39,-9,51
-38,-8,51
-39,-8,50
-40,-7,49
-39,-7,47
-42,-7,44
-39,-8,51
-39,-6,49
-31,-8,55
-31,-6,54
-37,-5,51
-39,-6,50
-42,-6,48
-38,-6,47
-36,-7,49
-36,-7,51
-33,-8,54
-33,-7,54
-31,-8,54
-30,-8,59
-24,-8,63
-26,-8,62
-27,-7,56
-20,-7,57
-23,-7,54
-17,-9,57
-14,-9,57
-23,-6,62
-20,-4,60
-18,-5,61
-19,-5,58
-14,-10,59
-24,-11,58
-29,-10,59
-22,-10,60
-21,-11,58
-24,-10,54
-26,-10,53
-32,-9,57
-37,-6,52
-32,-7,52
-34,-5,46
-38,-4,47
-44,-4,51
-45,-4,47
-42,-4,47
-47,-5,44
-50,-5,43
-47,-4,38
-50,-3,35
-56,-3,28
-60,0,23
-60,-2,26
-61,-1,12
-65,-2,10
-65,-1,13
-61,-1,14
-67,2,-4
-62,1,2
-63,-3,2
-75,-4,-5
-68,-3,-8
-68,1,-24
-73,-1,-12
-57,0,-5
-67,2,0
-67,1,-1
-63,6,-2
-62,5,-2
-60,5,-9
-63,4,-12
-67,2,-15
-70,1,-18
-66,3,-15
-62,6,-14
-57,7,-11
-57,11,-12
-56,10,-10
-57,11,-14
-55,10,-17
-59,10,-18
-55,11,-18
-59,10,-17
-55,11,-14
-60,10,-16
-62,12,-19
-61,10,-20
-62,12,-19
-59,12,-18
-58,11,-16
-56,12,-16
-57,11,-17
-60,12,-19
-57,11,-19
-55,11,-19
-56,10,-20
-58,9,-21
-61,10,-24
-63,9,-23
-63,9,-24
-58,9,-21
-58,8,-20
-59,8,-21
-59,7,-23
-62,9,-20
-64,8,-9
-62,9,-8
-60,11,-12
-61,11,-16
-60,7,-15
-58,5,-11
-71,7,-22
-53,3,-18
-59,0,-19
-59,2,-22
-52,3,-23
-67,5,-33
-67,6,-28
-58,6,-21
-55,9,-23
-52,9,-21
-64,10,-21
-65,10,-21
-61,10,-26
-61,11,-30
-63,11,-29
-58,9,-23
-59,12,-23
-58,11,-13
-57,12,-8
-56,14,-2
-55,15,-2
-66,12,-12
-66,11,-16
-65,10,-16
-65,8,-15
-61,9,-11
-56,11,0
-62,13,0
-59,16,7
-60,19,12
-59,19,13
-60,21,13
-60,21,11
-65,21,9
-64,21,10
-51,21,21
-51,21,21
-52,19,19
-66,16,9
-64,17,13
-67,16,13
-57,17,24
-56,19,25
-54,22,17
-59,23,16
-56,20,21
-55,20,22
-63,19,21
-56,20,17
-56,19,15
-53,18,18
-54,18,16
-57,18,17
-57,19,18
-57,19,17
-59,21,14
-56,20,13
-58,18,5
-55,15,2
-65,18,-10
-66,20,-22
-66,20,-22
-61,18,-12
-65,18,-14
-62,18,-13
-62,18,-11
-60,17,-12
-59,18,-15
-55,17,-9
-60,17,-12
-61,18,-12
-64,18,-13
-59,18,-11
-62,14,-3
-63,16,-3
-64,20,-14
-61,15,-6
-64,15,-3
-63,16,-1
-60,17,-3
-59,17,0
-66,18,-2
-70,18,0
-63,15,6
-59,15,6
-57,12,9
-57,14,7
-58,17,7
-63,20,9
-66,20,11
-60,20,14
-64,19,16
-57,19,19
-58,18,21
-56,17,21
-61,17,18
-57,18,16
-61,17,11
-62,17,9
-59,17,8
-61,16,7
-60,15,8
-56,15,10
-53,15,11
-57,15,11
-56,16,9
-58,17,4
-63,18,-1
-68,19,-3
-58,17,2
-62,16,1
-71,18,-9
-71,19,-13
-65,18,-13
-63,17,-12
-61,16,-11
-55,13,-4
-60,11,-6
-62,12,-10
-59,13,-11
-60,15,-11
-60,15,-11
-62,14,-10
-60,17,-8
-61,15,-8
-63,16,-7
-64,15,-7
-64,15,-9
-58,14,-6
-66,10,-10
-58,12,-5
-60,12,-7
-55,12,-7
-59,12,-8
-62,14,-13
-62,17,-8
-67,15,-11
-70,16,-16
-66,17,-14
-56,6,-2
-68,10,-15
-53,10,-8
-61,13,-8
-59,13,-8
-63,12,-9
-60,9,-6
-66,10,-11
-61,10,-11
-63,11,-12
-62,10,-14
-61,10,-14
-62,11,-15
-62,11,-16
-63,12,-14
-62,13,-13
-62,13,-11
-62,10,-9
-67,7,-9
-57,10,-8
-67,10,-15
-60,11,-14
-62,11,-14
-59,13,-12
-57,11,-9
-58,10,-10
-67,10,-16
-62,9,-10
-65,10,-12
-68,11,-16
-59,10,-12
-62,10,-13
-63,9,-12
-60,9,-10
-61,9,-10
-65,9,-10
-62,10,-9
-66,9,-10
-63,9,-9
-65,9,-10
-64,9,-8
-62,10,-8
-61,10,-9
-62,11,-9
-61,10,-7
-60,11,-7
-60,11,-6
-62,11,-7
-62,10,-7
-61,10,-7
-63,10,-8
-64,10,-9
-58,10,-6
-60,10,-7
-62,9,-11
-64,8,-11
-64,8,-11
-64,7,-11
-66,7,-11
-66,9,-13
-66,9,-12
-67,9,-12
-58,8,-7
-66,7,-9
-64,7,-7
-60,8,-6
-62,9,-7
-58,10,-5
-64,10,-6
-63,11,-6
-60,11,-4
-68,9,-7
-65,10,-7
-66,9,-7
-65,8,-7
-62,7,-6
-64,7,-7
-64,8,-9
-71,8,-13
-74,7,-13
-66,6,2
-63,7,4
-62,10,6
-60,10,16
-48,12,22
-48,13,25
-51,12,28
-43,8,44
-53,11,42
-52,10,41
-49,10,39
-48,8,42
-47,8,40
-49,8,39
-49,13,39
-48,12,42
-40,11,48
-40,12,47
-39,10,48
-37,10,50
-39,11,51
-40,12,48
-41,12,46
-43,12,47
-37,12,50
-36,11,50
-36,10,48
-37,9,48
-40,10,48
-41,11,48
-41,10,48
-38,11,48
-38,11,48
-39,11,49
-39,11,49
-38,11,50
-38,10,49
-40,10,47
-43,10,47
-44,10,47
-42,10,46
-42,10,47
-41,11,47
-41,10,48
-41,10,48
-41,10,47
-41,10,47
-41,10,46
-42,10,47
-40,10,47
-41,11,47
-42,11,47
-43,11,46
-43,10,45
-43,9,47
-43,10,47
-41,10,45
-42,10,48
-35,9,51
-36,10,48
-37,10,45
-48,11,41
-51,9,39
-52,12,38
-52,10,39
-54,12,36
-46,12,38
-47,11,35
-50,11,37
-50,11,38
-52,10,37
-52,10,36
-53,10,34
-54,11,31
-57,11,30
-54,10,32
-54,11,32
-54,11,31
-53,12,33
-53,12,32
-55,10,31
-52,11,31
-51,9,31
-52,10,25
-61,10,14
-66,10,14
-68,11,15
-77,12,35
-81,15,45
-90,28,52
-87,33,39
-95,36,3
-66,35,12
-58,35,18
-45,35,25
-28,34,35
-5,35,47
-12,35,44
-19,34,39
-36,31,39
-38,30,39
