Timestamp,HR
1561173333.0,61.0
1561173334.0,61.0
1561173335.0,59.0
1561173336.0,58.0
1561173337.0,63.0
1561173338.0,61.17
1561173339.0,59.86
1561173340.0,58.88
1561173341.0,58.11
1561173342.0,57.4
1561173343.0,57.09
1561173344.0,56.58
1561173345.0,56.23
1561173346.0,55.86
1561173347.0,55.53
1561173348.0,55.12
1561173349.0,55.65
1561173350.0,56.11
1561173351.0,56.53
1561173352.0,56.9
1561173353.0,57.14
1561173354.0,57.27
1561173355.0,57.48
1561173356.0,57.96
1561173357.0,58.36
1561173358.0,58.77
1561173359.0,59.15
1561173360.0,59.5
1561173361.0,59.83
1561173362.0,60.1
1561173363.0,60.39
1561173364.0,60.66
1561173365.0,60.88
1561173366.0,61.09
1561173367.0,61.29
1561173368.0,61.44
1561173369.0,61.59
1561173370.0,61.74
1561173371.0,61.87
1561173372.0,62.03
1561173373.0,62.17
1561173374.0,62.31
1561173375.0,62.44
1561173376.0,62.55
1561173377.0,62.67
1561173378.0,62.76
1561173379.0,62.85
1561173380.0,62.94
1561173381.0,63.0
1561173382.0,63.06
1561173383.0,63.12
1561173384.0,63.15
1561173385.0,63.19
1561173386.0,63.2
1561173387.0,63.22
1561173388.0,63.25
1561173389.0,63.3
1561173390.0,63.36
1561173391.0,63.42
1561173392.0,63.48
1561173393.0,63.62
1561173394.0,63.75
1561173395.0,64.0
1561173396.0,64.27
1561173397.0,64.07
1561173398.0,64.38
1561173399.0,64.72
1561173400.0,65.05
1561173401.0,65.37
1561173402.0,65.72
1561173403.0,66.03
1561173404.0,66.38
1561173405.0,66.73
1561173406.0,67.12
1561173407.0,67.52
1561173408.0,67.95
1561173409.0,68.18
1561173410.0,68.42
1561173411.0,68.65
1561173412.0,68.87
1561173413.0,69.18
1561173414.0,69.53
1561173415.0,69.87
1561173416.0,70.1
1561173417.0,70.35
1561173418.0,70.58
1561173419.0,70.87
1561173420.0,71.17
1561173421.0,71.47
1561173422.0,71.77
1561173423.0,72.02
1561173424.0,72.27
1561173425.0,72.5
1561173426.0,72.75
1561173427.0,72.97
1561173428.0,73.18
1561173429.0,73.38
1561173430.0,73.55
1561173431.0,73.7
1561173432.0,73.82
1561173433.0,73.92
1561173434.0,74.0
1561173435.0,74.07
1561173436.0,74.13
1561173437.0,74.18
1561173438.0,74.25
1561173439.0,74.32
1561173440.0,74.38
1561173441.0,74.47
1561173442.0,74.55
1561173443.0,74.65
1561173444.0,74.77
1561173445.0,74.88
1561173446.0,75.03
1561173447.0,75.2
1561173448.0,75.35
1561173449.0,75.48
1561173450.0,75.62
1561173451.0,75.75
1561173452.0,75.9
1561173453.0,76.02
1561173454.0,76.13
1561173455.0,76.23
1561173456.0,76.32
1561173457.0,76.4
1561173458.0,76.48
1561173459.0,76.55
1561173460.0,76.6
1561173461.0,76.67
1561173462.0,76.7
1561173463.0,76.72
1561173464.0,76.75
1561173465.0,76.77
1561173466.0,76.75
1561173467.0,76.72
1561173468.0,76.68
1561173469.0,76.6
1561173470.0,76.52
1561173471.0,76.43
1561173472.0,76.38
1561173473.0,76.27
1561173474.0,76.15
1561173475.0,76.0
1561173476.0,75.83
1561173477.0,75.67
1561173478.0,75.5
1561173479.0,75.28
1561173480.0,75.05
1561173481.0,74.82
1561173482.0,74.58
1561173483.0,74.38
1561173484.0,74.18
1561173485.0,74.02
1561173486.0,73.83
1561173487.0,73.68
1561173488.0,73.53
1561173489.0,73.42
1561173490.0,73.32
1561173491.0,73.25
1561173492.0,73.2
1561173493.0,73.18
1561173494.0,73.18
1561173495.0,73.2
1561173496.0,73.25
1561173497.0,73.32
1561173498.0,73.38
1561173499.0,73.47
1561173500.0,73.57
1561173501.0,73.67
1561173502.0,73.77
1561173503.0,73.87
1561173504.0,73.97
1561173505.0,74.05
1561173506.0,74.12
1561173507.0,74.15
1561173508.0,74.18
1561173509.0,74.18
1561173510.0,74.15
1561173511.0,74.1
1561173512.0,74.03
1561173513.0,73.95
1561173514.0,73.87
1561173515.0,73.77
1561173516.0,73.67
1561173517.0,73.55
1561173518.0,73.43
1561173519.0,73.33
1561173520.0,73.27
1561173521.0,73.22
1561173522.0,73.2
1561173523.0,73.18
1561173524.0,73.2
1561173525.0,73.22
1561173526.0,73.25
1561173527.0,73.3
1561173528.0,73.35
1561173529.0,73.4
1561173530.0,73.42
1561173531.0,73.42
1561173532.0,73.38
1561173533.0,73.33
1561173534.0,73.27
1561173535.0,73.22
1561173536.0,73.17
1561173537.0,73.12
1561173538.0,73.07
1561173539.0,73.02
1561173540.0,72.97
1561173541.0,72.92
1561173542.0,72.88
1561173543.0,72.85
1561173544.0,72.82
1561173545.0,72.78
1561173546.0,72.75
1561173547.0,72.72
1561173548.0,72.7
1561173549.0,72.67
1561173550.0,72.63
1561173551.0,72.58
1561173552.0,72.53
1561173553.0,72.47
1561173554.0,72.4
1561173555.0,72.35
1561173556.0,72.28
1561173557.0,72.2
1561173558.0,72.12
1561173559.0,72.02
1561173560.0,71.9
1561173561.0,71.78
1561173562.0,71.67
1561173563.0,71.53
1561173564.0,71.4
1561173565.0,71.27
1561173566.0,71.13
1561173567.0,71.02
1561173568.0,70.9
1561173569.0,70.82
1561173570.0,70.77
1561173571.0,70.73
1561173572.0,70.7
1561173573.0,70.68
1561173574.0,70.65
1561173575.0,70.63
1561173576.0,70.62
1561173577.0,70.62
1561173578.0,70.62
1561173579.0,70.6
1561173580.0,70.57
1561173581.0,70.52
1561173582.0,70.45
1561173583.0,70.38
1561173584.0,70.28
1561173585.0,70.2
1561173586.0,70.12
1561173587.0,70.02
1561173588.0,69.93
1561173589.0,69.85
1561173590.0,69.82
1561173591.0,69.8
1561173592.0,69.8
1561173593.0,69.82
1561173594.0,69.85
1561173595.0,69.88
1561173596.0,69.92
1561173597.0,69.95
1561173598.0,70.0
1561173599.0,70.05
1561173600.0,70.1
1561173601.0,70.15
1561173602.0,70.2
1561173603.0,70.23
1561173604.0,70.28
1561173605.0,70.32
1561173606.0,70.35
1561173607.0,70.38
1561173608.0,70.42
1561173609.0,70.47
1561173610.0,70.53
1561173611.0,70.58
1561173612.0,70.63
1561173613.0,70.68
1561173614.0,70.73
1561173615.0,70.77
1561173616.0,70.8
1561173617.0,70.83
1561173618.0,70.87
1561173619.0,70.88
1561173620.0,70.9
1561173621.0,70.92
1561173622.0,70.93
1561173623.0,70.95
1561173624.0,70.98
1561173625.0,71.03
1561173626.0,71.08
1561173627.0,71.13
1561173628.0,71.18
1561173629.0,71.23
1561173630.0,71.27
1561173631.0,71.3
1561173632.0,71.33
1561173633.0,71.37
1561173634.0,71.43
1561173635.0,71.48
1561173636.0,71.53
1561173637.0,71.58
1561173638.0,71.63
1561173639.0,71.68
1561173640.0,71.73
1561173641.0,71.78
1561173642.0,71.83
1561173643.0,71.88
1561173644.0,71.93
1561173645.0,71.97
1561173646.0,72.0
1561173647.0,72.03
1561173648.0,72.05
1561173649.0,72.08
1561173650.0,72.08
1561173651.0,72.08
1561173652.0,72.08
1561173653.0,72.08
1561173654.0,72.08
1561173655.0,72.08
1561173656.0,72.08
1561173657.0,72.08
1561173658.0,72.07
1561173659.0,72.05
1561173660.0,72.03
1561173661.0,72.02
1561173662.0,72.0
1561173663.0,72.0
1561173664.0,71.98
1561173665.0,71.98
1561173666.0,71.97
1561173667.0,71.95
1561173668.0,71.93
1561173669.0,71.9
1561173670.0,71.85
1561173671.0,71.82
1561173672.0,71.8
1561173673.0,71.77
1561173674.0,71.73
1561173675.0,71.7
1561173676.0,71.67
1561173677.0,71.63
1561173678.0,71.6
1561173679.0,71.58
1561173680.0,71.57
1561173681.0,71.53
1561173682.0,71.52
1561173683.0,71.5
1561173684.0,71.47
1561173685.0,71.45
1561173686.0,71.43
1561173687.0,71.42
1561173688.0,71.4
1561173689.0,71.38
1561173690.0,71.37
1561173691.0,71.35
1561173692.0,71.33
1561173693.0,71.33
1561173694.0,71.32
1561173695.0,71.32
1561173696.0,71.32
1561173697.0,71.33
1561173698.0,71.35
1561173699.0,71.37
1561173700.0,71.38
1561173701.0,71.4
1561173702.0,71.42
1561173703.0,71.43
1561173704.0,71.45
1561173705.0,71.47
1561173706.0,71.48
1561173707.0,71.5
1561173708.0,71.52
1561173709.0,71.53
1561173710.0,71.57
1561173711.0,71.6
1561173712.0,71.63
1561173713.0,71.67
1561173714.0,71.7
1561173715.0,71.73
1561173716.0,71.77
1561173717.0,71.8
1561173718.0,71.83
1561173719.0,71.87
1561173720.0,71.9
1561173721.0,71.93
1561173722.0,71.97
1561173723.0,72.0
1561173724.0,72.03
1561173725.0,72.07
1561173726.0,72.12
1561173727.0,72.17
1561173728.0,72.22
1561173729.0,72.28
1561173730.0,72.37
1561173731.0,72.45
1561173732.0,72.52
1561173733.0,72.58
1561173734.0,72.63
1561173735.0,72.68
1561173736.0,72.73
1561173737.0,72.78
1561173738.0,72.83
1561173739.0,72.87
1561173740.0,72.9
1561173741.0,72.95
1561173742.0,72.98
1561173743.0,73.03
1561173744.0,73.07
1561173745.0,73.08
1561173746.0,73.1
1561173747.0,73.1
1561173748.0,73.1
1561173749.0,73.08
1561173750.0,73.07
1561173751.0,73.05
1561173752.0,73.03
1561173753.0,73.0
1561173754.0,72.97
1561173755.0,72.95
1561173756.0,72.93
1561173757.0,72.9
1561173758.0,72.88
1561173759.0,72.87
1561173760.0,72.85
1561173761.0,72.83
1561173762.0,72.82
1561173763.0,72.8
1561173764.0,72.78
1561173765.0,72.77
1561173766.0,72.73
1561173767.0,72.7
1561173768.0,72.67
1561173769.0,72.62
1561173770.0,72.57
1561173771.0,72.52
1561173772.0,72.47
1561173773.0,72.42
1561173774.0,72.38
1561173775.0,72.35
1561173776.0,72.32
1561173777.0,72.28
1561173778.0,72.25
1561173779.0,72.22
1561173780.0,72.18
1561173781.0,72.15
1561173782.0,72.1
1561173783.0,72.05
1561173784.0,72.0
1561173785.0,71.93
1561173786.0,71.87
1561173787.0,71.8
1561173788.0,71.73
1561173789.0,71.65
1561173790.0,71.57
1561173791.0,71.48
1561173792.0,71.42
1561173793.0,71.37
1561173794.0,71.33
1561173795.0,71.3
1561173796.0,71.27
1561173797.0,71.22
1561173798.0,71.17
1561173799.0,71.13
1561173800.0,71.08
1561173801.0,71.03
1561173802.0,70.98
1561173803.0,70.9
1561173804.0,70.83
1561173805.0,70.77
1561173806.0,70.7
1561173807.0,70.65
1561173808.0,70.6
1561173809.0,70.57
1561173810.0,70.53
1561173811.0,70.5
1561173812.0,70.48
1561173813.0,70.47
1561173814.0,70.45
1561173815.0,70.42
1561173816.0,70.38
1561173817.0,70.35
1561173818.0,70.3
1561173819.0,70.25
1561173820.0,70.2
1561173821.0,70.15
1561173822.0,70.1
1561173823.0,70.05
1561173824.0,70.0
1561173825.0,69.95
1561173826.0,69.92
1561173827.0,69.9
1561173828.0,69.88
1561173829.0,69.88
1561173830.0,69.88
1561173831.0,69.9
1561173832.0,69.92
1561173833.0,69.93
1561173834.0,69.93
1561173835.0,69.95
1561173836.0,69.97
1561173837.0,69.98
1561173838.0,70.0
1561173839.0,70.0
1561173840.0,70.0
1561173841.0,70.0
1561173842.0,70.0
1561173843.0,70.0
1561173844.0,69.98
1561173845.0,69.98
1561173846.0,69.98
1561173847.0,69.98
1561173848.0,69.98
1561173849.0,69.97
1561173850.0,69.95
1561173851.0,69.93
1561173852.0,69.9
1561173853.0,69.88
1561173854.0,69.87
1561173855.0,69.85
1561173856.0,69.83
1561173857.0,69.83
1561173858.0,69.83
1561173859.0,69.85
1561173860.0,69.88
1561173861.0,69.92
1561173862.0,69.95
1561173863.0,70.0
1561173864.0,70.07
1561173865.0,70.13
1561173866.0,70.22
1561173867.0,70.3
1561173868.0,70.38
1561173869.0,70.47
1561173870.0,70.55
1561173871.0,70.63
1561173872.0,70.7
1561173873.0,70.77
1561173874.0,70.83
1561173875.0,70.9
1561173876.0,70.97
1561173877.0,71.03
1561173878.0,71.1
1561173879.0,71.17
1561173880.0,71.23
1561173881.0,71.3
1561173882.0,71.38
1561173883.0,71.47
1561173884.0,71.55
1561173885.0,71.63
1561173886.0,71.72
1561173887.0,71.78
1561173888.0,71.85
1561173889.0,71.92
1561173890.0,71.97
1561173891.0,72.02
1561173892.0,72.07
1561173893.0,72.12
1561173894.0,72.17
1561173895.0,72.18
1561173896.0,72.2
1561173897.0,72.22
1561173898.0,72.23
1561173899.0,72.27
1561173900.0,72.28
1561173901.0,72.3
1561173902.0,72.33
1561173903.0,72.37
1561173904.0,72.42
1561173905.0,72.47
1561173906.0,72.52
1561173907.0,72.57
1561173908.0,72.62
1561173909.0,72.67
1561173910.0,72.72
1561173911.0,72.77
1561173912.0,72.8
1561173913.0,72.82
1561173914.0,72.83
1561173915.0,72.85
1561173916.0,72.85
1561173917.0,72.85
1561173918.0,72.83
1561173919.0,72.8
1561173920.0,72.77
1561173921.0,72.73
1561173922.0,72.7
1561173923.0,72.67
1561173924.0,72.6
1561173925.0,72.53
1561173926.0,72.45
1561173927.0,72.37
1561173928.0,72.28
1561173929.0,72.2
1561173930.0,72.12
1561173931.0,72.05
1561173932.0,71.98
1561173933.0,71.92
1561173934.0,71.85
1561173935.0,71.78
1561173936.0,71.72
1561173937.0,71.65
1561173938.0,71.58
1561173939.0,71.52
1561173940.0,71.45
1561173941.0,71.38
1561173942.0,71.3
1561173943.0,71.2
1561173944.0,71.12
1561173945.0,71.03
1561173946.0,70.95
1561173947.0,70.87
1561173948.0,70.77
1561173949.0,70.65
1561173950.0,70.53
1561173951.0,70.4
1561173952.0,70.27
1561173953.0,70.13
1561173954.0,70.0
1561173955.0,69.88
1561173956.0,69.77
1561173957.0,69.65
1561173958.0,69.53
1561173959.0,69.42
1561173960.0,69.33
1561173961.0,69.25
1561173962.0,69.17
1561173963.0,69.08
1561173964.0,69.02
1561173965.0,68.95
1561173966.0,68.87
1561173967.0,68.78
1561173968.0,68.7
1561173969.0,68.63
1561173970.0,68.55
1561173971.0,68.47
1561173972.0,68.38
1561173973.0,68.3
1561173974.0,68.22
1561173975.0,68.13
1561173976.0,68.07
1561173977.0,68.0
1561173978.0,67.95
1561173979.0,67.9
1561173980.0,67.85
1561173981.0,67.8
1561173982.0,67.75
1561173983.0,67.7
1561173984.0,67.67
1561173985.0,67.63
1561173986.0,67.6
1561173987.0,67.55
1561173988.0,67.48
1561173989.0,67.4
1561173990.0,67.33
1561173991.0,67.27
1561173992.0,67.2
1561173993.0,67.13
1561173994.0,67.05
1561173995.0,66.95
1561173996.0,66.83
1561173997.0,66.7
1561173998.0,66.58
1561173999.0,66.47
1561174000.0,66.35
1561174001.0,66.25
1561174002.0,66.17
1561174003.0,66.1
1561174004.0,66.03
1561174005.0,66.0
1561174006.0,65.98
1561174007.0,65.98
1561174008.0,66.0
1561174009.0,66.03
1561174010.0,66.08
1561174011.0,66.13
1561174012.0,66.18
1561174013.0,66.23
1561174014.0,66.28
1561174015.0,66.33
1561174016.0,66.38
1561174017.0,66.45
1561174018.0,66.5
1561174019.0,66.57
1561174020.0,66.62
1561174021.0,66.65
1561174022.0,66.68
1561174023.0,66.72
1561174024.0,66.73
1561174025.0,66.77
1561174026.0,66.82
1561174027.0,66.87
1561174028.0,66.92
1561174029.0,66.97
1561174030.0,67.03
1561174031.0,67.08
1561174032.0,67.15
1561174033.0,67.22
1561174034.0,67.27
1561174035.0,67.32
1561174036.0,67.37
1561174037.0,67.4
1561174038.0,67.43
1561174039.0,67.47
1561174040.0,67.48
1561174041.0,67.5
1561174042.0,67.52
1561174043.0,67.53
1561174044.0,67.55
1561174045.0,67.55
1561174046.0,67.55
1561174047.0,67.57
1561174048.0,67.58
1561174049.0,67.62
1561174050.0,67.63
1561174051.0,67.63
1561174052.0,67.62
1561174053.0,67.6
1561174054.0,67.6
1561174055.0,67.62
1561174056.0,67.65
1561174057.0,67.7
1561174058.0,67.73
1561174059.0,67.77
1561174060.0,67.8
1561174061.0,67.82
1561174062.0,67.82
1561174063.0,67.83
1561174064.0,67.83
1561174065.0,67.78
1561174066.0,67.72
1561174067.0,67.63
1561174068.0,67.55
1561174069.0,67.45
1561174070.0,67.35
1561174071.0,67.25
1561174072.0,67.15
1561174073.0,67.05
1561174074.0,66.93
1561174075.0,66.82
1561174076.0,66.72
1561174077.0,66.6
1561174078.0,66.5
1561174079.0,66.38
1561174080.0,66.27
1561174081.0,66.17
1561174082.0,66.07
1561174083.0,65.97
1561174084.0,65.87
1561174085.0,65.75
1561174086.0,65.63
1561174087.0,65.52
1561174088.0,65.42
1561174089.0,65.32
1561174090.0,65.2
1561174091.0,65.1
1561174092.0,65.02
1561174093.0,64.93
1561174094.0,64.87
1561174095.0,64.8
1561174096.0,64.73
1561174097.0,64.68
1561174098.0,64.63
1561174099.0,64.58
1561174100.0,64.57
1561174101.0,64.55
1561174102.0,64.55
1561174103.0,64.55
1561174104.0,64.55
1561174105.0,64.57
1561174106.0,64.58
1561174107.0,64.58
1561174108.0,64.6
1561174109.0,64.62
1561174110.0,64.63
1561174111.0,64.65
1561174112.0,64.68
1561174113.0,64.72
1561174114.0,64.75
1561174115.0,64.78
1561174116.0,64.8
1561174117.0,64.82
1561174118.0,64.82
1561174119.0,64.82
1561174120.0,64.82
1561174121.0,64.83
1561174122.0,64.85
1561174123.0,64.85
1561174124.0,64.85
1561174125.0,64.87
1561174126.0,64.9
1561174127.0,64.92
1561174128.0,64.93
1561174129.0,64.93
1561174130.0,64.93
1561174131.0,64.93
1561174132.0,64.93
1561174133.0,64.93
1561174134.0,64.95
1561174135.0,64.97
1561174136.0,64.97
1561174137.0,64.98
1561174138.0,65.0
1561174139.0,65.02
1561174140.0,65.05
1561174141.0,65.08
1561174142.0,65.12
1561174143.0,65.13
1561174144.0,65.17
1561174145.0,65.2
1561174146.0,65.23
1561174147.0,65.25
1561174148.0,65.22
1561174149.0,65.15
1561174150.0,65.08
1561174151.0,65.02
1561174152.0,64.97
1561174153.0,64.92
1561174154.0,64.85
1561174155.0,64.77
1561174156.0,64.68
1561174157.0,64.6
1561174158.0,64.52
1561174159.0,64.43
1561174160.0,64.35
1561174161.0,64.27
1561174162.0,64.17
1561174163.0,64.07
1561174164.0,63.97
1561174165.0,63.88
1561174166.0,63.78
1561174167.0,63.72
1561174168.0,63.65
1561174169.0,63.6
1561174170.0,63.55
1561174171.0,63.5
1561174172.0,63.45
1561174173.0,63.4
1561174174.0,63.35
1561174175.0,63.3
1561174176.0,63.27
1561174177.0,63.23
1561174178.0,63.22
1561174179.0,63.2
1561174180.0,63.18
1561174181.0,63.15
1561174182.0,63.12
1561174183.0,63.08
1561174184.0,63.05
1561174185.0,63.0
1561174186.0,62.93
1561174187.0,62.88
1561174188.0,62.83
1561174189.0,62.8
1561174190.0,62.78
1561174191.0,62.77
1561174192.0,62.75
1561174193.0,62.73
1561174194.0,62.72
1561174195.0,62.72
1561174196.0,62.73
1561174197.0,62.73
1561174198.0,62.75
1561174199.0,62.77
1561174200.0,62.75
1561174201.0,62.73
1561174202.0,62.73
1561174203.0,62.75
1561174204.0,62.75
1561174205.0,62.75
1561174206.0,62.73
1561174207.0,62.73
1561174208.0,62.75
1561174209.0,62.8
1561174210.0,62.87
1561174211.0,62.95
1561174212.0,62.98
1561174213.0,63.02
1561174214.0,63.07
1561174215.0,63.12
1561174216.0,63.18
1561174217.0,63.23
1561174218.0,63.3
1561174219.0,63.35
1561174220.0,63.38
1561174221.0,63.42
1561174222.0,63.48
1561174223.0,63.58
1561174224.0,63.7
1561174225.0,63.83
1561174226.0,63.98
1561174227.0,64.12
1561174228.0,64.25
1561174229.0,64.38
1561174230.0,64.52
1561174231.0,64.63
1561174232.0,64.75
1561174233.0,64.9
1561174234.0,65.08
1561174235.0,65.22
1561174236.0,65.5
1561174237.0,65.75
1561174238.0,65.97
1561174239.0,66.2
1561174240.0,66.42
1561174241.0,66.6
1561174242.0,66.73
1561174243.0,66.82
1561174244.0,66.88
1561174245.0,66.98
1561174246.0,67.07
1561174247.0,67.17
1561174248.0,67.37
1561174249.0,67.58
1561174250.0,67.78
1561174251.0,68.02
1561174252.0,68.23
1561174253.0,68.33
1561174254.0,68.53
1561174255.0,68.83
1561174256.0,69.12
1561174257.0,69.4
1561174258.0,69.67
1561174259.0,69.93
1561174260.0,70.22
1561174261.0,70.48
1561174262.0,70.73
1561174263.0,71.03
1561174264.0,71.37
1561174265.0,71.68
1561174266.0,72.03
1561174267.0,72.4
1561174268.0,72.82
1561174269.0,73.25
1561174270.0,73.68
1561174271.0,74.07
1561174272.0,74.47
1561174273.0,74.88
1561174274.0,75.32
1561174275.0,75.68
1561174276.0,76.02
1561174277.0,76.37
1561174278.0,76.75
1561174279.0,77.3
1561174280.0,77.82
1561174281.0,78.3
1561174282.0,78.73
1561174283.0,79.12
1561174284.0,79.48
1561174285.0,79.82
1561174286.0,80.13
1561174287.0,80.25
1561174288.0,80.38
1561174289.0,80.53
1561174290.0,80.72
1561174291.0,80.95
1561174292.0,81.17
1561174293.0,81.33
1561174294.0,81.45
1561174295.0,81.58
1561174296.0,81.48
1561174297.0,81.42
1561174298.0,81.38
1561174299.0,81.35
1561174300.0,81.33
1561174301.0,81.35
1561174302.0,81.4
1561174303.0,81.5
1561174304.0,81.62
1561174305.0,81.75
1561174306.0,81.92
1561174307.0,82.07
1561174308.0,82.08
1561174309.0,82.07
1561174310.0,82.05
1561174311.0,81.98
1561174312.0,81.92
1561174313.0,81.97
1561174314.0,81.92
1561174315.0,81.73
1561174316.0,81.53
1561174317.0,81.33
1561174318.0,81.13
1561174319.0,80.93
1561174320.0,80.73
1561174321.0,80.55
1561174322.0,80.37
1561174323.0,80.13
1561174324.0,79.87
1561174325.0,79.62
1561174326.0,79.35
1561174327.0,79.07
1561174328.0,78.75
1561174329.0,78.42
1561174330.0,78.08
1561174331.0,77.78
1561174332.0,77.48
1561174333.0,77.17
1561174334.0,76.83
1561174335.0,76.58
1561174336.0,76.37
1561174337.0,76.15
1561174338.0,75.88
1561174339.0,75.45
1561174340.0,75.05
1561174341.0,74.68
1561174342.0,74.33
1561174343.0,73.98
1561174344.0,73.63
1561174345.0,73.28
1561174346.0,72.95
1561174347.0,72.82
1561174348.0,72.67
1561174349.0,72.5
1561174350.0,72.3
1561174351.0,72.07
1561174352.0,71.85
1561174353.0,71.65
1561174354.0,71.47
1561174355.0,71.32
1561174356.0,71.25
1561174357.0,71.18
1561174358.0,71.1
1561174359.0,71.0
1561174360.0,70.9
1561174361.0,70.78
1561174362.0,70.7
1561174363.0,70.62
1561174364.0,70.52
1561174365.0,70.38
1561174366.0,70.23
1561174367.0,70.08
1561174368.0,69.98
1561174369.0,69.9
1561174370.0,69.82
1561174371.0,69.77
1561174372.0,69.72
1561174373.0,69.68
1561174374.0,69.65
1561174375.0,69.63
1561174376.0,69.63
1561174377.0,69.63
1561174378.0,69.63
1561174379.0,69.63
1561174380.0,69.63
1561174381.0,69.63
1561174382.0,69.63
1561174383.0,69.63
1561174384.0,69.63
1561174385.0,69.63
1561174386.0,69.63
1561174387.0,69.63
1561174388.0,69.65
1561174389.0,69.67
1561174390.0,69.68
1561174391.0,69.72
1561174392.0,69.75
1561174393.0,69.78
1561174394.0,69.83
1561174395.0,69.88
1561174396.0,69.92
1561174397.0,69.95
1561174398.0,69.98
1561174399.0,70.03
1561174400.0,70.08
1561174401.0,70.13
1561174402.0,70.18
1561174403.0,70.25
1561174404.0,70.32
1561174405.0,70.37
1561174406.0,70.42
1561174407.0,70.45
1561174408.0,70.48
1561174409.0,70.48
1561174410.0,70.48
1561174411.0,70.48
1561174412.0,70.48
1561174413.0,70.48
1561174414.0,70.48
1561174415.0,70.47
1561174416.0,70.45
1561174417.0,70.43
1561174418.0,70.43
1561174419.0,70.43
1561174420.0,70.43
1561174421.0,70.43
1561174422.0,70.42
1561174423.0,70.4
1561174424.0,70.4
1561174425.0,70.4
1561174426.0,70.42
1561174427.0,70.43
1561174428.0,70.43
1561174429.0,70.42
1561174430.0,70.38
1561174431.0,70.33
1561174432.0,70.3
1561174433.0,70.25
1561174434.0,70.2
1561174435.0,70.15
1561174436.0,70.1
1561174437.0,70.03
1561174438.0,69.97
1561174439.0,69.87
1561174440.0,69.78
1561174441.0,69.7
1561174442.0,69.63
1561174443.0,69.57
1561174444.0,69.5
1561174445.0,69.42
1561174446.0,69.33
1561174447.0,69.27
1561174448.0,69.18
1561174449.0,69.1
1561174450.0,69.0
1561174451.0,68.87
1561174452.0,68.75
1561174453.0,68.62
1561174454.0,68.48
1561174455.0,68.33
1561174456.0,68.18
1561174457.0,68.02
1561174458.0,67.82
1561174459.0,67.6
1561174460.0,67.35
1561174461.0,67.1
1561174462.0,66.87
1561174463.0,66.62
1561174464.0,66.35
1561174465.0,66.08
1561174466.0,65.8
1561174467.0,65.52
1561174468.0,65.27
1561174469.0,65.05
1561174470.0,64.85
1561174471.0,64.63
1561174472.0,64.42
1561174473.0,64.18
1561174474.0,63.95
1561174475.0,63.75
1561174476.0,63.57
1561174477.0,63.42
1561174478.0,63.27
1561174479.0,63.13
1561174480.0,63.0
1561174481.0,62.87
1561174482.0,62.73
1561174483.0,62.62
1561174484.0,62.5
1561174485.0,62.38
1561174486.0,62.27
1561174487.0,62.15
1561174488.0,62.03
1561174489.0,61.92
1561174490.0,61.82
1561174491.0,61.73
1561174492.0,61.67
1561174493.0,61.62
1561174494.0,61.57
1561174495.0,61.52
1561174496.0,61.47
1561174497.0,61.43
1561174498.0,61.4
1561174499.0,61.4
1561174500.0,61.4
1561174501.0,61.4
1561174502.0,61.38
1561174503.0,61.37
1561174504.0,61.35
1561174505.0,61.35
1561174506.0,61.35
1561174507.0,61.33
1561174508.0,61.32
1561174509.0,61.3
1561174510.0,61.3
1561174511.0,61.32
1561174512.0,61.32
1561174513.0,61.32
1561174514.0,61.3
1561174515.0,61.3
1561174516.0,61.3
1561174517.0,61.32
1561174518.0,61.37
1561174519.0,61.42
1561174520.0,61.5
1561174521.0,61.57
1561174522.0,61.62
1561174523.0,61.7
1561174524.0,61.8
1561174525.0,61.92
1561174526.0,62.05
1561174527.0,62.2
1561174528.0,62.32
1561174529.0,62.43
1561174530.0,62.55
1561174531.0,62.68
1561174532.0,62.83
1561174533.0,63.0
1561174534.0,63.17
1561174535.0,63.32
1561174536.0,63.45
1561174537.0,63.55
1561174538.0,63.6
1561174539.0,63.6
1561174540.0,63.57
1561174541.0,63.52
1561174542.0,63.5
1561174543.0,63.48
1561174544.0,63.45
1561174545.0,63.42
1561174546.0,63.37
1561174547.0,63.33
1561174548.0,63.32
1561174549.0,63.33
1561174550.0,63.37
1561174551.0,63.4
1561174552.0,63.4
1561174553.0,63.38
1561174554.0,63.37
1561174555.0,63.35
1561174556.0,63.33
1561174557.0,63.33
1561174558.0,63.35
1561174559.0,63.37
1561174560.0,63.35
1561174561.0,63.33
1561174562.0,63.32
1561174563.0,63.32
1561174564.0,63.32
1561174565.0,63.33
1561174566.0,63.35
1561174567.0,63.37
1561174568.0,63.38
1561174569.0,63.4
1561174570.0,63.42
1561174571.0,63.43
1561174572.0,63.45
1561174573.0,63.48
1561174574.0,63.53
1561174575.0,63.58
1561174576.0,63.65
1561174577.0,63.72
1561174578.0,63.78
1561174579.0,63.87
1561174580.0,63.95
1561174581.0,64.05
1561174582.0,64.15
1561174583.0,64.23
1561174584.0,64.3
1561174585.0,64.35
1561174586.0,64.42
1561174587.0,64.48
1561174588.0,64.55
1561174589.0,64.62
1561174590.0,64.67
1561174591.0,64.72
1561174592.0,64.75
1561174593.0,64.78
1561174594.0,64.82
1561174595.0,64.87
1561174596.0,64.92
1561174597.0,64.97
1561174598.0,65.07
1561174599.0,65.2
1561174600.0,65.35
1561174601.0,65.53
1561174602.0,65.68
1561174603.0,65.82
1561174604.0,65.97
1561174605.0,66.1
1561174606.0,66.23
1561174607.0,66.33
1561174608.0,66.4
1561174609.0,66.43
1561174610.0,66.45
1561174611.0,66.45
1561174612.0,66.47
1561174613.0,66.48
1561174614.0,66.48
1561174615.0,66.5
1561174616.0,66.52
1561174617.0,66.53
1561174618.0,66.52
1561174619.0,66.52
1561174620.0,66.5
1561174621.0,66.45
1561174622.0,66.38
1561174623.0,66.28
1561174624.0,66.18
1561174625.0,66.08
1561174626.0,65.97
1561174627.0,65.85
1561174628.0,65.75
1561174629.0,65.65
1561174630.0,65.57
1561174631.0,65.52
1561174632.0,65.48
1561174633.0,65.47
1561174634.0,65.45
1561174635.0,65.43
1561174636.0,65.4
1561174637.0,65.37
1561174638.0,65.35
1561174639.0,65.33
1561174640.0,65.32
1561174641.0,65.32
1561174642.0,65.32
1561174643.0,65.32
1561174644.0,65.33
1561174645.0,65.37
1561174646.0,65.38
1561174647.0,65.38
1561174648.0,65.38
1561174649.0,65.35
1561174650.0,65.32
1561174651.0,65.27
1561174652.0,65.22
1561174653.0,65.17
1561174654.0,65.12
1561174655.0,65.07
1561174656.0,65.02
1561174657.0,64.95
1561174658.0,64.88
1561174659.0,64.82
1561174660.0,64.75
1561174661.0,64.68
1561174662.0,64.62
1561174663.0,64.58
1561174664.0,64.55
1561174665.0,64.52
1561174666.0,64.5
1561174667.0,64.5
1561174668.0,64.53
1561174669.0,64.6
1561174670.0,64.67
1561174671.0,64.73
1561174672.0,64.78
1561174673.0,64.82
1561174674.0,64.87
1561174675.0,64.88
1561174676.0,64.9
1561174677.0,64.9
1561174678.0,64.9
1561174679.0,64.87
1561174680.0,64.88
1561174681.0,64.9
1561174682.0,64.9
1561174683.0,64.9
1561174684.0,64.88
1561174685.0,64.85
1561174686.0,64.83
1561174687.0,64.8
1561174688.0,64.75
1561174689.0,64.7
1561174690.0,64.63
1561174691.0,64.55
1561174692.0,64.47
1561174693.0,64.38
1561174694.0,64.28
1561174695.0,64.18
1561174696.0,64.1
1561174697.0,64.03
1561174698.0,63.97
1561174699.0,63.92
1561174700.0,63.87
1561174701.0,63.8
1561174702.0,63.75
1561174703.0,63.7
1561174704.0,63.67
1561174705.0,63.63
1561174706.0,63.6
1561174707.0,63.58
1561174708.0,63.57
1561174709.0,63.57
1561174710.0,63.57
1561174711.0,63.58
1561174712.0,63.62
1561174713.0,63.65
1561174714.0,63.68
1561174715.0,63.7
1561174716.0,63.7
1561174717.0,63.72
1561174718.0,63.73
1561174719.0,63.75
1561174720.0,63.78
1561174721.0,63.82
1561174722.0,63.85
1561174723.0,63.85
1561174724.0,63.87
1561174725.0,63.9
1561174726.0,63.92
1561174727.0,63.93
1561174728.0,63.93
1561174729.0,63.92
1561174730.0,63.9
1561174731.0,63.87
1561174732.0,63.83
1561174733.0,63.82
1561174734.0,63.78
1561174735.0,63.75
1561174736.0,63.72
1561174737.0,63.68
1561174738.0,63.68
1561174739.0,63.68
1561174740.0,63.67
1561174741.0,63.68
1561174742.0,63.73
1561174743.0,63.8
1561174744.0,63.88
1561174745.0,63.97
1561174746.0,64.05
1561174747.0,64.15
1561174748.0,64.27
1561174749.0,64.38
1561174750.0,64.5
1561174751.0,64.62
1561174752.0,64.72
1561174753.0,64.82
1561174754.0,64.92
1561174755.0,65.02
1561174756.0,65.12
1561174757.0,65.18
1561174758.0,65.23
1561174759.0,65.27
1561174760.0,65.3
1561174761.0,65.33
1561174762.0,65.33
1561174763.0,65.33
1561174764.0,65.3
1561174765.0,65.27
1561174766.0,65.23
1561174767.0,65.2
1561174768.0,65.17
1561174769.0,65.12
1561174770.0,65.07
1561174771.0,65.02
1561174772.0,64.93
1561174773.0,64.85
1561174774.0,64.77
1561174775.0,64.68
1561174776.0,64.63
1561174777.0,64.58
1561174778.0,64.53
1561174779.0,64.5
1561174780.0,64.47
1561174781.0,64.45
1561174782.0,64.45
1561174783.0,64.45
1561174784.0,64.45
1561174785.0,64.45
1561174786.0,64.45
1561174787.0,64.45
1561174788.0,64.43
1561174789.0,64.42
1561174790.0,64.4
1561174791.0,64.38
1561174792.0,64.38
1561174793.0,64.37
1561174794.0,64.37
1561174795.0,64.38
1561174796.0,64.38
1561174797.0,64.4
1561174798.0,64.4
1561174799.0,64.42
1561174800.0,64.45
1561174801.0,64.48
1561174802.0,64.52
1561174803.0,64.55
1561174804.0,64.6
1561174805.0,64.65
1561174806.0,64.7
1561174807.0,64.72
1561174808.0,64.73
1561174809.0,64.7
1561174810.0,64.62
1561174811.0,64.48
1561174812.0,64.35
1561174813.0,64.18
1561174814.0,64.02
1561174815.0,63.83
1561174816.0,63.65
1561174817.0,63.5
1561174818.0,63.37
1561174819.0,63.27
1561174820.0,63.18
1561174821.0,63.12
1561174822.0,63.08
1561174823.0,63.07
1561174824.0,63.07
1561174825.0,63.07
1561174826.0,63.07
1561174827.0,63.07
1561174828.0,63.08
1561174829.0,63.12
1561174830.0,63.15
1561174831.0,63.17
1561174832.0,63.18
1561174833.0,63.2
1561174834.0,63.22
1561174835.0,63.23
1561174836.0,63.23
1561174837.0,63.23
1561174838.0,63.22
1561174839.0,63.18
1561174840.0,63.15
1561174841.0,63.12
1561174842.0,63.07
1561174843.0,63.03
1561174844.0,62.98
1561174845.0,62.93
1561174846.0,62.88
1561174847.0,62.83
1561174848.0,62.78
1561174849.0,62.73
1561174850.0,62.68
1561174851.0,62.67
1561174852.0,62.63
1561174853.0,62.62
1561174854.0,62.6
1561174855.0,62.58
1561174856.0,62.6
1561174857.0,62.6
1561174858.0,62.6
1561174859.0,62.62
1561174860.0,62.6
1561174861.0,62.58
1561174862.0,62.55
1561174863.0,62.5
1561174864.0,62.42
1561174865.0,62.32
1561174866.0,62.2
1561174867.0,62.12
1561174868.0,62.02
1561174869.0,61.95
1561174870.0,61.93
1561174871.0,61.97
1561174872.0,62.0
1561174873.0,62.08
1561174874.0,62.18
1561174875.0,62.32
1561174876.0,62.43
1561174877.0,62.53
1561174878.0,62.63
1561174879.0,62.7
1561174880.0,62.75
1561174881.0,62.8
1561174882.0,62.83
1561174883.0,62.85
1561174884.0,62.87
1561174885.0,62.87
1561174886.0,62.85
1561174887.0,62.83
1561174888.0,62.78
1561174889.0,62.68
1561174890.0,62.6
1561174891.0,62.53
1561174892.0,62.5
1561174893.0,62.47
1561174894.0,62.43
1561174895.0,62.42
1561174896.0,62.4
1561174897.0,62.4
1561174898.0,62.45
1561174899.0,62.5
1561174900.0,62.57
1561174901.0,62.62
1561174902.0,62.65
1561174903.0,62.67
1561174904.0,62.7
1561174905.0,62.73
1561174906.0,62.77
1561174907.0,62.82
1561174908.0,62.88
1561174909.0,62.95
1561174910.0,63.02
1561174911.0,63.07
1561174912.0,63.13
1561174913.0,63.2
1561174914.0,63.27
1561174915.0,63.33
1561174916.0,63.38
1561174917.0,63.45
1561174918.0,63.52
1561174919.0,63.57
1561174920.0,63.63
1561174921.0,63.7
1561174922.0,63.78
1561174923.0,63.88
1561174924.0,63.98
1561174925.0,64.08
1561174926.0,64.18
1561174927.0,64.27
1561174928.0,64.35
1561174929.0,64.45
1561174930.0,64.55
1561174931.0,64.63
1561174932.0,64.72
1561174933.0,64.77
1561174934.0,64.8
1561174935.0,64.82
1561174936.0,64.85
1561174937.0,64.88
1561174938.0,64.9
1561174939.0,64.92
1561174940.0,64.93
1561174941.0,64.93
1561174942.0,64.93
1561174943.0,64.95
1561174944.0,64.97
1561174945.0,65.0
1561174946.0,65.02
1561174947.0,65.0
1561174948.0,64.97
1561174949.0,64.97
1561174950.0,64.97
1561174951.0,64.95
1561174952.0,64.9
1561174953.0,64.85
1561174954.0,64.8
1561174955.0,64.73
1561174956.0,64.68
1561174957.0,64.63
1561174958.0,64.58
1561174959.0,64.52
1561174960.0,64.43
1561174961.0,64.35
1561174962.0,64.27
1561174963.0,64.18
1561174964.0,64.07
1561174965.0,63.97
1561174966.0,63.87
1561174967.0,63.75
1561174968.0,63.63
1561174969.0,63.52
1561174970.0,63.4
1561174971.0,63.28
1561174972.0,63.18
1561174973.0,63.12
1561174974.0,63.05
1561174975.0,62.98
1561174976.0,62.93
1561174977.0,62.87
1561174978.0,62.82
1561174979.0,62.77
1561174980.0,62.72
1561174981.0,62.67
1561174982.0,62.62
1561174983.0,62.57
1561174984.0,62.53
1561174985.0,62.52
1561174986.0,62.5
1561174987.0,62.5
1561174988.0,62.5
1561174989.0,62.52
1561174990.0,62.55
1561174991.0,62.58
1561174992.0,62.62
1561174993.0,62.63
1561174994.0,62.65
1561174995.0,62.65
1561174996.0,62.63
1561174997.0,62.62
1561174998.0,62.6
1561174999.0,62.58
1561175000.0,62.57
1561175001.0,62.58
1561175002.0,62.62
1561175003.0,62.63
1561175004.0,62.65
1561175005.0,62.68
1561175006.0,62.75
1561175007.0,62.85
1561175008.0,62.98
1561175009.0,63.1
1561175010.0,63.15
1561175011.0,63.22
1561175012.0,63.22
1561175013.0,63.18
1561175014.0,63.15
1561175015.0,63.12
1561175016.0,63.07
1561175017.0,63.02
1561175018.0,62.93
1561175019.0,62.88
1561175020.0,62.85
1561175021.0,62.85
1561175022.0,62.88
1561175023.0,62.93
1561175024.0,63.0
1561175025.0,63.05
1561175026.0,63.1
1561175027.0,63.15
1561175028.0,63.2
1561175029.0,63.25
1561175030.0,63.3
1561175031.0,63.37
1561175032.0,63.42
1561175033.0,63.43
1561175034.0,63.47
1561175035.0,63.5
1561175036.0,63.52
1561175037.0,63.53
1561175038.0,63.53
1561175039.0,63.52
1561175040.0,63.5
1561175041.0,63.48
1561175042.0,63.47
1561175043.0,63.45
1561175044.0,63.43
1561175045.0,63.43
1561175046.0,63.43
1561175047.0,63.43
1561175048.0,63.43
1561175049.0,63.42
1561175050.0,63.38
1561175051.0,63.35
1561175052.0,63.32
1561175053.0,63.3
1561175054.0,63.33
1561175055.0,63.4
1561175056.0,63.48
1561175057.0,63.58
1561175058.0,63.68
1561175059.0,63.8
1561175060.0,63.92
1561175061.0,63.98
1561175062.0,64.03
1561175063.0,64.07
1561175064.0,64.05
1561175065.0,63.98
1561175066.0,63.92
1561175067.0,63.83
1561175068.0,63.75
1561175069.0,63.7
1561175070.0,63.7
1561175071.0,63.7
1561175072.0,63.78
1561175073.0,63.88
1561175074.0,63.98
1561175075.0,64.08
1561175076.0,64.18
1561175077.0,64.27
1561175078.0,64.33
1561175079.0,64.38
1561175080.0,64.4
1561175081.0,64.4
1561175082.0,64.38
1561175083.0,64.35
1561175084.0,64.33
1561175085.0,64.32
1561175086.0,64.32
1561175087.0,64.32
1561175088.0,64.33
1561175089.0,64.35
1561175090.0,64.37
1561175091.0,64.37
1561175092.0,64.37
1561175093.0,64.37
1561175094.0,64.37
1561175095.0,64.35
1561175096.0,64.33
1561175097.0,64.33
1561175098.0,64.33
1561175099.0,64.35
1561175100.0,64.38
1561175101.0,64.42
1561175102.0,64.45
1561175103.0,64.48
1561175104.0,64.52
1561175105.0,64.53
1561175106.0,64.57
1561175107.0,64.58
1561175108.0,64.58
1561175109.0,64.58
1561175110.0,64.57
1561175111.0,64.55
1561175112.0,64.53
1561175113.0,64.52
1561175114.0,64.43
1561175115.0,64.33
1561175116.0,64.22
1561175117.0,64.08
1561175118.0,63.95
1561175119.0,63.8
1561175120.0,63.65
1561175121.0,63.52
1561175122.0,63.4
1561175123.0,63.3
1561175124.0,63.27
1561175125.0,63.27
1561175126.0,63.28
1561175127.0,63.33
1561175128.0,63.38
1561175129.0,63.45
1561175130.0,63.5
1561175131.0,63.55
1561175132.0,63.6
1561175133.0,63.65
1561175134.0,63.7
1561175135.0,63.75
1561175136.0,63.78
1561175137.0,63.82
1561175138.0,63.87
1561175139.0,63.92
1561175140.0,63.98
1561175141.0,64.03
1561175142.0,64.08
1561175143.0,64.13
1561175144.0,64.17
1561175145.0,64.2
1561175146.0,64.2
1561175147.0,64.2
1561175148.0,64.18
1561175149.0,64.17
1561175150.0,64.17
1561175151.0,64.17
1561175152.0,64.15
1561175153.0,64.13
1561175154.0,64.08
1561175155.0,64.05
1561175156.0,64.02
1561175157.0,63.97
1561175158.0,63.93
1561175159.0,63.88
1561175160.0,63.82
1561175161.0,63.75
1561175162.0,63.68
1561175163.0,63.63
1561175164.0,63.58
1561175165.0,63.53
1561175166.0,63.45
1561175167.0,63.35
1561175168.0,63.23
1561175169.0,63.1
1561175170.0,62.97
1561175171.0,62.83
1561175172.0,62.7
1561175173.0,62.57
1561175174.0,62.47
1561175175.0,62.37
1561175176.0,62.3
1561175177.0,62.25
1561175178.0,62.23
1561175179.0,62.23
1561175180.0,62.27
1561175181.0,62.3
1561175182.0,62.33
1561175183.0,62.37
1561175184.0,62.38
1561175185.0,62.4
1561175186.0,62.4
1561175187.0,62.38
1561175188.0,62.37
1561175189.0,62.33
1561175190.0,62.32
1561175191.0,62.3
1561175192.0,62.3
1561175193.0,62.32
1561175194.0,62.35
1561175195.0,62.4
1561175196.0,62.47
1561175197.0,62.53
1561175198.0,62.6
1561175199.0,62.67
1561175200.0,62.73
1561175201.0,62.78
1561175202.0,62.83
1561175203.0,62.88
1561175204.0,62.93
1561175205.0,62.97
1561175206.0,63.02
1561175207.0,63.07
1561175208.0,63.1
1561175209.0,63.12
1561175210.0,63.12
1561175211.0,63.1
1561175212.0,63.1
1561175213.0,63.1
1561175214.0,63.1
1561175215.0,63.1
1561175216.0,63.1
1561175217.0,63.1
1561175218.0,63.1
1561175219.0,63.12
1561175220.0,63.13
1561175221.0,63.15
1561175222.0,63.17
1561175223.0,63.18
1561175224.0,63.2
1561175225.0,63.22
1561175226.0,63.28
1561175227.0,63.38
1561175228.0,63.52
1561175229.0,63.67
1561175230.0,63.83
1561175231.0,64.0
1561175232.0,64.17
1561175233.0,64.33
1561175234.0,64.48
1561175235.0,64.63
1561175236.0,64.77
1561175237.0,64.88
1561175238.0,64.97
1561175239.0,65.02
1561175240.0,65.03
1561175241.0,65.03
1561175242.0,65.02
1561175243.0,65.0
1561175244.0,64.97
1561175245.0,64.92
1561175246.0,64.87
1561175247.0,64.82
1561175248.0,64.77
1561175249.0,64.72
1561175250.0,64.68
1561175251.0,64.65
1561175252.0,64.6
1561175253.0,64.55
1561175254.0,64.48
1561175255.0,64.42
1561175256.0,64.35
1561175257.0,64.3
1561175258.0,64.27
1561175259.0,64.23
1561175260.0,64.2
1561175261.0,64.18
1561175262.0,64.17
1561175263.0,64.15
1561175264.0,64.13
1561175265.0,64.13
1561175266.0,64.13
1561175267.0,64.13
1561175268.0,64.15
1561175269.0,64.18
1561175270.0,64.22
1561175271.0,64.27
1561175272.0,64.32
1561175273.0,64.37
1561175274.0,64.43
1561175275.0,64.5
1561175276.0,64.57
1561175277.0,64.63
1561175278.0,64.68
1561175279.0,64.73
1561175280.0,64.78
1561175281.0,64.82
1561175282.0,64.85
1561175283.0,64.87
1561175284.0,64.88
1561175285.0,64.92
1561175286.0,64.93
1561175287.0,64.95
1561175288.0,64.97
1561175289.0,64.97
1561175290.0,64.95
1561175291.0,64.93
1561175292.0,64.92
1561175293.0,64.9
1561175294.0,64.88
1561175295.0,64.85
1561175296.0,64.8
1561175297.0,64.75
1561175298.0,64.72
1561175299.0,64.7
1561175300.0,64.7
1561175301.0,64.73
1561175302.0,64.77
1561175303.0,64.8
1561175304.0,64.85
1561175305.0,64.92
1561175306.0,64.98
1561175307.0,65.05
1561175308.0,65.12
1561175309.0,65.18
1561175310.0,65.23
1561175311.0,65.27
1561175312.0,65.32
1561175313.0,65.37
1561175314.0,65.42
1561175315.0,65.45
1561175316.0,65.48
1561175317.0,65.5
1561175318.0,65.5
1561175319.0,65.5
1561175320.0,65.5
1561175321.0,65.5
1561175322.0,65.5
1561175323.0,65.5
1561175324.0,65.5
1561175325.0,65.5
1561175326.0,65.5
1561175327.0,65.5
1561175328.0,65.5
1561175329.0,65.5
1561175330.0,65.5
1561175331.0,65.5
1561175332.0,65.5
1561175333.0,65.5
1561175334.0,65.5
1561175335.0,65.5
1561175336.0,65.5
1561175337.0,65.5
1561175338.0,65.5
1561175339.0,65.5
1561175340.0,65.5
1561175341.0,65.52
1561175342.0,65.53
1561175343.0,65.55
1561175344.0,65.57
1561175345.0,65.57
1561175346.0,65.57
1561175347.0,65.57
1561175348.0,65.57
1561175349.0,65.58
1561175350.0,65.62
1561175351.0,65.65
1561175352.0,65.68
1561175353.0,65.72
1561175354.0,65.73
1561175355.0,65.77
1561175356.0,65.8
1561175357.0,65.83
1561175358.0,65.85
1561175359.0,65.87
1561175360.0,65.87
1561175361.0,65.85
1561175362.0,65.83
1561175363.0,65.82
1561175364.0,65.8
1561175365.0,65.78
1561175366.0,65.77
1561175367.0,65.75
1561175368.0,65.73
1561175369.0,65.73
1561175370.0,65.73
1561175371.0,65.75
1561175372.0,65.75
1561175373.0,65.75
1561175374.0,65.75
1561175375.0,65.73
1561175376.0,65.72
1561175377.0,65.7
1561175378.0,65.67
1561175379.0,65.63
1561175380.0,65.6
1561175381.0,65.55
1561175382.0,65.5
1561175383.0,65.45
1561175384.0,65.4
1561175385.0,65.35
1561175386.0,65.3
1561175387.0,65.25
1561175388.0,65.2
1561175389.0,65.15
1561175390.0,65.1
1561175391.0,65.05
1561175392.0,65.02
1561175393.0,64.98
1561175394.0,64.95
1561175395.0,64.93
1561175396.0,64.92
1561175397.0,64.92
1561175398.0,64.92
1561175399.0,64.93
1561175400.0,64.95
1561175401.0,64.98
1561175402.0,65.02
1561175403.0,65.05
1561175404.0,65.08
1561175405.0,65.12
1561175406.0,65.17
1561175407.0,65.22
1561175408.0,65.27
1561175409.0,65.3
1561175410.0,65.33
1561175411.0,65.37
1561175412.0,65.4
1561175413.0,65.43
1561175414.0,65.48
1561175415.0,65.53
1561175416.0,65.58
1561175417.0,65.63
1561175418.0,65.68
1561175419.0,65.73
1561175420.0,65.77
1561175421.0,65.8
1561175422.0,65.83
1561175423.0,65.87
1561175424.0,65.88
1561175425.0,65.9
1561175426.0,65.92
1561175427.0,65.93
1561175428.0,65.95
1561175429.0,65.95
1561175430.0,65.95
1561175431.0,65.95
1561175432.0,65.95
1561175433.0,65.95
1561175434.0,65.95
1561175435.0,65.98
1561175436.0,66.02
1561175437.0,66.03
1561175438.0,66.07
1561175439.0,66.1
1561175440.0,66.13
1561175441.0,66.18
1561175442.0,66.22
1561175443.0,66.25
1561175444.0,66.28
1561175445.0,66.3
1561175446.0,66.32
1561175447.0,66.33
1561175448.0,66.35
1561175449.0,66.38
1561175450.0,66.42
1561175451.0,66.45
1561175452.0,66.47
1561175453.0,66.5
1561175454.0,66.53
1561175455.0,66.55
1561175456.0,66.57
1561175457.0,66.57
1561175458.0,66.58
1561175459.0,66.58
1561175460.0,66.57
1561175461.0,66.53
1561175462.0,66.5
1561175463.0,66.47
1561175464.0,66.43
1561175465.0,66.4
1561175466.0,66.35
1561175467.0,66.3
1561175468.0,66.25
1561175469.0,66.22
1561175470.0,66.2
1561175471.0,66.18
1561175472.0,66.17
1561175473.0,66.15
1561175474.0,66.15
1561175475.0,66.15
1561175476.0,66.17
1561175477.0,66.18
1561175478.0,66.2
1561175479.0,66.22
1561175480.0,66.25
1561175481.0,66.27
1561175482.0,66.28
1561175483.0,66.3
1561175484.0,66.33
1561175485.0,66.37
1561175486.0,66.38
1561175487.0,66.4
1561175488.0,66.42
1561175489.0,66.43
1561175490.0,66.45
1561175491.0,66.47
1561175492.0,66.47
1561175493.0,66.47
1561175494.0,66.47
1561175495.0,66.45
1561175496.0,66.42
1561175497.0,66.4
1561175498.0,66.38
1561175499.0,66.37
1561175500.0,66.35
1561175501.0,66.33
1561175502.0,66.33
1561175503.0,66.35
1561175504.0,66.37
1561175505.0,66.42
1561175506.0,66.47
1561175507.0,66.52
1561175508.0,66.57
1561175509.0,66.6
1561175510.0,66.65
1561175511.0,66.68
1561175512.0,66.72
1561175513.0,66.73
1561175514.0,66.75
1561175515.0,66.77
1561175516.0,66.78
1561175517.0,66.8
1561175518.0,66.8
1561175519.0,66.8
1561175520.0,66.82
1561175521.0,66.82
1561175522.0,66.82
1561175523.0,66.82
1561175524.0,66.82
1561175525.0,66.82
1561175526.0,66.82
1561175527.0,66.82
1561175528.0,66.82
1561175529.0,66.82
1561175530.0,66.8
1561175531.0,66.78
1561175532.0,66.77
1561175533.0,66.75
1561175534.0,66.7
1561175535.0,66.65
1561175536.0,66.58
1561175537.0,66.53
1561175538.0,66.48
1561175539.0,66.45
1561175540.0,66.42
1561175541.0,66.42
1561175542.0,66.42
1561175543.0,66.42
1561175544.0,66.42
1561175545.0,66.42
1561175546.0,66.43
1561175547.0,66.45
1561175548.0,66.47
1561175549.0,66.48
1561175550.0,66.5
1561175551.0,66.52
1561175552.0,66.55
1561175553.0,66.58
1561175554.0,66.62
1561175555.0,66.65
1561175556.0,66.68
1561175557.0,66.72
1561175558.0,66.73
1561175559.0,66.75
1561175560.0,66.77
1561175561.0,66.78
1561175562.0,66.82
1561175563.0,66.83
1561175564.0,66.85
1561175565.0,66.85
1561175566.0,66.87
1561175567.0,66.88
1561175568.0,66.9
1561175569.0,66.92
1561175570.0,66.93
1561175571.0,66.97
1561175572.0,67.0
1561175573.0,67.03
1561175574.0,67.07
1561175575.0,67.1
1561175576.0,67.13
1561175577.0,67.17
1561175578.0,67.18
1561175579.0,67.2
1561175580.0,67.22
1561175581.0,67.25
1561175582.0,67.28
1561175583.0,67.32
1561175584.0,67.35
1561175585.0,67.38
1561175586.0,67.42
1561175587.0,67.45
1561175588.0,67.48
1561175589.0,67.52
1561175590.0,67.55
1561175591.0,67.58
1561175592.0,67.62
1561175593.0,67.65
1561175594.0,67.7
1561175595.0,67.75
1561175596.0,67.8
1561175597.0,67.83
1561175598.0,67.85
1561175599.0,67.85
1561175600.0,67.87
1561175601.0,67.85
1561175602.0,67.83
1561175603.0,67.82
1561175604.0,67.8
1561175605.0,67.78
1561175606.0,67.77
1561175607.0,67.75
1561175608.0,67.73
1561175609.0,67.72
1561175610.0,67.68
1561175611.0,67.65
1561175612.0,67.58
1561175613.0,67.48
1561175614.0,67.35
1561175615.0,67.18
1561175616.0,67.03
1561175617.0,66.88
1561175618.0,66.77
1561175619.0,66.65
1561175620.0,66.53
1561175621.0,66.43
1561175622.0,66.33
1561175623.0,66.27
1561175624.0,66.22
1561175625.0,66.18
1561175626.0,66.13
1561175627.0,66.1
1561175628.0,66.07
1561175629.0,66.03
1561175630.0,65.98
1561175631.0,65.93
1561175632.0,65.87
1561175633.0,65.8
1561175634.0,65.72
1561175635.0,65.63
1561175636.0,65.53
1561175637.0,65.43
1561175638.0,65.35
1561175639.0,65.27
1561175640.0,65.2
1561175641.0,65.13
1561175642.0,65.1
1561175643.0,65.07
1561175644.0,65.03
1561175645.0,65.02
1561175646.0,65.0
1561175647.0,64.98
1561175648.0,64.97
1561175649.0,64.95
1561175650.0,64.95
1561175651.0,64.93
1561175652.0,64.92
1561175653.0,64.9
1561175654.0,64.88
1561175655.0,64.87
1561175656.0,64.85
1561175657.0,64.83
1561175658.0,64.83
1561175659.0,64.83
1561175660.0,64.82
1561175661.0,64.82
1561175662.0,64.82
1561175663.0,64.82
1561175664.0,64.82
1561175665.0,64.83
1561175666.0,64.85
1561175667.0,64.85
1561175668.0,64.85
1561175669.0,64.85
1561175670.0,64.85
1561175671.0,64.85
1561175672.0,64.88
1561175673.0,64.95
1561175674.0,65.05
1561175675.0,65.18
1561175676.0,65.32
1561175677.0,65.43
1561175678.0,65.52
1561175679.0,65.57
1561175680.0,65.6
1561175681.0,65.62
1561175682.0,65.62
1561175683.0,65.6
1561175684.0,65.57
1561175685.0,65.52
1561175686.0,65.47
1561175687.0,65.4
1561175688.0,65.35
1561175689.0,65.32
1561175690.0,65.3
1561175691.0,65.28
1561175692.0,65.27
1561175693.0,65.25
1561175694.0,65.25
1561175695.0,65.25
1561175696.0,65.27
1561175697.0,65.28
1561175698.0,65.3
1561175699.0,65.32
1561175700.0,65.32
1561175701.0,65.32
1561175702.0,65.28
1561175703.0,65.25
1561175704.0,65.22
1561175705.0,65.17
1561175706.0,65.12
1561175707.0,65.07
1561175708.0,65.03
1561175709.0,65.0
1561175710.0,64.95
1561175711.0,64.92
1561175712.0,64.88
1561175713.0,64.87
1561175714.0,64.85
1561175715.0,64.83
1561175716.0,64.83
1561175717.0,64.83
1561175718.0,64.85
1561175719.0,64.87
1561175720.0,64.88
1561175721.0,64.9
1561175722.0,64.92
1561175723.0,64.93
1561175724.0,64.95
1561175725.0,64.95
1561175726.0,64.95
1561175727.0,64.97
1561175728.0,64.98
1561175729.0,65.0
1561175730.0,65.03
1561175731.0,65.07
1561175732.0,65.1
1561175733.0,65.12
1561175734.0,65.13
1561175735.0,65.15
1561175736.0,65.17
1561175737.0,65.18
1561175738.0,65.22
1561175739.0,65.28
1561175740.0,65.37
1561175741.0,65.43
1561175742.0,65.5
1561175743.0,65.55
1561175744.0,65.6
1561175745.0,65.65
1561175746.0,65.7
1561175747.0,65.77
1561175748.0,65.82
1561175749.0,65.87
1561175750.0,65.9
1561175751.0,65.95
1561175752.0,66.02
1561175753.0,66.1
1561175754.0,66.18
1561175755.0,66.28
1561175756.0,66.38
1561175757.0,66.48
1561175758.0,66.58
1561175759.0,66.67
1561175760.0,66.75
1561175761.0,66.83
1561175762.0,66.92
1561175763.0,67.0
1561175764.0,67.08
1561175765.0,67.17
1561175766.0,67.25
1561175767.0,67.33
1561175768.0,67.4
1561175769.0,67.45
1561175770.0,67.5
1561175771.0,67.55
1561175772.0,67.6
1561175773.0,67.62
1561175774.0,67.63
1561175775.0,67.65
1561175776.0,67.65
1561175777.0,67.65
1561175778.0,67.63
1561175779.0,67.62
1561175780.0,67.6
1561175781.0,67.58
1561175782.0,67.57
1561175783.0,67.53
1561175784.0,67.5
1561175785.0,67.47
1561175786.0,67.43
1561175787.0,67.4
1561175788.0,67.37
1561175789.0,67.35
1561175790.0,67.33
1561175791.0,67.33
1561175792.0,67.33
1561175793.0,67.35
1561175794.0,67.37
1561175795.0,67.4
1561175796.0,67.42
1561175797.0,67.45
1561175798.0,67.48
1561175799.0,67.52
1561175800.0,67.55
1561175801.0,67.6
1561175802.0,67.65
1561175803.0,67.72
1561175804.0,67.78
1561175805.0,67.87
1561175806.0,67.95
1561175807.0,68.02
1561175808.0,68.08
1561175809.0,68.13
1561175810.0,68.18
1561175811.0,68.22
1561175812.0,68.23
1561175813.0,68.23
1561175814.0,68.22
1561175815.0,68.18
1561175816.0,68.13
1561175817.0,68.08
1561175818.0,68.03
1561175819.0,68.0
1561175820.0,67.97
1561175821.0,67.93
1561175822.0,67.9
1561175823.0,67.88
1561175824.0,67.87
1561175825.0,67.85
1561175826.0,67.83
1561175827.0,67.83
1561175828.0,67.83
1561175829.0,67.85
1561175830.0,67.87
1561175831.0,67.88
1561175832.0,67.9
1561175833.0,67.93
1561175834.0,67.97
1561175835.0,68.02
1561175836.0,68.07
1561175837.0,68.12
1561175838.0,68.15
1561175839.0,68.18
1561175840.0,68.18
1561175841.0,68.18
1561175842.0,68.18
1561175843.0,68.2
1561175844.0,68.2
1561175845.0,68.2
1561175846.0,68.2
1561175847.0,68.2
1561175848.0,68.2
1561175849.0,68.18
1561175850.0,68.18
1561175851.0,68.17
1561175852.0,68.15
1561175853.0,68.13
1561175854.0,68.12
1561175855.0,68.1
1561175856.0,68.08
1561175857.0,68.07
1561175858.0,68.03
1561175859.0,68.02
1561175860.0,68.0
1561175861.0,67.98
1561175862.0,67.97
1561175863.0,67.95
1561175864.0,67.93
1561175865.0,67.92
1561175866.0,67.92
1561175867.0,67.93
1561175868.0,67.93
1561175869.0,67.9
1561175870.0,67.88
1561175871.0,67.8
1561175872.0,67.65
1561175873.0,67.5
1561175874.0,67.37
1561175875.0,67.23
1561175876.0,67.1
1561175877.0,66.98
1561175878.0,66.88
1561175879.0,66.78
1561175880.0,66.7
1561175881.0,66.67
1561175882.0,66.65
1561175883.0,66.62
1561175884.0,66.58
1561175885.0,66.57
1561175886.0,66.55
1561175887.0,66.52
1561175888.0,66.48
1561175889.0,66.47
1561175890.0,66.45
1561175891.0,66.45
1561175892.0,66.45
1561175893.0,66.45
1561175894.0,66.45
1561175895.0,66.43
1561175896.0,66.43
1561175897.0,66.43
1561175898.0,66.45
1561175899.0,66.47
1561175900.0,66.52
1561175901.0,66.57
1561175902.0,66.62
1561175903.0,66.67
1561175904.0,66.72
1561175905.0,66.77
1561175906.0,66.8
1561175907.0,66.82
1561175908.0,66.82
1561175909.0,66.82
1561175910.0,66.78
1561175911.0,66.77
1561175912.0,66.75
1561175913.0,66.73
1561175914.0,66.72
1561175915.0,66.68
1561175916.0,66.67
1561175917.0,66.67
1561175918.0,66.68
1561175919.0,66.68
1561175920.0,66.68
1561175921.0,66.68
1561175922.0,66.68
1561175923.0,66.67
1561175924.0,66.67
1561175925.0,66.65
1561175926.0,66.62
1561175927.0,66.57
1561175928.0,66.53
1561175929.0,66.53
1561175930.0,66.52
1561175931.0,66.57
1561175932.0,66.7
1561175933.0,66.83
1561175934.0,66.97
1561175935.0,67.1
1561175936.0,67.25
1561175937.0,67.37
1561175938.0,67.47
1561175939.0,67.57
1561175940.0,67.65
1561175941.0,67.68
1561175942.0,67.7
1561175943.0,67.72
1561175944.0,67.73
1561175945.0,67.73
1561175946.0,67.72
1561175947.0,67.7
1561175948.0,67.68
1561175949.0,67.65
1561175950.0,67.62
1561175951.0,67.57
1561175952.0,67.52
1561175953.0,67.47
1561175954.0,67.42
1561175955.0,67.37
1561175956.0,67.3
1561175957.0,67.23
1561175958.0,67.17
1561175959.0,67.1
1561175960.0,67.05
1561175961.0,67.0
1561175962.0,66.95
1561175963.0,66.9
1561175964.0,66.87
1561175965.0,66.83
1561175966.0,66.82
1561175967.0,66.82
1561175968.0,66.83
1561175969.0,66.85
1561175970.0,66.88
1561175971.0,66.92
1561175972.0,66.95
1561175973.0,66.98
1561175974.0,67.02
1561175975.0,67.07
1561175976.0,67.12
1561175977.0,67.15
1561175978.0,67.18
1561175979.0,67.22
1561175980.0,67.23
1561175981.0,67.25
1561175982.0,67.27
1561175983.0,67.28
1561175984.0,67.27
1561175985.0,67.25
1561175986.0,67.23
1561175987.0,67.22
1561175988.0,67.2
1561175989.0,67.18
1561175990.0,67.17
1561175991.0,67.15
1561175992.0,67.13
1561175993.0,67.12
1561175994.0,67.1
1561175995.0,67.08
1561175996.0,67.07
1561175997.0,67.08
1561175998.0,67.1
1561175999.0,67.12
1561176000.0,67.13
1561176001.0,67.15
1561176002.0,67.17
1561176003.0,67.18
1561176004.0,67.2
1561176005.0,67.22
1561176006.0,67.25
1561176007.0,67.28
1561176008.0,67.32
1561176009.0,67.35
1561176010.0,67.4
1561176011.0,67.45
1561176012.0,67.5
1561176013.0,67.55
1561176014.0,67.6
1561176015.0,67.65
1561176016.0,67.7
1561176017.0,67.75
1561176018.0,67.78
1561176019.0,67.82
1561176020.0,67.83
1561176021.0,67.85
1561176022.0,67.87
1561176023.0,67.88
1561176024.0,67.9
1561176025.0,67.92
1561176026.0,67.93
1561176027.0,67.95
1561176028.0,67.97
1561176029.0,67.98
1561176030.0,68.0
1561176031.0,68.0
1561176032.0,68.0
1561176033.0,68.0
1561176034.0,68.0
1561176035.0,67.98
1561176036.0,67.97
1561176037.0,67.95
1561176038.0,67.93
1561176039.0,67.92
1561176040.0,67.93
1561176041.0,67.95
1561176042.0,67.97
1561176043.0,67.98
1561176044.0,68.02
1561176045.0,68.05
1561176046.0,68.08
1561176047.0,68.12
1561176048.0,68.15
1561176049.0,68.18
1561176050.0,68.22
1561176051.0,68.23
1561176052.0,68.25
1561176053.0,68.27
1561176054.0,68.28
1561176055.0,68.3
1561176056.0,68.32
1561176057.0,68.32
1561176058.0,68.32
1561176059.0,68.32
1561176060.0,68.33
1561176061.0,68.35
1561176062.0,68.38
1561176063.0,68.42
1561176064.0,68.45
1561176065.0,68.48
1561176066.0,68.52
1561176067.0,68.55
1561176068.0,68.58
1561176069.0,68.62
1561176070.0,68.63
1561176071.0,68.65
1561176072.0,68.67
1561176073.0,68.68
1561176074.0,68.7
1561176075.0,68.72
1561176076.0,68.73
1561176077.0,68.75
1561176078.0,68.8
1561176079.0,68.85
1561176080.0,68.9
1561176081.0,68.93
1561176082.0,68.97
1561176083.0,68.98
1561176084.0,69.0
1561176085.0,69.0
1561176086.0,69.0
1561176087.0,69.0
1561176088.0,69.0
1561176089.0,69.0
1561176090.0,69.0
1561176091.0,69.0
1561176092.0,69.0
1561176093.0,69.0
1561176094.0,68.98
1561176095.0,68.97
1561176096.0,68.95
1561176097.0,68.93
1561176098.0,68.92
1561176099.0,68.9
1561176100.0,68.87
1561176101.0,68.83
1561176102.0,68.8
1561176103.0,68.77
1561176104.0,68.75
1561176105.0,68.73
1561176106.0,68.72
1561176107.0,68.7
1561176108.0,68.68
1561176109.0,68.67
1561176110.0,68.67
1561176111.0,68.68
1561176112.0,68.7
1561176113.0,68.72
1561176114.0,68.72
1561176115.0,68.73
1561176116.0,68.75
1561176117.0,68.77
1561176118.0,68.78
1561176119.0,68.8
1561176120.0,68.8
1561176121.0,68.8
1561176122.0,68.78
1561176123.0,68.77
1561176124.0,68.75
1561176125.0,68.73
1561176126.0,68.72
1561176127.0,68.7
1561176128.0,68.68
1561176129.0,68.67
1561176130.0,68.65
1561176131.0,68.63
1561176132.0,68.62
1561176133.0,68.6
1561176134.0,68.58
1561176135.0,68.57
1561176136.0,68.53
1561176137.0,68.5
1561176138.0,68.45
1561176139.0,68.4
1561176140.0,68.37
1561176141.0,68.35
1561176142.0,68.33
1561176143.0,68.33
1561176144.0,68.33
1561176145.0,68.35
1561176146.0,68.37
1561176147.0,68.38
1561176148.0,68.38
1561176149.0,68.38
1561176150.0,68.38
1561176151.0,68.38
1561176152.0,68.38
1561176153.0,68.38
1561176154.0,68.4
1561176155.0,68.42
1561176156.0,68.43
1561176157.0,68.45
1561176158.0,68.47
1561176159.0,68.48
1561176160.0,68.5
1561176161.0,68.52
1561176162.0,68.53
1561176163.0,68.55
1561176164.0,68.57
1561176165.0,68.58
1561176166.0,68.6
1561176167.0,68.62
1561176168.0,68.63
1561176169.0,68.65
1561176170.0,68.65
1561176171.0,68.65
1561176172.0,68.65
1561176173.0,68.65
1561176174.0,68.65
1561176175.0,68.63
1561176176.0,68.62
1561176177.0,68.6
1561176178.0,68.58
1561176179.0,68.57
1561176180.0,68.55
1561176181.0,68.53
1561176182.0,68.52
1561176183.0,68.5
1561176184.0,68.48
1561176185.0,68.47
1561176186.0,68.45
1561176187.0,68.43
1561176188.0,68.43
1561176189.0,68.43
1561176190.0,68.43
1561176191.0,68.43
1561176192.0,68.43
1561176193.0,68.43
1561176194.0,68.43
1561176195.0,68.45
1561176196.0,68.48
1561176197.0,68.52
1561176198.0,68.55
1561176199.0,68.58
1561176200.0,68.6
1561176201.0,68.6
1561176202.0,68.6
1561176203.0,68.58
1561176204.0,68.57
1561176205.0,68.55
1561176206.0,68.53
1561176207.0,68.52
1561176208.0,68.5
1561176209.0,68.5
1561176210.0,68.5
1561176211.0,68.5
1561176212.0,68.52
1561176213.0,68.53
1561176214.0,68.55
1561176215.0,68.57
1561176216.0,68.58
1561176217.0,68.6
1561176218.0,68.62
1561176219.0,68.63
1561176220.0,68.67
1561176221.0,68.7
1561176222.0,68.73
1561176223.0,68.77
1561176224.0,68.8
1561176225.0,68.83
1561176226.0,68.87
1561176227.0,68.9
1561176228.0,68.93
1561176229.0,68.97
1561176230.0,69.0
1561176231.0,69.03
1561176232.0,69.05
1561176233.0,69.07
1561176234.0,69.1
1561176235.0,69.13
1561176236.0,69.17
1561176237.0,69.2
1561176238.0,69.22
1561176239.0,69.23
1561176240.0,69.25
1561176241.0,69.25
1561176242.0,69.25
1561176243.0,69.25
1561176244.0,69.23
1561176245.0,69.22
1561176246.0,69.2
1561176247.0,69.17
1561176248.0,69.12
1561176249.0,69.07
1561176250.0,69.02
1561176251.0,68.97
1561176252.0,68.92
1561176253.0,68.87
1561176254.0,68.82
1561176255.0,68.75
1561176256.0,68.7
1561176257.0,68.65
1561176258.0,68.6
1561176259.0,68.55
1561176260.0,68.5
1561176261.0,68.48
1561176262.0,68.47
1561176263.0,68.47
1561176264.0,68.48
1561176265.0,68.5
1561176266.0,68.52
1561176267.0,68.53
1561176268.0,68.57
1561176269.0,68.58
1561176270.0,68.6
1561176271.0,68.62
1561176272.0,68.62
1561176273.0,68.6
1561176274.0,68.58
1561176275.0,68.57
1561176276.0,68.57
1561176277.0,68.57
1561176278.0,68.57
1561176279.0,68.58
1561176280.0,68.58
1561176281.0,68.58
1561176282.0,68.58
1561176283.0,68.6
1561176284.0,68.6
1561176285.0,68.6
1561176286.0,68.58
1561176287.0,68.57
1561176288.0,68.53
1561176289.0,68.5
1561176290.0,68.47
1561176291.0,68.43
1561176292.0,68.42
1561176293.0,68.4
1561176294.0,68.37
1561176295.0,68.33
1561176296.0,68.3
1561176297.0,68.27
1561176298.0,68.25
1561176299.0,68.23
1561176300.0,68.22
1561176301.0,68.22
1561176302.0,68.2
1561176303.0,68.18
1561176304.0,68.18
1561176305.0,68.18
1561176306.0,68.18
1561176307.0,68.2
1561176308.0,68.23
1561176309.0,68.27
1561176310.0,68.3
1561176311.0,68.35
1561176312.0,68.4
1561176313.0,68.45
1561176314.0,68.52
1561176315.0,68.58
1561176316.0,68.63
1561176317.0,68.68
1561176318.0,68.75
1561176319.0,68.8
1561176320.0,68.85
1561176321.0,68.88
1561176322.0,68.92
1561176323.0,68.97
1561176324.0,69.0
1561176325.0,69.03
1561176326.0,69.08
1561176327.0,69.13
1561176328.0,69.18
1561176329.0,69.23
1561176330.0,69.28
1561176331.0,69.33
1561176332.0,69.38
1561176333.0,69.45
1561176334.0,69.5
1561176335.0,69.55
1561176336.0,69.57
1561176337.0,69.58
1561176338.0,69.6
1561176339.0,69.58
1561176340.0,69.57
1561176341.0,69.53
1561176342.0,69.5
1561176343.0,69.45
1561176344.0,69.4
1561176345.0,69.35
1561176346.0,69.32
1561176347.0,69.28
1561176348.0,69.27
1561176349.0,69.25
1561176350.0,69.23
1561176351.0,69.22
1561176352.0,69.2
1561176353.0,69.18
1561176354.0,69.18
1561176355.0,69.2
1561176356.0,69.22
1561176357.0,69.25
1561176358.0,69.28
1561176359.0,69.32
1561176360.0,69.35
1561176361.0,69.38
1561176362.0,69.43
1561176363.0,69.48
1561176364.0,69.53
1561176365.0,69.57
1561176366.0,69.6
1561176367.0,69.63
1561176368.0,69.65
1561176369.0,69.67
1561176370.0,69.68
1561176371.0,69.68
1561176372.0,69.68
1561176373.0,69.68
1561176374.0,69.67
1561176375.0,69.65
1561176376.0,69.63
1561176377.0,69.62
1561176378.0,69.58
1561176379.0,69.58
1561176380.0,69.58
1561176381.0,69.58
1561176382.0,69.58
1561176383.0,69.57
1561176384.0,69.55
1561176385.0,69.53
1561176386.0,69.5
1561176387.0,69.47
1561176388.0,69.43
1561176389.0,69.4
1561176390.0,69.37
1561176391.0,69.33
1561176392.0,69.3
1561176393.0,69.27
1561176394.0,69.25
1561176395.0,69.22
1561176396.0,69.2
1561176397.0,69.17
1561176398.0,69.13
1561176399.0,69.12
1561176400.0,69.1
1561176401.0,69.1
1561176402.0,69.1
1561176403.0,69.1
1561176404.0,69.12
1561176405.0,69.13
1561176406.0,69.17
1561176407.0,69.2
1561176408.0,69.23
1561176409.0,69.27
1561176410.0,69.3
1561176411.0,69.33
1561176412.0,69.37
1561176413.0,69.4
1561176414.0,69.42
1561176415.0,69.42
1561176416.0,69.4
1561176417.0,69.37
1561176418.0,69.33
1561176419.0,69.3
1561176420.0,69.25
1561176421.0,69.22
1561176422.0,69.18
1561176423.0,69.15
1561176424.0,69.12
1561176425.0,69.12
1561176426.0,69.12
1561176427.0,69.12
1561176428.0,69.1
1561176429.0,69.08
1561176430.0,69.07
1561176431.0,69.05
1561176432.0,69.03
1561176433.0,69.02
1561176434.0,69.0
1561176435.0,68.98
1561176436.0,68.97
1561176437.0,68.97
1561176438.0,68.97
1561176439.0,68.97
1561176440.0,68.97
1561176441.0,68.98
1561176442.0,69.0
1561176443.0,69.02
1561176444.0,69.03
1561176445.0,69.05
1561176446.0,69.07
1561176447.0,69.08
1561176448.0,69.1
1561176449.0,69.1
1561176450.0,69.1
1561176451.0,69.1
1561176452.0,69.1
1561176453.0,69.1
1561176454.0,69.08
1561176455.0,69.08
1561176456.0,69.08
1561176457.0,69.08
1561176458.0,69.1
1561176459.0,69.12
1561176460.0,69.12
1561176461.0,69.12
1561176462.0,69.12
1561176463.0,69.12
1561176464.0,69.1
1561176465.0,69.07
1561176466.0,69.03
1561176467.0,69.0
1561176468.0,68.97
1561176469.0,68.93
1561176470.0,68.9
1561176471.0,68.87
1561176472.0,68.85
1561176473.0,68.83
1561176474.0,68.83
1561176475.0,68.83
1561176476.0,68.85
1561176477.0,68.85
1561176478.0,68.85
1561176479.0,68.85
1561176480.0,68.87
1561176481.0,68.87
1561176482.0,68.88
1561176483.0,68.9
1561176484.0,68.92
1561176485.0,68.92
1561176486.0,68.92
1561176487.0,68.93
1561176488.0,68.97
1561176489.0,69.0
1561176490.0,69.02
1561176491.0,69.03
1561176492.0,69.05
1561176493.0,69.07
1561176494.0,69.08
1561176495.0,69.1
1561176496.0,69.12
1561176497.0,69.12
1561176498.0,69.12
1561176499.0,69.1
1561176500.0,69.08
1561176501.0,69.05
1561176502.0,69.02
1561176503.0,68.98
1561176504.0,68.93
1561176505.0,68.88
1561176506.0,68.83
1561176507.0,68.78
1561176508.0,68.73
1561176509.0,68.7
1561176510.0,68.65
1561176511.0,68.6
1561176512.0,68.55
1561176513.0,68.52
1561176514.0,68.5
1561176515.0,68.48
1561176516.0,68.48
1561176517.0,68.5
1561176518.0,68.5
1561176519.0,68.52
1561176520.0,68.55
1561176521.0,68.58
1561176522.0,68.62
1561176523.0,68.65
1561176524.0,68.68
1561176525.0,68.73
1561176526.0,68.75
1561176527.0,68.77
1561176528.0,68.78
1561176529.0,68.8
1561176530.0,68.82
1561176531.0,68.82
1561176532.0,68.8
1561176533.0,68.77
1561176534.0,68.72
1561176535.0,68.67
1561176536.0,68.62
1561176537.0,68.58
1561176538.0,68.55
1561176539.0,68.52
1561176540.0,68.47
1561176541.0,68.43
1561176542.0,68.38
1561176543.0,68.35
1561176544.0,68.32
1561176545.0,68.3
1561176546.0,68.28
1561176547.0,68.25
1561176548.0,68.23
1561176549.0,68.22
1561176550.0,68.22
1561176551.0,68.23
1561176552.0,68.25
1561176553.0,68.27
1561176554.0,68.3
1561176555.0,68.33
1561176556.0,68.37
1561176557.0,68.42
1561176558.0,68.47
1561176559.0,68.52
1561176560.0,68.57
1561176561.0,68.62
1561176562.0,68.67
1561176563.0,68.73
1561176564.0,68.82
1561176565.0,68.88
1561176566.0,68.95
1561176567.0,69.02
1561176568.0,69.08
1561176569.0,69.15
1561176570.0,69.22
1561176571.0,69.28
1561176572.0,69.35
1561176573.0,69.4
1561176574.0,69.45
1561176575.0,69.5
1561176576.0,69.53
1561176577.0,69.57
1561176578.0,69.6
1561176579.0,69.62
1561176580.0,69.63
1561176581.0,69.65
1561176582.0,69.67
1561176583.0,69.68
1561176584.0,69.7
1561176585.0,69.72
1561176586.0,69.75
1561176587.0,69.78
1561176588.0,69.82
1561176589.0,69.85
1561176590.0,69.88
1561176591.0,69.93
1561176592.0,69.98
1561176593.0,70.03
1561176594.0,70.1
1561176595.0,70.17
1561176596.0,70.23
1561176597.0,70.28
1561176598.0,70.33
1561176599.0,70.38
1561176600.0,70.43
1561176601.0,70.47
1561176602.0,70.5
1561176603.0,70.52
1561176604.0,70.53
1561176605.0,70.53
1561176606.0,70.55
1561176607.0,70.57
1561176608.0,70.55
1561176609.0,70.53
1561176610.0,70.53
1561176611.0,70.52
1561176612.0,70.5
1561176613.0,70.48
1561176614.0,70.45
1561176615.0,70.42
1561176616.0,70.38
1561176617.0,70.33
1561176618.0,70.3
1561176619.0,70.27
1561176620.0,70.22
1561176621.0,70.17
1561176622.0,70.12
1561176623.0,70.05
1561176624.0,69.98
1561176625.0,69.93
1561176626.0,69.88
1561176627.0,69.83
1561176628.0,69.78
1561176629.0,69.72
1561176630.0,69.68
1561176631.0,69.65
1561176632.0,69.6
1561176633.0,69.55
1561176634.0,69.5
1561176635.0,69.45
1561176636.0,69.4
1561176637.0,69.37
1561176638.0,69.35
1561176639.0,69.33
1561176640.0,69.32
1561176641.0,69.3
1561176642.0,69.28
1561176643.0,69.27
1561176644.0,69.25
1561176645.0,69.23
1561176646.0,69.22
1561176647.0,69.2
1561176648.0,69.2
1561176649.0,69.2
1561176650.0,69.2
1561176651.0,69.2
1561176652.0,69.2
1561176653.0,69.22
1561176654.0,69.23
1561176655.0,69.25
1561176656.0,69.27
1561176657.0,69.3
1561176658.0,69.33
1561176659.0,69.37
1561176660.0,69.42
1561176661.0,69.47
1561176662.0,69.52
1561176663.0,69.57
1561176664.0,69.62
1561176665.0,69.67
1561176666.0,69.68
1561176667.0,69.72
1561176668.0,69.75
1561176669.0,69.78
1561176670.0,69.8
1561176671.0,69.82
1561176672.0,69.83
1561176673.0,69.85
1561176674.0,69.87
1561176675.0,69.88
1561176676.0,69.9
1561176677.0,69.93
1561176678.0,69.95
1561176679.0,69.97
1561176680.0,70.0
1561176681.0,70.05
1561176682.0,70.1
1561176683.0,70.15
1561176684.0,70.22
1561176685.0,70.28
1561176686.0,70.33
1561176687.0,70.4
1561176688.0,70.45
1561176689.0,70.52
1561176690.0,70.57
1561176691.0,70.62
1561176692.0,70.67
1561176693.0,70.72
1561176694.0,70.77
1561176695.0,70.82
1561176696.0,70.87
1561176697.0,70.9
1561176698.0,70.92
1561176699.0,70.93
1561176700.0,70.95
1561176701.0,70.97
1561176702.0,70.97
1561176703.0,70.97
1561176704.0,70.97
1561176705.0,70.97
1561176706.0,70.97
1561176707.0,70.97
1561176708.0,70.95
1561176709.0,70.93
1561176710.0,70.92
1561176711.0,70.9
1561176712.0,70.88
1561176713.0,70.87
1561176714.0,70.85
1561176715.0,70.82
1561176716.0,70.78
1561176717.0,70.75
1561176718.0,70.72
1561176719.0,70.68
1561176720.0,70.65
1561176721.0,70.62
1561176722.0,70.57
1561176723.0,70.52
1561176724.0,70.47
1561176725.0,70.43
1561176726.0,70.42
1561176727.0,70.38
1561176728.0,70.37
1561176729.0,70.37
1561176730.0,70.35
1561176731.0,70.35
1561176732.0,70.35
1561176733.0,70.35
1561176734.0,70.35
1561176735.0,70.35
1561176736.0,70.35
1561176737.0,70.33
1561176738.0,70.32
1561176739.0,70.3
1561176740.0,70.28
1561176741.0,70.25
1561176742.0,70.23
1561176743.0,70.22
1561176744.0,70.18
1561176745.0,70.15
1561176746.0,70.12
1561176747.0,70.07
1561176748.0,70.03
1561176749.0,70.0
1561176750.0,69.97
1561176751.0,69.93
1561176752.0,69.92
1561176753.0,69.88
1561176754.0,69.85
1561176755.0,69.82
1561176756.0,69.78
1561176757.0,69.75
1561176758.0,69.72
1561176759.0,69.68
1561176760.0,69.65
1561176761.0,69.62
1561176762.0,69.62
1561176763.0,69.62
1561176764.0,69.62
1561176765.0,69.62
1561176766.0,69.62
1561176767.0,69.62
1561176768.0,69.62
1561176769.0,69.62
1561176770.0,69.62
1561176771.0,69.62
1561176772.0,69.62
1561176773.0,69.6
1561176774.0,69.58
1561176775.0,69.58
1561176776.0,69.58
1561176777.0,69.58
1561176778.0,69.58
1561176779.0,69.58
1561176780.0,69.58
1561176781.0,69.58
1561176782.0,69.6
1561176783.0,69.62
1561176784.0,69.63
1561176785.0,69.63
1561176786.0,69.63
1561176787.0,69.63
1561176788.0,69.63
1561176789.0,69.63
1561176790.0,69.65
1561176791.0,69.65
1561176792.0,69.65
1561176793.0,69.65
1561176794.0,69.67
1561176795.0,69.68
1561176796.0,69.72
1561176797.0,69.75
1561176798.0,69.78
1561176799.0,69.82
1561176800.0,69.85
1561176801.0,69.88
1561176802.0,69.9
1561176803.0,69.92
1561176804.0,69.93
1561176805.0,69.95
1561176806.0,69.98
1561176807.0,70.02
1561176808.0,70.05
1561176809.0,70.08
1561176810.0,70.1
1561176811.0,70.12
1561176812.0,70.13
1561176813.0,70.17
1561176814.0,70.2
1561176815.0,70.23
1561176816.0,70.25
1561176817.0,70.27
1561176818.0,70.28
1561176819.0,70.3
1561176820.0,70.32
1561176821.0,70.33
1561176822.0,70.32
1561176823.0,70.3
1561176824.0,70.27
1561176825.0,70.23
1561176826.0,70.2
1561176827.0,70.17
1561176828.0,70.13
1561176829.0,70.1
1561176830.0,70.07
1561176831.0,70.05
1561176832.0,70.03
1561176833.0,70.03
1561176834.0,70.05
1561176835.0,70.07
1561176836.0,70.1
1561176837.0,70.13
1561176838.0,70.18
1561176839.0,70.23
1561176840.0,70.28
1561176841.0,70.33
1561176842.0,70.37
1561176843.0,70.4
1561176844.0,70.42
1561176845.0,70.42
1561176846.0,70.42
1561176847.0,70.42
1561176848.0,70.42
1561176849.0,70.4
1561176850.0,70.38
1561176851.0,70.37
1561176852.0,70.35
1561176853.0,70.35
1561176854.0,70.33
1561176855.0,70.32
1561176856.0,70.28
1561176857.0,70.25
1561176858.0,70.22
1561176859.0,70.18
1561176860.0,70.15
1561176861.0,70.12
1561176862.0,70.08
1561176863.0,70.05
1561176864.0,70.02
1561176865.0,69.98
1561176866.0,69.97
1561176867.0,69.95
1561176868.0,69.93
1561176869.0,69.92
1561176870.0,69.92
1561176871.0,69.92
1561176872.0,69.92
1561176873.0,69.92
1561176874.0,69.92
1561176875.0,69.92
1561176876.0,69.93
1561176877.0,69.93
1561176878.0,69.93
1561176879.0,69.93
1561176880.0,69.88
1561176881.0,69.77
1561176882.0,69.6
1561176883.0,69.43
1561176884.0,69.32
1561176885.0,69.22
1561176886.0,69.13
1561176887.0,69.05
1561176888.0,68.98
1561176889.0,68.92
1561176890.0,68.9
1561176891.0,68.93
1561176892.0,69.0
1561176893.0,69.05
1561176894.0,69.07
1561176895.0,69.07
1561176896.0,69.05
1561176897.0,69.03
1561176898.0,69.0
1561176899.0,68.95
1561176900.0,68.9
1561176901.0,68.85
1561176902.0,68.82
1561176903.0,68.78
1561176904.0,68.77
1561176905.0,68.77
1561176906.0,68.77
1561176907.0,68.77
1561176908.0,68.77
1561176909.0,68.77
1561176910.0,68.77
1561176911.0,68.78
1561176912.0,68.82
1561176913.0,68.83
1561176914.0,68.87
1561176915.0,68.9
1561176916.0,68.93
1561176917.0,68.97
1561176918.0,69.0
1561176919.0,69.03
1561176920.0,69.07
1561176921.0,69.1
1561176922.0,69.13
1561176923.0,69.13
1561176924.0,69.12
1561176925.0,69.08
1561176926.0,69.07
1561176927.0,69.07
1561176928.0,69.07
1561176929.0,69.08
1561176930.0,69.1
1561176931.0,69.1
1561176932.0,69.12
1561176933.0,69.13
1561176934.0,69.15
1561176935.0,69.15
1561176936.0,69.12
1561176937.0,69.08
1561176938.0,69.03
1561176939.0,68.97
1561176940.0,68.93
1561176941.0,68.97
1561176942.0,69.07
1561176943.0,69.17
1561176944.0,69.25
1561176945.0,69.33
1561176946.0,69.42
1561176947.0,69.5
1561176948.0,69.55
1561176949.0,69.62
1561176950.0,69.63
1561176951.0,69.6
1561176952.0,69.53
1561176953.0,69.5
1561176954.0,69.47
1561176955.0,69.43
1561176956.0,69.4
1561176957.0,69.37
1561176958.0,69.33
1561176959.0,69.32
1561176960.0,69.3
1561176961.0,69.27
1561176962.0,69.22
1561176963.0,69.17
1561176964.0,69.12
1561176965.0,69.07
1561176966.0,69.03
1561176967.0,69.0
1561176968.0,68.98
1561176969.0,68.97
1561176970.0,68.95
1561176971.0,68.93
1561176972.0,68.92
1561176973.0,68.92
1561176974.0,68.92
1561176975.0,68.9
1561176976.0,68.88
1561176977.0,68.87
1561176978.0,68.85
1561176979.0,68.83
1561176980.0,68.82
1561176981.0,68.8
1561176982.0,68.77
1561176983.0,68.77
1561176984.0,68.78
1561176985.0,68.82
1561176986.0,68.82
1561176987.0,68.82
1561176988.0,68.82
1561176989.0,68.8
1561176990.0,68.77
1561176991.0,68.73
1561176992.0,68.68
1561176993.0,68.63
1561176994.0,68.58
1561176995.0,68.57
1561176996.0,68.58
1561176997.0,68.62
1561176998.0,68.65
1561176999.0,68.7
1561177000.0,68.77
1561177001.0,68.83
1561177002.0,68.92
1561177003.0,69.0
1561177004.0,69.07
1561177005.0,69.1
1561177006.0,69.12
1561177007.0,69.12
1561177008.0,69.13
1561177009.0,69.13
1561177010.0,69.15
1561177011.0,69.13
1561177012.0,69.12
1561177013.0,69.08
1561177014.0,69.07
1561177015.0,69.07
1561177016.0,69.07
1561177017.0,69.08
1561177018.0,69.1
1561177019.0,69.12
1561177020.0,69.15
1561177021.0,69.2
1561177022.0,69.27
1561177023.0,69.33
1561177024.0,69.4
1561177025.0,69.47
1561177026.0,69.52
1561177027.0,69.58
1561177028.0,69.63
1561177029.0,69.7
1561177030.0,69.77
1561177031.0,69.83
1561177032.0,69.88
1561177033.0,69.92
1561177034.0,69.93
1561177035.0,69.97
1561177036.0,70.0
1561177037.0,70.03
1561177038.0,70.05
1561177039.0,70.07
1561177040.0,70.07
1561177041.0,70.07
1561177042.0,70.08
1561177043.0,70.1
1561177044.0,70.13
1561177045.0,70.17
1561177046.0,70.2
1561177047.0,70.22
1561177048.0,70.23
1561177049.0,70.25
1561177050.0,70.3
1561177051.0,70.37
1561177052.0,70.43
1561177053.0,70.5
1561177054.0,70.55
1561177055.0,70.58
1561177056.0,70.62
1561177057.0,70.63
1561177058.0,70.67
1561177059.0,70.7
1561177060.0,70.73
1561177061.0,70.77
1561177062.0,70.78
1561177063.0,70.8
1561177064.0,70.82
1561177065.0,70.87
1561177066.0,70.92
1561177067.0,70.98
1561177068.0,71.05
1561177069.0,71.12
1561177070.0,71.17
1561177071.0,71.23
1561177072.0,71.28
1561177073.0,71.35
1561177074.0,71.4
1561177075.0,71.45
1561177076.0,71.5
1561177077.0,71.53
1561177078.0,71.57
1561177079.0,71.6
1561177080.0,71.63
1561177081.0,71.65
1561177082.0,71.67
1561177083.0,71.67
1561177084.0,71.67
1561177085.0,71.67
1561177086.0,71.67
1561177087.0,71.65
1561177088.0,71.62
1561177089.0,71.57
1561177090.0,71.52
1561177091.0,71.47
1561177092.0,71.42
1561177093.0,71.37
1561177094.0,71.32
1561177095.0,71.27
1561177096.0,71.22
1561177097.0,71.17
1561177098.0,71.13
1561177099.0,71.1
1561177100.0,71.08
1561177101.0,71.07
1561177102.0,71.05
1561177103.0,71.03
1561177104.0,71.0
1561177105.0,70.97
1561177106.0,70.93
1561177107.0,70.9
1561177108.0,70.87
1561177109.0,70.83
1561177110.0,70.8
1561177111.0,70.77
1561177112.0,70.73
1561177113.0,70.72
1561177114.0,70.72
1561177115.0,70.72
1561177116.0,70.72
1561177117.0,70.75
1561177118.0,70.78
1561177119.0,70.83
1561177120.0,70.88
1561177121.0,70.95
1561177122.0,71.02
1561177123.0,71.08
1561177124.0,71.15
1561177125.0,71.2
1561177126.0,71.23
1561177127.0,71.27
1561177128.0,71.3
1561177129.0,71.33
1561177130.0,71.37
1561177131.0,71.4
1561177132.0,71.45
1561177133.0,71.48
1561177134.0,71.53
1561177135.0,71.6
1561177136.0,71.67
1561177137.0,71.73
1561177138.0,71.8
1561177139.0,71.87
1561177140.0,71.92
1561177141.0,72.0
1561177142.0,72.08
1561177143.0,72.18
1561177144.0,72.27
1561177145.0,72.35
1561177146.0,72.43
1561177147.0,72.5
1561177148.0,72.58
1561177149.0,72.67
1561177150.0,72.75
1561177151.0,72.8
1561177152.0,72.87
1561177153.0,72.92
1561177154.0,72.97
1561177155.0,73.02
1561177156.0,73.07
1561177157.0,73.12
1561177158.0,73.17
1561177159.0,73.22
1561177160.0,73.27
1561177161.0,73.32
1561177162.0,73.37
1561177163.0,73.42
1561177164.0,73.48
1561177165.0,73.55
1561177166.0,73.62
1561177167.0,73.68
1561177168.0,73.77
1561177169.0,73.85
1561177170.0,73.92
1561177171.0,73.98
1561177172.0,74.05
1561177173.0,74.1
1561177174.0,74.15
1561177175.0,74.2
1561177176.0,74.25
1561177177.0,74.3
1561177178.0,74.35
1561177179.0,74.38
1561177180.0,74.42
1561177181.0,74.45
1561177182.0,74.48
1561177183.0,74.52
1561177184.0,74.55
1561177185.0,74.58
1561177186.0,74.63
1561177187.0,74.68
1561177188.0,74.73
1561177189.0,74.78
1561177190.0,74.83
1561177191.0,74.88
1561177192.0,74.93
1561177193.0,74.98
1561177194.0,75.03
1561177195.0,75.07
1561177196.0,75.08
1561177197.0,75.1
1561177198.0,75.12
1561177199.0,75.12
1561177200.0,75.12
1561177201.0,75.1
1561177202.0,75.08
1561177203.0,75.07
1561177204.0,75.07
1561177205.0,75.07
1561177206.0,75.07
1561177207.0,75.08
1561177208.0,75.1
1561177209.0,75.12
1561177210.0,75.13
1561177211.0,75.17
1561177212.0,75.18
1561177213.0,75.22
1561177214.0,75.25
1561177215.0,75.3
1561177216.0,75.35
1561177217.0,75.42
1561177218.0,75.48
1561177219.0,75.55
1561177220.0,75.62
1561177221.0,75.7
1561177222.0,75.78
1561177223.0,75.87
1561177224.0,75.95
1561177225.0,76.03
1561177226.0,76.12
1561177227.0,76.2
1561177228.0,76.27
1561177229.0,76.33
1561177230.0,76.38
1561177231.0,76.43
1561177232.0,76.47
1561177233.0,76.5
1561177234.0,76.52
1561177235.0,76.52
1561177236.0,76.52
1561177237.0,76.48
1561177238.0,76.45
1561177239.0,76.43
1561177240.0,76.42
1561177241.0,76.38
1561177242.0,76.35
1561177243.0,76.32
1561177244.0,76.3
1561177245.0,76.28
1561177246.0,76.27
1561177247.0,76.25
1561177248.0,76.25
1561177249.0,76.25
1561177250.0,76.25
1561177251.0,76.25
1561177252.0,76.25
1561177253.0,76.25
1561177254.0,76.23
1561177255.0,76.22
1561177256.0,76.22
1561177257.0,76.22
1561177258.0,76.2
1561177259.0,76.2
1561177260.0,76.18
1561177261.0,76.17
1561177262.0,76.15
1561177263.0,76.13
1561177264.0,76.12
1561177265.0,76.12
1561177266.0,76.12
1561177267.0,76.12
1561177268.0,76.12
1561177269.0,76.12
1561177270.0,76.12
1561177271.0,76.12
1561177272.0,76.12
1561177273.0,76.12
1561177274.0,76.12
1561177275.0,76.1
1561177276.0,76.1
1561177277.0,76.08
1561177278.0,76.07
1561177279.0,76.05
1561177280.0,76.05
1561177281.0,76.03
1561177282.0,76.02
1561177283.0,76.0
1561177284.0,75.97
1561177285.0,75.93
1561177286.0,75.9
1561177287.0,75.87
1561177288.0,75.83
1561177289.0,75.8
1561177290.0,75.78
1561177291.0,75.77
1561177292.0,75.77
1561177293.0,75.77
1561177294.0,75.78
1561177295.0,75.82
1561177296.0,75.85
1561177297.0,75.9
1561177298.0,75.95
1561177299.0,75.98
1561177300.0,76.02
1561177301.0,76.07
1561177302.0,76.12
1561177303.0,76.17
1561177304.0,76.2
1561177305.0,76.23
1561177306.0,76.27
1561177307.0,76.3
1561177308.0,76.32
1561177309.0,76.33
1561177310.0,76.35
1561177311.0,76.37
1561177312.0,76.38
1561177313.0,76.4
1561177314.0,76.42
1561177315.0,76.43
1561177316.0,76.45
1561177317.0,76.47
1561177318.0,76.5
1561177319.0,76.53
1561177320.0,76.58
1561177321.0,76.63
1561177322.0,76.7
1561177323.0,76.77
1561177324.0,76.83
1561177325.0,76.88
1561177326.0,76.93
1561177327.0,76.97
1561177328.0,76.98
1561177329.0,77.0
1561177330.0,77.0
1561177331.0,77.0
1561177332.0,76.98
1561177333.0,76.95
1561177334.0,76.92
1561177335.0,76.88
1561177336.0,76.83
1561177337.0,76.78
1561177338.0,76.73
1561177339.0,76.68
1561177340.0,76.62
1561177341.0,76.55
1561177342.0,76.5
1561177343.0,76.45
1561177344.0,76.4
1561177345.0,76.37
1561177346.0,76.33
1561177347.0,76.3
1561177348.0,76.28
1561177349.0,76.27
1561177350.0,76.25
1561177351.0,76.23
1561177352.0,76.23
1561177353.0,76.23
1561177354.0,76.23
1561177355.0,76.23
1561177356.0,76.23
1561177357.0,76.23
1561177358.0,76.23
1561177359.0,76.23
1561177360.0,76.23
1561177361.0,76.22
1561177362.0,76.2
1561177363.0,76.18
1561177364.0,76.17
1561177365.0,76.15
1561177366.0,76.15
1561177367.0,76.15
1561177368.0,76.13
1561177369.0,76.12
1561177370.0,76.1
1561177371.0,76.07
1561177372.0,76.03
1561177373.0,76.0
1561177374.0,75.98
1561177375.0,75.95
1561177376.0,75.92
1561177377.0,75.88
1561177378.0,75.85
1561177379.0,75.82
1561177380.0,75.78
1561177381.0,75.75
1561177382.0,75.7
1561177383.0,75.63
1561177384.0,75.57
1561177385.0,75.5
1561177386.0,75.43
1561177387.0,75.38
1561177388.0,75.35
1561177389.0,75.32
1561177390.0,75.3
1561177391.0,75.28
1561177392.0,75.28
1561177393.0,75.3
1561177394.0,75.33
1561177395.0,75.37
1561177396.0,75.38
1561177397.0,75.42
1561177398.0,75.45
1561177399.0,75.5
1561177400.0,75.53
1561177401.0,75.58
1561177402.0,75.6
1561177403.0,75.62
1561177404.0,75.62
1561177405.0,75.6
1561177406.0,75.57
1561177407.0,75.55
1561177408.0,75.5
1561177409.0,75.47
1561177410.0,75.43
1561177411.0,75.42
1561177412.0,75.38
1561177413.0,75.35
1561177414.0,75.33
1561177415.0,75.32
1561177416.0,75.3
1561177417.0,75.28
1561177418.0,75.25
1561177419.0,75.22
1561177420.0,75.18
1561177421.0,75.13
1561177422.0,75.08
1561177423.0,75.03
1561177424.0,75.0
1561177425.0,74.97
1561177426.0,74.92
1561177427.0,74.87
1561177428.0,74.83
1561177429.0,74.8
1561177430.0,74.77
1561177431.0,74.75
1561177432.0,74.73
1561177433.0,74.73
1561177434.0,74.73
1561177435.0,74.75
1561177436.0,74.77
1561177437.0,74.8
1561177438.0,74.83
1561177439.0,74.87
1561177440.0,74.9
1561177441.0,74.93
1561177442.0,74.98
1561177443.0,75.05
1561177444.0,75.12
1561177445.0,75.18
1561177446.0,75.25
1561177447.0,75.32
1561177448.0,75.37
1561177449.0,75.42
1561177450.0,75.47
1561177451.0,75.52
1561177452.0,75.57
1561177453.0,75.62
1561177454.0,75.65
1561177455.0,75.68
1561177456.0,75.73
1561177457.0,75.77
1561177458.0,75.8
1561177459.0,75.82
1561177460.0,75.85
1561177461.0,75.87
1561177462.0,75.9
1561177463.0,75.93
1561177464.0,75.97
1561177465.0,76.0
1561177466.0,76.05
1561177467.0,76.07
1561177468.0,76.1
1561177469.0,76.1
1561177470.0,76.1
1561177471.0,76.07
1561177472.0,76.03
1561177473.0,76.0
1561177474.0,75.95
1561177475.0,75.9
1561177476.0,75.85
1561177477.0,75.8
1561177478.0,75.77
1561177479.0,75.75
1561177480.0,75.72
1561177481.0,75.72
1561177482.0,75.72
1561177483.0,75.73
1561177484.0,75.73
1561177485.0,75.73
1561177486.0,75.73
1561177487.0,75.73
1561177488.0,75.73
1561177489.0,75.73
1561177490.0,75.73
1561177491.0,75.73
1561177492.0,75.72
1561177493.0,75.68
1561177494.0,75.67
1561177495.0,75.65
1561177496.0,75.63
1561177497.0,75.6
1561177498.0,75.58
1561177499.0,75.57
1561177500.0,75.55
1561177501.0,75.53
1561177502.0,75.52
1561177503.0,75.5
1561177504.0,75.48
1561177505.0,75.47
1561177506.0,75.45
1561177507.0,75.43
1561177508.0,75.45
1561177509.0,75.45
1561177510.0,75.45
1561177511.0,75.45
1561177512.0,75.45
1561177513.0,75.45
1561177514.0,75.45
1561177515.0,75.45
1561177516.0,75.43
1561177517.0,75.42
1561177518.0,75.4
1561177519.0,75.38
1561177520.0,75.37
1561177521.0,75.35
1561177522.0,75.33
1561177523.0,75.32
1561177524.0,75.32
1561177525.0,75.32
1561177526.0,75.32
1561177527.0,75.32
1561177528.0,75.32
1561177529.0,75.33
1561177530.0,75.33
1561177531.0,75.35
1561177532.0,75.38
1561177533.0,75.43
1561177534.0,75.48
1561177535.0,75.53
1561177536.0,75.58
1561177537.0,75.63
1561177538.0,75.68
1561177539.0,75.7
1561177540.0,75.7
1561177541.0,75.68
1561177542.0,75.65
1561177543.0,75.58
1561177544.0,75.52
1561177545.0,75.45
1561177546.0,75.38
1561177547.0,75.32
1561177548.0,75.27
1561177549.0,75.23
1561177550.0,75.22
1561177551.0,75.22
1561177552.0,75.23
1561177553.0,75.27
1561177554.0,75.28
1561177555.0,75.3
1561177556.0,75.32
1561177557.0,75.35
1561177558.0,75.38
1561177559.0,75.42
1561177560.0,75.47
1561177561.0,75.52
1561177562.0,75.55
1561177563.0,75.57
1561177564.0,75.58
1561177565.0,75.6
1561177566.0,75.6
1561177567.0,75.58
1561177568.0,75.53
1561177569.0,75.48
1561177570.0,75.43
1561177571.0,75.37
1561177572.0,75.3
1561177573.0,75.23
1561177574.0,75.17
1561177575.0,75.1
1561177576.0,75.05
1561177577.0,75.0
1561177578.0,74.95
1561177579.0,74.9
1561177580.0,74.87
1561177581.0,74.83
1561177582.0,74.8
1561177583.0,74.75
1561177584.0,74.7
1561177585.0,74.65
1561177586.0,74.6
1561177587.0,74.57
1561177588.0,74.52
1561177589.0,74.45
1561177590.0,74.4
1561177591.0,74.33
1561177592.0,74.25
1561177593.0,74.15
1561177594.0,74.05
1561177595.0,73.95
1561177596.0,73.85
1561177597.0,73.75
1561177598.0,73.65
1561177599.0,73.57
1561177600.0,73.53
1561177601.0,73.5
1561177602.0,73.5
1561177603.0,73.52
1561177604.0,73.53
1561177605.0,73.57
1561177606.0,73.6
1561177607.0,73.65
1561177608.0,73.68
1561177609.0,73.72
1561177610.0,73.73
1561177611.0,73.73
1561177612.0,73.73
1561177613.0,73.72
1561177614.0,73.7
1561177615.0,73.68
1561177616.0,73.67
1561177617.0,73.62
1561177618.0,73.55
1561177619.0,73.47
1561177620.0,73.37
1561177621.0,73.27
1561177622.0,73.18
1561177623.0,73.12
1561177624.0,73.05
1561177625.0,72.98
1561177626.0,72.93
1561177627.0,72.88
1561177628.0,72.85
1561177629.0,72.83
1561177630.0,72.8
1561177631.0,72.78
1561177632.0,72.75
1561177633.0,72.72
1561177634.0,72.68
1561177635.0,72.63
1561177636.0,72.58
1561177637.0,72.53
1561177638.0,72.48
1561177639.0,72.43
1561177640.0,72.37
1561177641.0,72.32
1561177642.0,72.25
1561177643.0,72.22
1561177644.0,72.2
1561177645.0,72.18
1561177646.0,72.17
1561177647.0,72.15
1561177648.0,72.15
1561177649.0,72.17
1561177650.0,72.18
1561177651.0,72.22
1561177652.0,72.23
1561177653.0,72.25
1561177654.0,72.27
1561177655.0,72.28
1561177656.0,72.3
1561177657.0,72.32
1561177658.0,72.33
1561177659.0,72.37
1561177660.0,72.38
1561177661.0,72.4
1561177662.0,72.42
1561177663.0,72.43
1561177664.0,72.45
1561177665.0,72.45
1561177666.0,72.45
1561177667.0,72.45
1561177668.0,72.45
1561177669.0,72.43
1561177670.0,72.42
1561177671.0,72.4
1561177672.0,72.38
1561177673.0,72.37
1561177674.0,72.35
1561177675.0,72.33
1561177676.0,72.32
1561177677.0,72.32
1561177678.0,72.33
1561177679.0,72.37
1561177680.0,72.4
1561177681.0,72.43
1561177682.0,72.45
1561177683.0,72.47
1561177684.0,72.48
1561177685.0,72.48
1561177686.0,72.48
1561177687.0,72.5
1561177688.0,72.52
1561177689.0,72.53
1561177690.0,72.57
1561177691.0,72.6
1561177692.0,72.65
1561177693.0,72.7
1561177694.0,72.75
1561177695.0,72.82
1561177696.0,72.88
1561177697.0,72.95
1561177698.0,73.02
1561177699.0,73.08
1561177700.0,73.15
1561177701.0,73.2
1561177702.0,73.27
1561177703.0,73.3
1561177704.0,73.32
1561177705.0,73.32
1561177706.0,73.32
1561177707.0,73.32
1561177708.0,73.32
1561177709.0,73.32
1561177710.0,73.32
1561177711.0,73.32
1561177712.0,73.33
1561177713.0,73.37
1561177714.0,73.4
1561177715.0,73.43
1561177716.0,73.47
1561177717.0,73.52
1561177718.0,73.58
1561177719.0,73.63
1561177720.0,73.7
1561177721.0,73.77
1561177722.0,73.82
1561177723.0,73.87
1561177724.0,73.93
1561177725.0,74.0
1561177726.0,74.07
1561177727.0,74.12
1561177728.0,74.17
1561177729.0,74.2
1561177730.0,74.23
1561177731.0,74.27
1561177732.0,74.3
1561177733.0,74.33
1561177734.0,74.37
1561177735.0,74.42
1561177736.0,74.45
1561177737.0,74.5
1561177738.0,74.53
1561177739.0,74.57
1561177740.0,74.6
1561177741.0,74.63
1561177742.0,74.67
1561177743.0,74.68
1561177744.0,74.68
1561177745.0,74.68
1561177746.0,74.67
1561177747.0,74.62
1561177748.0,74.55
1561177749.0,74.48
1561177750.0,74.4
1561177751.0,74.3
1561177752.0,74.22
1561177753.0,74.13
1561177754.0,74.07
1561177755.0,74.0
1561177756.0,73.93
1561177757.0,73.88
1561177758.0,73.83
1561177759.0,73.8
1561177760.0,73.77
1561177761.0,73.73
1561177762.0,73.7
1561177763.0,73.68
1561177764.0,73.67
1561177765.0,73.68
1561177766.0,73.7
1561177767.0,73.72
1561177768.0,73.73
1561177769.0,73.75
1561177770.0,73.77
1561177771.0,73.77
1561177772.0,73.77
1561177773.0,73.75
1561177774.0,73.73
1561177775.0,73.72
1561177776.0,73.7
1561177777.0,73.67
1561177778.0,73.62
1561177779.0,73.57
1561177780.0,73.5
1561177781.0,73.43
1561177782.0,73.37
1561177783.0,73.3
1561177784.0,73.22
1561177785.0,73.13
1561177786.0,73.03
1561177787.0,72.93
1561177788.0,72.83
1561177789.0,72.75
1561177790.0,72.67
1561177791.0,72.58
1561177792.0,72.5
1561177793.0,72.42
1561177794.0,72.32
1561177795.0,72.2
1561177796.0,72.08
1561177797.0,71.95
1561177798.0,71.83
1561177799.0,71.72
1561177800.0,71.6
1561177801.0,71.5
1561177802.0,71.4
1561177803.0,71.32
1561177804.0,71.25
1561177805.0,71.22
1561177806.0,71.2
1561177807.0,71.23
1561177808.0,71.27
1561177809.0,71.3
1561177810.0,71.35
1561177811.0,71.42
1561177812.0,71.47
1561177813.0,71.5
1561177814.0,71.52
1561177815.0,71.53
1561177816.0,71.53
1561177817.0,71.53
1561177818.0,71.53
1561177819.0,71.52
1561177820.0,71.5
1561177821.0,71.48
1561177822.0,71.47
1561177823.0,71.47
1561177824.0,71.48
1561177825.0,71.48
1561177826.0,71.48
1561177827.0,71.48
1561177828.0,71.48
1561177829.0,71.48
1561177830.0,71.48
1561177831.0,71.5
1561177832.0,71.52
1561177833.0,71.53
1561177834.0,71.55
1561177835.0,71.58
1561177836.0,71.62
1561177837.0,71.65
1561177838.0,71.68
1561177839.0,71.72
1561177840.0,71.77
1561177841.0,71.82
1561177842.0,71.87
1561177843.0,71.92
1561177844.0,71.97
1561177845.0,72.02
1561177846.0,72.08
1561177847.0,72.13
1561177848.0,72.17
1561177849.0,72.2
1561177850.0,72.22
1561177851.0,72.23
1561177852.0,72.25
1561177853.0,72.25
1561177854.0,72.27
1561177855.0,72.28
1561177856.0,72.32
1561177857.0,72.35
1561177858.0,72.37
1561177859.0,72.4
1561177860.0,72.43
1561177861.0,72.45
1561177862.0,72.47
1561177863.0,72.5
1561177864.0,72.53
1561177865.0,72.55
1561177866.0,72.57
1561177867.0,72.58
1561177868.0,72.62
1561177869.0,72.65
1561177870.0,72.68
1561177871.0,72.73
1561177872.0,72.78
1561177873.0,72.85
1561177874.0,72.92
1561177875.0,72.98
1561177876.0,73.07
1561177877.0,73.15
1561177878.0,73.23
1561177879.0,73.32
1561177880.0,73.4
1561177881.0,73.48
1561177882.0,73.57
1561177883.0,73.63
1561177884.0,73.68
1561177885.0,73.73
1561177886.0,73.78
1561177887.0,73.83
1561177888.0,73.88
1561177889.0,73.93
1561177890.0,73.98
1561177891.0,74.03
1561177892.0,74.08
1561177893.0,74.13
1561177894.0,74.17
1561177895.0,74.18
1561177896.0,74.18
1561177897.0,74.18
1561177898.0,74.18
1561177899.0,74.17
1561177900.0,74.13
1561177901.0,74.08
1561177902.0,74.03
1561177903.0,73.98
1561177904.0,73.93
1561177905.0,73.88
1561177906.0,73.85
1561177907.0,73.83
1561177908.0,73.83
1561177909.0,73.83
1561177910.0,73.85
1561177911.0,73.87
1561177912.0,73.88
1561177913.0,73.92
1561177914.0,73.95
1561177915.0,73.98
1561177916.0,74.02
1561177917.0,74.05
1561177918.0,74.07
1561177919.0,74.07
1561177920.0,74.05
1561177921.0,74.02
1561177922.0,73.98
1561177923.0,73.93
1561177924.0,73.87
1561177925.0,73.8
1561177926.0,73.73
1561177927.0,73.65
1561177928.0,73.57
1561177929.0,73.5
1561177930.0,73.43
1561177931.0,73.35
1561177932.0,73.27
1561177933.0,73.18
1561177934.0,73.12
1561177935.0,73.05
1561177936.0,72.98
1561177937.0,72.9
1561177938.0,72.82
1561177939.0,72.73
1561177940.0,72.67
1561177941.0,72.6
1561177942.0,72.53
1561177943.0,72.47
1561177944.0,72.4
1561177945.0,72.33
1561177946.0,72.27
1561177947.0,72.2
1561177948.0,72.13
1561177949.0,72.07
1561177950.0,72.0
1561177951.0,71.95
1561177952.0,71.9
1561177953.0,71.85
1561177954.0,71.83
1561177955.0,71.82
1561177956.0,71.83
1561177957.0,71.85
1561177958.0,71.88
1561177959.0,71.92
1561177960.0,71.95
1561177961.0,71.92
1561177962.0,71.9
1561177963.0,71.85
1561177964.0,71.95
1561177965.0,72.05
1561177966.0,72.13
1561177967.0,72.23
1561177968.0,72.5
1561177969.0,72.73
1561177970.0,72.97
1561177971.0,73.23
1561177972.0,73.52
1561177973.0,73.8
1561177974.0,74.12
1561177975.0,74.43
1561177976.0,74.75
1561177977.0,75.07
1561177978.0,75.43
1561177979.0,75.78
1561177980.0,76.15
1561177981.0,76.52
1561177982.0,76.92
1561177983.0,77.3
1561177984.0,77.7
1561177985.0,78.08
1561177986.0,78.43
1561177987.0,78.77
1561177988.0,79.1
1561177989.0,79.42
1561177990.0,79.7
1561177991.0,79.97
1561177992.0,80.15
1561177993.0,80.37
1561177994.0,80.52
1561177995.0,80.62
1561177996.0,80.65
1561177997.0,80.6
1561177998.0,80.5
1561177999.0,80.35
1561178000.0,80.15
1561178001.0,79.95
1561178002.0,79.73
1561178003.0,79.52
1561178004.0,79.3
1561178005.0,79.12
1561178006.0,78.95
1561178007.0,78.82
1561178008.0,78.68
1561178009.0,78.57
1561178010.0,78.47
1561178011.0,78.35
1561178012.0,78.25
1561178013.0,78.15
1561178014.0,78.02
1561178015.0,77.88
1561178016.0,77.73
1561178017.0,77.57
1561178018.0,77.38
1561178019.0,77.22
