,Time,Heart Rate
0,0:57:41,70
1,0:58:18,70
2,0:58:36,70
3,0:59:35,70
4,0:59:50,70
5,1:00:05,70
6,1:00:15,74
7,1:00:20,77
8,1:00:25,79
9,1:00:30,81
10,1:00:45,80
11,1:00:50,80
12,1:01:00,78
13,1:01:10,77
14,1:01:15,77
15,1:01:20,77
16,1:01:30,78
17,1:01:40,77
18,1:01:45,82
19,1:01:55,81
20,1:02:10,81
21,1:02:15,83
22,1:02:20,84
23,1:02:30,85
24,1:02:40,86
25,1:02:50,87
26,1:02:55,88
27,1:03:05,87
28,1:03:10,85
29,1:03:17,83
30,1:03:27,82
31,1:03:32,78
32,1:03:37,77
33,1:03:47,78
34,1:03:52,75
35,1:03:57,73
36,1:04:02,74
37,1:04:07,73
38,1:04:17,72
39,1:04:22,71
40,1:04:27,74
41,1:04:32,69
42,1:04:37,64
43,1:04:42,64
44,1:04:57,65
45,1:05:02,68
46,1:05:07,80
47,1:05:17,76
48,1:05:22,72
49,1:05:27,72
50,1:05:37,72
51,1:05:47,75
52,1:05:52,76
53,1:05:57,78
54,1:06:07,79
55,1:06:12,79
56,1:06:17,80
57,1:06:22,79
58,1:06:32,76
59,1:06:37,72
60,1:06:42,74
61,1:06:47,77
62,1:06:52,80
63,1:06:57,82
64,1:07:02,81
65,1:07:07,82
66,1:07:22,83
67,1:07:27,74
68,1:07:32,65
69,1:07:37,62
70,1:07:42,62
71,1:07:47,65
72,1:07:52,73
73,1:07:57,73
74,1:08:02,71
75,1:08:07,70
76,1:08:12,74
77,1:08:17,75
78,1:08:22,70
79,1:08:27,67
80,1:08:32,65
81,1:08:37,64
82,1:08:42,65
83,1:08:47,66
84,1:09:02,66
85,1:09:07,66
86,1:09:22,68
87,1:09:27,69
88,1:09:32,70
89,1:09:42,71
90,1:09:47,72
91,1:09:52,75
92,1:09:57,76
93,1:10:07,74
94,1:10:12,71
95,1:10:17,69
96,1:10:22,66
97,1:10:27,68
98,1:10:32,70
99,1:10:37,68
100,1:10:42,66
101,1:10:52,67
102,1:11:07,67
103,1:11:17,68
104,1:11:27,67
105,1:11:32,68
106,1:11:37,71
107,1:11:42,72
108,1:11:52,73
109,1:11:57,75
110,1:12:02,76
111,1:12:12,74
112,1:12:17,70
113,1:12:22,69
114,1:12:27,70
115,1:12:37,69
116,1:12:42,68
117,1:12:47,66
118,1:12:52,65
119,1:12:57,66
120,1:13:02,67
121,1:13:07,68
122,1:13:12,67
123,1:13:17,66
124,1:13:22,66
125,1:13:37,67
126,1:13:47,65
127,1:13:52,64
128,1:14:02,65
129,1:14:07,66
130,1:14:12,67
131,1:14:17,66
132,1:14:22,65
133,1:14:27,65
134,1:14:42,65
135,1:14:47,64
136,1:14:52,62
137,1:15:07,62
138,1:15:12,64
139,1:15:17,63
140,1:15:22,62
141,1:15:32,66
142,1:15:37,67
143,1:15:42,66
144,1:15:47,64
145,1:15:52,63
146,1:15:57,64
147,1:16:07,65
148,1:16:17,64
149,1:16:22,63
150,1:16:27,62
151,1:16:37,63
152,1:16:47,62
153,1:17:02,62
154,1:17:17,61
155,1:17:27,66
156,1:17:32,67
157,1:17:37,63
158,1:17:43,61
159,1:17:48,60
160,1:17:53,59
161,1:17:58,58
162,1:18:08,59
163,1:18:13,60
164,1:18:28,60
165,1:18:43,61
166,1:18:53,60
167,1:18:58,59
168,1:19:13,59
169,1:19:18,60
170,1:19:23,59
171,1:19:33,58
172,1:19:43,59
173,1:19:58,59
174,1:20:13,60
175,1:20:18,59
176,1:20:28,60
177,1:20:33,61
178,1:20:48,61
179,1:21:03,61
180,1:21:13,63
181,1:21:28,64
182,1:21:33,73
183,1:21:38,81
184,1:21:43,81
185,1:21:48,74
186,1:21:53,67
187,1:21:58,65
188,1:22:03,67
189,1:22:08,68
190,1:22:13,65
191,1:22:18,63
192,1:22:23,61
193,1:22:28,59
194,1:22:38,60
195,1:22:53,61
196,1:23:08,61
197,1:23:13,62
198,1:23:18,64
199,1:23:23,65
200,1:23:33,71
201,1:23:38,78
202,1:23:53,78
203,1:24:03,76
204,1:24:08,72
205,1:24:23,72
206,1:24:28,73
207,1:24:33,72
208,1:24:43,71
209,1:24:48,70
210,1:24:53,66
211,1:24:58,67
212,1:25:08,68
213,1:25:13,67
214,1:40:27,70
215,1:40:37,74
216,1:40:42,89
217,1:40:47,81
218,1:40:52,77
219,1:41:02,68
220,1:41:07,62
221,1:41:12,58
222,1:41:17,56
223,1:41:22,56
224,1:41:27,57
225,1:41:32,58
226,1:41:37,56
227,1:41:47,58
228,1:41:52,60
229,1:42:02,58
230,1:42:07,58
231,1:42:17,59
232,1:42:22,60
233,1:42:32,59
234,1:42:37,58
235,1:42:42,59
236,1:42:47,60
237,1:42:52,59
238,1:42:57,58
239,1:43:07,59
240,1:43:12,61
241,1:43:17,70
242,1:43:22,68
243,1:43:27,63
244,1:43:32,58
245,1:43:37,57
246,1:43:47,60
247,1:43:52,58
248,1:43:57,56
249,1:44:07,57
250,1:44:22,58
251,1:44:27,57
252,1:44:32,56
253,1:44:47,56
254,1:44:57,59
255,1:45:02,61
256,1:45:07,59
257,1:45:12,57
258,1:45:22,58
259,1:45:32,59
260,1:45:37,60
261,1:45:42,57
262,1:45:47,56
263,1:45:52,57
264,1:45:57,57
265,1:46:07,61
266,1:46:12,64
267,1:46:17,61
268,1:46:22,57
269,1:46:32,58
270,1:46:42,61
271,1:46:47,59
272,1:46:52,57
273,1:46:57,56
274,1:47:12,56
275,1:47:17,60
276,1:47:22,62
277,1:47:27,58
278,1:47:32,57
279,1:47:42,56
280,1:47:57,59
281,1:48:02,57
282,1:48:07,56
283,1:48:22,56
284,1:48:27,61
285,1:48:32,64
286,1:48:37,61
287,1:48:42,58
288,1:48:47,57
289,1:48:52,56
290,1:49:02,57
291,1:49:07,60
292,1:49:12,62
293,1:49:17,59
294,1:49:22,57
295,1:49:32,58
296,1:49:37,61
297,1:49:42,61
298,1:49:47,57
299,1:49:52,56
300,1:49:57,57
301,1:50:07,58
302,1:50:12,60
303,1:50:17,62
304,1:50:22,57
305,1:50:27,56
306,1:50:37,57
307,1:50:42,60
308,1:50:52,58
309,1:51:07,57
310,1:51:12,58
311,1:51:17,61
312,1:51:22,58
313,1:51:27,56
314,1:51:42,57
315,1:51:47,59
316,1:51:52,61
317,1:51:57,58
318,1:52:02,57
319,1:52:07,58
320,1:52:12,59
321,1:52:22,63
322,1:52:27,62
323,1:52:32,58
324,1:52:47,58
325,1:52:52,61
326,1:52:57,59
327,1:53:02,56
328,1:53:12,57
329,1:53:17,58
330,1:53:22,59
331,1:53:27,64
332,1:53:32,63
333,1:53:37,59
334,1:53:42,57
335,1:53:57,57
336,1:54:02,58
337,1:54:07,62
338,1:54:12,62
339,1:54:17,58
340,1:54:22,57
341,1:54:27,58
342,1:54:42,59
343,1:54:52,58
344,1:54:57,61
345,1:55:02,62
346,1:55:07,61
347,1:55:12,58
348,1:55:27,58
349,1:55:32,59
350,1:55:37,56
351,1:55:52,56
352,1:56:02,58
353,1:56:12,55
354,1:56:27,55
355,1:56:42,56
356,1:56:47,63
357,1:56:52,60
358,1:56:57,56
359,1:57:07,55
360,1:57:17,61
361,1:57:22,66
362,1:57:27,64
363,1:57:32,58
364,1:57:37,55
365,1:57:42,54
366,1:57:47,54
367,1:57:52,55
368,1:57:57,60
369,1:58:03,62
370,1:58:08,57
371,1:58:13,54
372,1:58:18,53
373,1:58:33,57
374,1:58:38,56
375,1:58:43,54
376,1:58:48,53
377,1:58:53,55
378,1:58:58,59
379,1:59:03,58
380,1:59:08,56
381,1:59:13,54
382,1:59:28,54
383,1:59:33,57
384,1:59:38,59
385,1:59:43,57
386,1:59:48,55
387,2:00:03,54
388,2:00:08,55
389,2:00:18,56
390,2:00:23,55
391,2:00:28,54
392,2:00:33,55
393,2:00:43,57
394,2:00:48,62
395,2:00:53,61
396,2:00:58,56
397,2:01:13,56
398,2:01:18,57
399,2:01:23,61
400,2:01:28,61
401,2:01:33,66
402,2:01:38,73
403,2:01:43,69
404,2:01:48,62
405,2:01:53,58
406,2:01:58,56
407,2:02:03,55
408,2:02:13,56
409,2:02:23,55
410,2:02:38,54
411,2:02:43,54
412,2:02:58,54
413,2:03:03,57
414,2:03:08,56
415,2:03:13,55
416,2:03:18,54
417,2:03:33,54
418,2:03:43,56
419,2:03:53,54
420,2:04:03,55
421,2:04:08,58
422,2:04:13,60
423,2:04:18,58
424,2:04:23,56
425,2:04:28,55
426,2:04:38,54
427,2:04:43,55
428,2:04:53,53
429,2:05:08,53
430,2:05:13,54
431,2:05:18,55
432,2:05:33,57
433,2:05:38,60
434,2:05:43,58
435,2:05:48,56
436,2:05:53,55
437,2:05:58,56
438,2:06:03,62
439,2:06:08,62
440,2:06:13,59
441,2:06:18,58
442,2:06:23,57
443,2:06:28,60
444,2:06:33,58
445,2:06:38,55
446,2:06:53,57
447,2:06:58,63
448,2:07:03,60
449,2:07:08,57
450,2:07:13,56
451,2:07:23,58
452,2:07:28,57
453,2:07:33,55
454,2:07:48,55
455,2:07:58,56
456,2:08:03,57
457,2:08:08,61
458,2:08:13,60
459,2:08:18,57
460,2:08:23,56
461,2:08:28,60
462,2:08:33,67
463,2:08:38,61
464,2:08:43,58
465,2:08:48,56
466,2:08:53,55
467,2:08:58,54
468,2:09:03,55
469,2:09:08,57
470,2:09:13,57
471,2:09:18,56
472,2:09:23,53
473,2:09:33,52
474,2:09:38,53
475,2:09:43,54
476,2:09:48,54
477,2:09:53,53
478,2:09:58,53
479,2:10:08,51
480,2:10:23,53
481,2:10:28,54
482,2:10:33,55
483,2:10:38,56
484,2:10:48,69
485,2:11:03,69
486,2:11:08,69
487,2:11:13,70
488,2:11:18,78
489,2:11:28,79
490,2:11:33,78
491,2:11:38,75
492,2:11:43,74
493,2:11:48,73
494,2:11:53,66
495,2:11:58,63
496,2:12:03,62
497,2:12:08,63
498,2:12:23,63
499,2:12:28,63
500,2:12:33,62
501,2:12:38,60
502,2:12:46,59
503,2:12:51,57
504,2:12:56,56
505,2:13:01,55
506,2:13:06,53
507,2:13:21,53
508,2:13:26,53
509,2:13:31,54
510,2:13:46,54
511,2:13:51,57
512,2:13:56,57
513,2:14:01,56
514,2:14:06,54
515,2:14:11,53
516,2:14:16,52
517,2:14:26,53
518,2:14:36,52
519,2:14:51,52
520,2:15:01,53
521,2:15:11,54
522,2:15:16,57
523,2:15:26,56
524,2:15:31,55
525,2:15:36,54
526,2:15:46,53
527,2:16:01,53
528,2:16:06,54
529,2:16:11,58
530,2:16:16,59
531,2:16:21,57
532,2:16:26,56
533,2:16:31,55
534,2:16:36,54
535,2:16:51,55
536,2:16:56,54
537,2:17:11,57
538,2:17:16,56
539,2:17:21,55
540,2:17:26,53
541,2:17:41,53
542,2:17:56,54
543,2:18:01,57
544,2:18:06,61
545,2:18:11,60
546,2:18:16,57
547,2:18:21,56
548,2:18:26,55
549,2:18:31,53
550,2:18:46,53
551,2:19:01,53
552,2:19:06,54
553,2:19:11,55
554,2:19:26,56
555,2:19:41,57
556,2:19:46,57
557,2:19:51,68
558,2:19:56,70
559,2:20:01,70
560,2:20:06,69
561,2:20:11,66
562,2:20:16,57
563,2:20:21,54
564,2:20:26,53
565,2:20:36,53
566,2:20:51,53
567,2:21:06,53
568,2:21:16,52
569,2:21:26,54
570,2:21:31,53
571,2:21:36,51
572,2:21:41,51
573,2:21:46,51
574,2:22:01,51
575,2:22:06,55
576,2:22:11,57
577,2:22:16,56
578,2:22:21,54
579,2:22:26,53
580,2:22:31,54
581,2:22:36,53
582,2:22:41,52
583,2:22:56,52
584,2:23:06,53
585,2:23:11,54
586,2:23:16,53
587,2:23:31,51
588,2:23:36,50
589,2:23:51,50
590,2:23:56,52
591,2:24:11,52
592,2:24:16,52
593,2:24:26,52
594,2:24:36,51
595,2:24:41,51
596,2:24:51,52
597,2:25:01,60
598,2:25:06,63
599,2:25:21,66
600,2:25:36,66
601,2:25:46,66
602,2:25:51,71
603,2:25:56,72
604,2:26:06,74
605,2:26:11,79
606,2:26:16,73
607,2:26:21,69
608,2:26:26,64
609,2:26:31,62
610,2:26:36,60
611,2:26:41,57
612,2:26:46,55
613,2:26:51,53
614,2:27:01,54
615,2:27:06,56
616,2:27:11,57
617,2:27:16,56
618,2:27:21,55
619,2:27:31,54
620,2:27:41,51
621,2:27:56,51
622,2:28:11,51
623,2:28:21,50
624,2:28:36,52
625,2:28:51,52
626,2:29:01,51
627,2:29:06,52
628,2:29:11,53
629,2:29:16,54
630,2:29:21,56
631,2:29:26,55
632,2:29:31,53
633,2:29:36,52
634,2:29:42,52
635,2:29:52,54
636,2:29:57,57
637,2:30:02,56
638,2:30:07,55
639,2:30:17,54
640,2:30:32,54
641,2:30:37,55
642,2:30:42,54
643,2:30:47,53
644,2:31:02,60
645,2:31:07,59
646,2:31:12,56
647,2:31:17,55
648,2:31:32,57
649,2:31:37,58
650,2:31:42,57
651,2:31:47,56
652,2:31:52,55
653,2:32:02,54
654,2:32:12,54
655,2:32:22,55
656,2:32:37,54
657,2:32:54,55
658,2:32:59,56
659,2:33:14,56
660,2:33:24,56
661,2:33:39,56
662,2:33:44,58
663,2:33:49,60
664,2:34:04,65
665,2:34:09,67
666,2:34:14,67
667,2:34:19,65
668,2:34:29,69
669,2:34:34,70
670,2:34:39,70
671,2:34:44,67
672,2:34:49,60
673,2:34:54,59
674,2:34:59,61
675,2:35:04,62
676,2:35:19,63
677,2:35:24,64
678,2:35:39,64
679,2:35:44,63
680,2:35:59,65
681,2:36:09,63
682,2:36:14,61
683,2:36:19,57
684,2:36:24,55
685,2:36:34,54
686,2:36:39,53
687,2:36:44,52
688,2:36:59,52
689,2:37:04,51
690,2:37:14,51
691,2:37:19,52
692,2:37:24,52
693,2:37:29,50
694,2:37:34,50
695,2:37:44,49
696,2:37:59,51
697,2:38:04,50
698,2:38:19,52
699,2:38:24,54
700,2:38:29,52
701,2:38:34,50
702,2:38:44,52
703,2:38:49,53
704,2:38:54,52
705,2:38:59,51
706,2:39:14,53
707,2:39:19,57
708,2:39:24,56
709,2:39:39,55
710,2:39:44,52
711,2:39:49,51
712,2:39:54,53
713,2:39:59,52
714,2:40:04,51
715,2:40:14,52
716,2:40:19,51
717,2:40:24,49
718,2:40:34,50
719,2:40:44,51
720,2:40:54,53
721,2:40:59,57
722,2:41:04,62
723,2:41:09,58
724,2:41:14,56
725,2:41:19,55
726,2:41:24,54
727,2:41:29,59
728,2:41:34,60
729,2:41:39,58
730,2:41:44,54
731,2:41:49,55
732,2:41:54,53
733,2:41:59,51
734,2:42:04,51
735,2:42:14,54
736,2:42:19,56
737,2:42:29,57
738,2:42:34,57
739,2:42:39,58
740,2:42:44,70
741,2:42:49,65
742,2:42:54,64
743,2:42:59,62
744,2:43:04,60
745,2:43:09,63
746,2:43:14,64
747,2:43:29,63
748,2:43:34,62
749,2:43:39,59
750,2:43:44,55
751,2:43:49,52
752,2:43:54,52
753,2:43:59,51
754,2:44:04,50
755,2:44:09,51
756,2:44:14,53
757,2:44:19,52
758,2:44:24,56
759,2:44:29,55
760,2:44:34,53
761,2:44:39,55
762,2:44:44,54
763,2:44:49,51
764,2:44:54,50
765,2:45:04,51
766,2:45:09,52
767,2:45:14,53
768,2:45:29,55
769,2:45:39,56
770,2:45:49,55
771,2:46:04,55
772,2:46:14,54
773,2:46:19,52
774,2:46:24,53
775,2:46:29,55
776,2:46:39,53
777,2:46:44,51
778,2:46:49,50
779,2:46:59,51
780,2:47:04,50
781,2:47:14,52
782,2:47:19,56
783,2:47:24,57
784,2:47:29,54
785,2:47:34,53
786,2:47:39,54
787,2:47:44,55
788,2:47:59,55
789,2:48:07,62
790,2:48:12,58
791,2:48:17,55
792,2:48:22,58
793,2:48:27,57
794,2:48:32,55
795,2:48:37,52
796,2:48:42,51
797,2:48:47,52
798,2:48:52,54
799,2:49:02,53
800,2:49:07,54
801,2:49:12,55
802,2:49:17,58
803,2:49:22,57
804,2:49:27,55
805,2:49:32,54
806,2:49:37,55
807,2:49:42,57
808,2:49:52,55
809,2:49:57,56
810,2:50:02,57
811,2:50:07,56
812,2:50:12,55
813,2:50:17,59
814,2:50:22,64
815,2:50:27,63
816,2:50:32,63
817,2:50:37,63
818,2:50:42,59
819,2:50:47,58
820,2:50:52,61
821,2:50:57,60
822,2:51:02,55
823,2:51:07,55
824,2:51:22,56
825,2:51:27,66
826,2:51:32,69
827,2:51:37,64
828,2:51:42,62
829,2:51:47,61
830,2:51:52,59
831,2:51:57,56
832,2:52:02,54
833,2:52:07,53
834,2:52:12,53
835,2:52:27,53
836,2:52:37,54
837,2:52:47,51
838,2:52:52,50
839,2:53:02,51
840,2:53:17,51
841,2:53:22,50
842,2:53:27,55
843,2:53:32,58
844,2:53:47,58
845,2:54:02,59
846,2:54:07,57
847,2:54:12,56
848,2:54:22,57
849,2:54:27,54
850,2:54:32,51
851,2:54:47,51
852,2:54:52,55
853,2:54:57,61
854,2:55:02,60
855,2:55:07,59
856,2:55:12,58
857,2:55:17,56
858,2:55:22,55
859,2:55:27,56
860,2:55:32,55
861,2:55:37,54
862,2:55:42,53
863,2:55:47,52
864,2:56:02,52
865,2:56:07,50
866,2:56:12,49
867,2:56:17,48
868,2:56:22,48
869,2:56:27,49
870,2:56:32,52
871,2:56:37,53
872,2:56:42,52
873,2:56:47,51
874,2:56:52,50
875,2:57:02,50
876,2:57:07,53
877,2:57:12,55
878,2:57:17,54
879,2:57:22,53
880,2:57:27,52
881,2:57:42,54
882,2:57:47,54
883,2:57:52,52
884,2:58:02,51
885,2:58:07,57
886,2:58:12,58
887,2:58:17,57
888,2:58:22,55
889,2:58:27,54
890,2:58:32,56
891,2:58:42,54
892,2:58:47,53
893,2:58:52,52
894,2:58:57,50
895,2:59:07,53
896,2:59:12,54
897,2:59:17,52
898,2:59:22,51
899,2:59:27,50
900,2:59:37,51
901,2:59:42,52
902,2:59:47,58
903,2:59:52,58
904,2:59:57,56
905,3:00:02,52
906,3:00:07,51
907,3:00:17,50
908,3:00:22,51
909,3:00:27,53
910,3:00:32,56
911,3:00:37,55
912,3:00:42,54
913,3:00:47,53
914,3:01:02,52
915,3:01:12,51
916,3:01:17,51
917,3:01:22,55
918,3:01:27,55
919,3:01:32,53
920,3:01:37,50
921,3:01:42,49
922,3:01:52,50
923,3:01:57,53
924,3:02:02,53
925,3:02:07,51
926,3:02:12,49
927,3:02:27,49
928,3:02:32,49
929,3:02:37,50
930,3:02:42,50
931,3:02:47,49
932,3:03:02,49
933,3:03:17,48
934,3:03:22,47
935,3:03:27,48
936,3:03:32,49
937,3:03:37,50
938,3:03:42,50
939,3:03:52,49
940,3:03:57,48
941,3:04:12,48
942,3:04:17,49
943,3:04:32,49
944,3:04:37,56
945,3:04:42,55
946,3:04:47,51
947,3:04:52,50
948,3:05:02,50
949,3:05:08,50
950,3:05:13,49
951,3:05:18,48
952,3:05:28,49
953,3:05:33,54
954,3:05:38,61
955,3:05:43,60
956,3:05:48,56
957,3:05:53,52
958,3:05:58,51
959,3:06:13,51
960,3:06:28,50
961,3:06:33,49
962,3:06:43,49
963,3:06:53,51
964,3:07:03,51
965,3:07:18,50
966,3:07:23,48
967,3:07:38,49
968,3:07:43,50
969,3:07:48,51
970,3:08:03,51
971,3:08:08,52
972,3:08:23,51
973,3:08:28,49
974,3:08:43,49
975,3:08:58,49
976,3:09:03,50
977,3:09:08,50
978,3:09:13,51
979,3:09:23,52
980,3:09:28,51
981,3:09:33,52
982,3:09:38,51
983,3:09:43,50
984,3:09:58,50
985,3:10:03,50
986,3:10:13,51
987,3:10:23,48
988,3:10:28,47
989,3:10:43,48
990,3:10:48,47
991,3:10:53,46
992,3:11:08,47
993,3:11:13,48
994,3:11:18,49
995,3:11:23,50
996,3:11:33,52
997,3:11:38,53
998,3:11:43,54
999,3:11:58,56
1000,3:12:03,77
1001,3:12:08,80
1002,3:12:13,79
1003,3:12:18,75
1004,3:12:23,69
1005,3:12:38,68
1006,3:12:43,63
1007,3:12:48,64
1008,3:12:58,63
1009,3:13:13,63
1010,3:13:23,64
1011,3:13:33,65
1012,3:13:38,64
1013,3:13:53,64
1014,3:14:08,61
1015,3:14:13,52
1016,3:14:18,50
1017,3:14:33,50
1018,3:14:43,49
1019,3:14:48,48
1020,3:14:58,49
1021,3:15:13,51
1022,3:15:18,52
1023,3:15:23,53
1024,3:15:38,53
1025,3:15:48,54
1026,3:15:53,57
1027,3:15:58,59
1028,3:16:03,61
1029,3:16:08,62
1030,3:16:13,63
1031,3:16:23,63
1032,3:16:28,64
1033,3:16:33,64
1034,3:16:38,65
1035,3:16:43,66
1036,3:16:58,67
1037,3:17:13,67
1038,3:17:28,67
1039,3:17:43,68
1040,3:17:53,69
1041,3:17:58,71
1042,3:25:33,70
1043,3:25:43,69
1044,3:25:48,70
1045,3:25:53,73
1046,3:25:58,72
1047,3:26:03,71
1048,3:26:18,71
1049,3:26:28,72
1050,3:26:38,72
1051,3:26:53,73
1052,3:27:08,73
1053,3:27:23,74
1054,3:27:28,72
1055,3:27:33,71
1056,3:27:38,70
1057,3:27:48,71
1058,3:27:53,71
1059,3:28:08,71
1060,3:28:13,72
1061,3:28:26,72
1062,3:28:31,75
1063,3:28:36,76
1064,3:28:46,74
1065,3:28:51,73
1066,3:29:01,71
1067,3:29:16,71
1068,3:29:21,65
1069,3:29:26,60
1070,3:29:31,57
1071,3:29:36,55
1072,3:29:41,54
1073,3:29:46,53
1074,3:29:51,52
1075,3:30:01,54
1076,3:30:06,53
1077,3:30:11,52
1078,3:30:16,51
1079,3:30:31,51
1080,3:30:46,51
1081,3:31:01,53
1082,3:31:11,52
1083,3:31:26,52
1084,3:31:31,53
1085,3:31:36,53
1086,3:31:41,61
1087,3:31:46,72
1088,3:32:01,72
1089,3:32:16,72
1090,3:32:21,70
1091,3:32:26,68
1092,3:32:31,64
1093,3:32:36,59
1094,3:32:41,56
1095,3:32:46,55
1096,3:32:51,54
1097,3:33:06,54
1098,3:33:11,53
1099,3:33:16,52
1100,3:33:21,51
1101,3:33:31,50
1102,3:33:46,50
1103,3:34:01,50
1104,3:34:16,50
1105,3:34:31,50
1106,3:34:36,51
1107,3:34:46,51
1108,3:34:56,54
1109,3:35:01,61
1110,3:35:06,62
1111,3:35:21,62
1112,3:35:26,63
1113,3:35:31,64
1114,3:35:36,64
1115,3:35:41,65
1116,3:35:51,66
1117,3:36:06,66
1118,3:36:16,67
1119,3:36:26,67
1120,3:36:31,68
1121,3:36:41,69
1122,3:36:46,70
1123,3:36:51,71
1124,3:38:46,70
1125,3:38:56,70
1126,3:39:01,72
1127,3:39:06,72
1128,3:39:21,73
1129,3:39:26,74
1130,3:39:31,75
1131,3:39:46,75
1132,3:40:01,73
1133,3:40:06,71
1134,3:40:21,71
1135,3:40:31,71
1136,3:40:46,71
1137,3:40:56,71
1138,3:41:06,66
1139,3:41:11,60
1140,3:41:26,58
1141,3:41:31,55
1142,3:41:36,54
1143,3:41:41,53
1144,3:41:46,51
1145,3:41:51,51
1146,3:42:01,52
1147,3:42:16,55
1148,3:42:21,77
1149,3:42:26,79
1150,3:42:31,79
1151,3:42:46,79
1152,3:43:01,79
1153,3:43:16,79
1154,3:43:21,78
1155,3:43:26,76
1156,3:43:41,76
1157,3:43:56,74
1158,3:44:01,72
1159,3:44:06,70
1160,3:44:11,66
1161,3:44:16,55
1162,3:44:21,53
1163,3:44:31,52
1164,3:44:36,51
1165,3:44:51,51
1166,3:45:01,52
1167,3:45:06,51
1168,3:45:21,51
1169,3:45:26,50
1170,3:45:31,49
1171,3:45:41,50
1172,3:45:56,49
1173,3:46:11,49
1174,3:46:16,49
1175,3:46:31,53
1176,3:46:41,52
1177,3:46:46,51
1178,3:46:51,50
1179,3:47:06,50
1180,3:47:11,49
1181,3:47:26,50
1182,3:47:36,49
1183,3:47:51,49
1184,3:47:56,48
1185,3:48:11,49
1186,3:48:26,49
1187,3:48:41,50
1188,3:48:46,54
1189,3:48:51,53
1190,3:48:56,52
1191,3:49:01,51
1192,3:49:06,49
1193,3:49:21,49
1194,3:49:36,49
1195,3:49:46,48
1196,3:50:01,49
1197,3:50:16,49
1198,3:50:31,48
1199,3:50:46,49
1200,3:51:01,49
1201,3:51:06,49
1202,3:51:21,48
1203,3:51:26,47
1204,3:51:41,48
1205,3:51:51,46
1206,3:52:01,47
1207,3:52:06,47
1208,3:52:21,47
1209,3:52:36,46
1210,3:52:46,46
1211,3:53:01,47
1212,3:53:06,48
1213,3:53:21,48
1214,3:53:31,49
1215,3:53:41,48
1216,3:53:56,48
1217,3:54:11,48
1218,3:54:16,49
1219,3:54:31,49
1220,3:54:41,50
1221,3:54:51,49
1222,3:55:06,49
1223,3:55:16,50
1224,3:55:21,49
1225,3:55:36,49
1226,3:55:51,49
1227,3:55:57,50
1228,3:56:02,49
1229,3:56:17,50
1230,3:56:22,49
1231,3:56:37,51
1232,3:56:42,52
1233,3:56:47,50
1234,3:56:52,49
1235,3:57:07,49
1236,3:57:22,50
1237,3:57:32,49
1238,3:57:42,48
1239,3:57:57,48
1240,3:58:12,48
1241,3:58:27,48
1242,3:58:37,49
1243,3:58:52,50
1244,3:58:57,49
1245,3:59:12,49
1246,3:59:22,48
1247,3:59:32,49
1248,3:59:37,48
1249,3:59:52,48
1250,3:59:57,49
1251,4:00:07,50
1252,4:00:17,49
1253,4:00:32,49
1254,4:00:37,49
1255,4:00:52,49
1256,4:01:07,49
1257,4:01:22,49
1258,4:01:37,49
1259,4:01:52,49
1260,4:02:07,49
1261,4:02:17,50
1262,4:02:27,49
1263,4:02:42,49
1264,4:02:52,50
1265,4:02:57,49
1266,4:03:12,48
1267,4:03:27,48
1268,4:03:42,48
1269,4:03:47,49
1270,4:04:02,48
1271,4:04:07,49
1272,4:04:12,48
1273,4:04:17,49
1274,4:04:32,49
1275,4:04:47,49
1276,4:05:02,48
1277,4:05:12,49
1278,4:05:27,49
1279,4:05:32,50
1280,4:05:47,49
1281,4:05:52,49
1282,4:06:02,48
1283,4:06:17,49
1284,4:06:22,49
1285,4:06:37,49
1286,4:06:42,50
1287,4:06:47,52
1288,4:06:52,50
1289,4:06:57,49
1290,4:07:12,49
1291,4:07:17,48
1292,4:07:32,48
1293,4:07:37,49
1294,4:07:52,49
1295,4:07:57,48
1296,4:08:07,49
1297,4:08:12,48
1298,4:08:17,48
1299,4:08:22,49
1300,4:08:27,48
1301,4:08:37,47
1302,4:08:42,47
1303,4:08:57,46
1304,4:09:02,46
1305,4:09:12,47
1306,4:09:22,48
1307,4:09:37,48
1308,4:09:42,48
1309,4:09:57,48
1310,4:10:02,49
1311,4:10:07,48
1312,4:10:17,49
1313,4:10:22,48
1314,4:10:27,48
1315,4:10:42,48
1316,4:10:47,49
1317,4:10:52,48
1318,4:10:57,47
1319,4:11:07,48
1320,4:11:12,48
1321,4:11:27,48
1322,4:11:32,46
1323,4:11:37,45
1324,4:11:47,46
1325,4:11:52,47
1326,4:11:57,48
1327,4:12:12,48
1328,4:12:22,50
1329,4:12:32,49
1330,4:12:47,49
1331,4:13:02,49
1332,4:13:12,48
1333,4:13:27,48
1334,4:13:28,48
1335,4:13:43,48
1336,4:13:58,48
1337,4:14:03,49
1338,4:14:08,48
1339,4:14:23,49
1340,4:14:38,48
1341,4:14:48,48
1342,4:15:03,49
1343,4:15:08,50
1344,4:15:18,49
1345,4:15:33,48
1346,4:15:48,48
1347,4:16:03,49
1348,4:16:18,49
1349,4:16:33,49
1350,4:16:48,49
1351,4:16:53,48
1352,4:17:08,48
1353,4:17:23,48
1354,4:17:38,48
1355,4:17:43,49
1356,4:17:48,50
1357,4:17:53,49
1358,4:18:08,49
1359,4:18:23,48
1360,4:18:38,49
1361,4:18:43,49
1362,4:18:53,50
1363,4:19:08,50
1364,4:19:23,49
1365,4:19:33,49
1366,4:19:48,49
1367,4:19:53,48
1368,4:20:08,48
1369,4:20:13,47
1370,4:20:18,48
1371,4:20:23,47
1372,4:20:28,48
1373,4:20:43,48
1374,4:20:58,48
1375,4:21:08,60
1376,4:21:13,80
1377,4:21:18,79
1378,4:21:23,77
1379,4:21:28,74
1380,4:21:33,72
1381,4:21:38,59
1382,4:21:43,54
1383,4:21:48,53
1384,4:21:53,51
1385,4:21:58,50
1386,4:22:03,49
1387,4:22:08,48
1388,4:22:13,47
1389,4:22:28,46
1390,4:22:33,45
1391,4:22:43,47
1392,4:22:58,47
1393,4:23:03,48
1394,4:23:08,55
1395,4:23:13,59
1396,4:23:23,57
1397,4:23:28,51
1398,4:23:33,49
1399,4:23:38,48
1400,4:23:53,47
1401,4:24:08,47
1402,4:24:13,48
1403,4:24:18,46
1404,4:24:28,45
1405,4:24:38,46
1406,4:24:48,47
1407,4:24:53,48
1408,4:25:08,48
1409,4:25:23,48
1410,4:25:28,47
1411,4:25:33,47
1412,4:25:38,49
1413,4:25:43,48
1414,4:25:53,47
1415,4:26:08,47
1416,4:26:13,48
1417,4:26:23,49
1418,4:26:33,48
1419,4:26:38,47
1420,4:26:53,47
1421,4:27:03,48
1422,4:27:08,47
1423,4:27:23,47
1424,4:27:28,48
1425,4:27:33,49
1426,4:27:38,48
1427,4:27:48,47
1428,4:28:03,47
1429,4:28:13,47
1430,4:28:28,47
1431,4:28:43,47
1432,4:28:58,48
1433,4:29:08,49
1434,4:29:23,49
1435,4:29:33,48
1436,4:29:39,48
1437,4:29:44,50
1438,4:29:54,47
1439,4:29:59,46
1440,4:30:14,47
1441,4:30:19,51
1442,4:30:24,57
1443,4:30:29,57
1444,4:30:34,55
1445,4:30:39,52
1446,4:30:44,51
1447,4:30:49,52
1448,4:30:59,50
1449,4:31:04,48
1450,4:31:19,50
1451,4:31:29,48
1452,4:31:44,48
1453,4:31:49,52
1454,4:31:54,56
1455,4:31:59,55
1456,4:32:04,53
1457,4:32:09,50
1458,4:32:14,48
1459,4:32:24,49
1460,4:32:34,48
1461,4:32:49,48
1462,4:33:04,48
1463,4:33:09,48
1464,4:33:14,50
1465,4:33:24,49
1466,4:33:34,48
1467,4:33:44,50
1468,4:33:49,50
1469,4:33:54,48
1470,4:33:59,47
1471,4:34:09,48
1472,4:34:24,48
1473,4:34:34,50
1474,4:34:39,49
1475,4:34:44,48
1476,4:34:49,53
1477,4:34:54,59
1478,4:34:59,56
1479,4:35:04,51
1480,4:35:09,49
1481,4:35:14,47
1482,4:35:29,48
1483,4:35:34,49
1484,4:35:39,50
1485,4:35:49,51
1486,4:35:59,61
1487,4:36:04,77
1488,4:36:09,77
1489,4:36:14,75
1490,4:36:19,71
1491,4:36:24,59
1492,4:36:29,56
1493,4:36:34,55
1494,4:36:39,54
1495,4:36:44,52
1496,4:36:49,51
1497,4:36:54,51
1498,4:37:09,51
1499,4:37:24,52
1500,4:37:29,53
1501,4:37:34,52
1502,4:37:49,54
1503,4:37:59,55
1504,4:38:04,56
1505,4:38:09,55
1506,4:38:14,53
1507,4:38:19,51
1508,4:38:34,51
1509,4:38:44,52
1510,4:38:49,53
1511,4:38:54,54
1512,4:39:04,53
1513,4:39:09,54
1514,4:39:14,58
1515,4:39:19,59
1516,4:39:24,56
1517,4:39:29,53
1518,4:39:34,52
1519,4:39:49,53
1520,4:40:04,53
1521,4:40:09,55
1522,4:40:14,60
1523,4:40:19,58
1524,4:40:24,54
1525,4:40:29,52
1526,4:40:44,52
1527,4:40:49,53
1528,4:41:04,53
1529,4:41:09,55
1530,4:41:14,56
1531,4:41:19,55
1532,4:41:24,54
1533,4:41:39,54
1534,4:41:44,53
1535,4:41:49,52
1536,4:41:59,54
1537,4:42:04,55
1538,4:42:09,56
1539,4:42:14,57
1540,4:42:19,58
1541,4:42:34,59
1542,4:42:39,63
1543,4:42:44,63
1544,4:42:49,58
1545,4:42:54,54
1546,4:42:59,52
1547,4:43:09,55
1548,4:43:14,58
1549,4:43:19,54
1550,4:43:24,50
1551,4:43:29,49
1552,4:43:39,50
1553,4:43:44,51
1554,4:43:49,53
1555,4:43:54,55
1556,4:43:59,56
1557,4:44:04,57
1558,4:44:09,59
1559,4:44:14,63
1560,4:44:19,66
1561,4:44:29,62
1562,4:44:34,58
1563,4:44:39,56
1564,4:44:49,57
1565,4:44:59,58
1566,4:45:04,59
1567,4:45:10,58
1568,4:45:25,57
1569,4:45:40,56
1570,4:45:55,56
1571,4:46:10,57
1572,4:46:15,59
1573,4:46:20,61
1574,4:46:25,62
1575,4:46:35,63
1576,4:46:40,64
1577,4:46:45,63
1578,4:47:00,64
1579,4:47:10,63
1580,4:47:15,64
1581,4:47:20,65
1582,4:47:30,64
1583,4:47:35,63
1584,4:47:45,62
1585,4:47:55,63
1586,4:48:05,65
1587,4:48:10,66
1588,4:48:15,63
1589,4:48:20,58
1590,4:48:25,56
1591,4:48:40,56
1592,4:48:55,56
1593,4:49:00,57
1594,4:49:05,58
1595,4:49:20,58
1596,4:49:25,60
1597,4:49:30,62
1598,4:49:35,57
1599,4:49:40,53
1600,4:49:45,51
1601,4:49:55,52
1602,4:50:00,53
1603,4:50:15,53
1604,4:50:20,54
1605,4:50:35,56
1606,4:50:40,58
1607,4:50:45,55
1608,4:50:50,53
1609,4:50:55,54
1610,4:51:00,55
1611,4:51:05,56
1612,4:51:10,57
1613,4:51:15,59
1614,4:51:25,57
1615,4:51:30,56
1616,4:51:35,57
1617,4:51:50,57
1618,4:52:05,58
1619,4:52:20,57
1620,4:52:25,56
1621,4:52:30,56
1622,4:52:35,58
1623,4:52:40,59
1624,4:52:45,57
1625,4:52:55,67
1626,4:53:00,76
1627,4:53:05,75
1628,4:53:10,68
1629,4:53:15,60
1630,4:53:20,54
1631,4:53:25,52
1632,4:53:30,50
1633,4:53:45,51
1634,4:53:50,52
1635,4:53:55,54
1636,4:54:00,53
1637,4:54:05,50
1638,4:54:10,49
1639,4:54:20,50
1640,4:54:25,52
1641,4:54:30,54
1642,4:54:35,53
1643,4:54:45,54
1644,4:54:50,53
1645,4:55:05,53
1646,4:55:10,54
1647,4:55:15,55
1648,4:55:30,54
1649,4:55:35,52
1650,4:55:45,51
1651,4:55:50,52
1652,4:55:55,53
1653,4:56:00,55
1654,4:56:05,57
1655,4:56:10,59
1656,4:56:15,57
1657,4:56:20,55
1658,4:56:25,53
1659,4:56:40,53
1660,4:56:45,54
1661,4:56:50,55
1662,4:57:05,54
1663,4:57:20,56
1664,4:57:25,57
1665,4:57:30,55
1666,4:57:35,52
1667,4:57:40,51
1668,4:57:55,53
1669,4:58:00,52
1670,4:58:10,53
1671,4:58:15,54
1672,4:58:20,55
1673,4:58:25,64
1674,4:58:30,68
1675,4:58:35,66
1676,4:58:40,63
1677,4:58:45,59
1678,4:58:50,54
1679,4:58:55,52
1680,4:59:10,52
1681,4:59:15,54
1682,4:59:25,53
1683,4:59:30,52
1684,4:59:35,51
1685,4:59:45,50
1686,4:59:55,53
1687,5:00:00,55
1688,5:00:10,54
1689,5:00:15,53
1690,5:00:20,52
1691,5:00:30,51
1692,5:00:45,57
1693,5:00:55,55
1694,5:01:00,52
1695,5:01:05,51
1696,5:01:15,50
1697,5:01:25,51
1698,5:01:40,52
1699,5:01:55,52
1700,5:02:00,53
1701,5:02:05,54
1702,5:02:10,55
1703,5:02:15,54
1704,5:02:20,53
1705,5:02:30,54
1706,5:02:35,55
1707,5:02:40,54
1708,5:02:50,53
1709,5:03:05,53
1710,5:03:20,53
1711,5:03:25,54
1712,5:03:30,53
1713,5:03:35,52
1714,5:03:40,53
1715,5:03:50,52
1716,5:04:00,51
1717,5:04:05,52
1718,5:04:20,52
1719,5:04:25,55
1720,5:04:30,56
1721,5:04:40,57
1722,5:04:45,58
1723,5:05:00,58
1724,5:05:05,61
1725,5:05:10,62
1726,5:05:16,62
1727,5:05:21,61
1728,5:05:26,60
1729,5:05:31,58
1730,5:05:36,55
1731,5:05:46,56
1732,5:05:51,58
1733,5:05:56,59
1734,5:06:01,60
1735,5:06:06,59
1736,5:06:21,58
1737,5:06:31,57
1738,5:06:46,57
1739,5:06:51,58
1740,5:06:56,61
1741,5:07:01,60
1742,5:07:06,54
1743,5:07:11,53
1744,5:07:16,54
1745,5:07:21,55
1746,5:07:26,54
1747,5:07:31,52
1748,5:07:36,53
1749,5:07:41,55
1750,5:07:46,57
1751,5:07:51,55
1752,5:07:56,53
1753,5:08:01,53
1754,5:08:06,52
1755,5:08:21,52
1756,5:08:26,51
1757,5:08:36,52
1758,5:08:41,53
1759,5:08:51,55
1760,5:09:06,56
1761,5:09:11,55
1762,5:09:26,54
1763,5:09:36,53
1764,5:09:51,55
1765,5:09:56,56
1766,5:10:06,55
1767,5:10:11,54
1768,5:10:21,53
1769,5:10:26,52
1770,5:10:41,53
1771,5:10:46,54
1772,5:11:01,55
1773,5:11:06,54
1774,5:11:11,53
1775,5:11:26,54
1776,5:11:31,55
1777,5:11:36,53
1778,5:11:41,51
1779,5:11:56,51
1780,5:12:01,51
1781,5:12:06,52
1782,5:12:16,51
1783,5:12:31,52
1784,5:12:46,52
1785,5:12:51,54
1786,5:13:01,53
1787,5:13:16,52
1788,5:13:26,53
1789,5:13:31,55
1790,5:13:36,57
1791,5:13:46,55
1792,5:13:51,54
1793,5:13:56,53
1794,5:14:06,54
1795,5:14:16,53
1796,5:14:21,52
1797,5:14:36,53
1798,5:14:41,54
1799,5:14:46,55
1800,5:14:51,56
1801,5:15:01,54
1802,5:15:16,54
1803,5:15:26,56
1804,5:15:31,57
1805,5:15:36,58
1806,5:15:46,57
1807,5:15:51,55
1808,5:15:56,54
1809,5:16:01,55
1810,5:16:06,56
1811,5:16:11,54
1812,5:16:26,54
1813,5:16:41,54
1814,5:16:46,55
1815,5:16:51,56
1816,5:17:06,56
1817,5:17:21,55
1818,5:17:31,56
1819,5:17:41,55
1820,5:17:56,55
1821,5:18:11,55
1822,5:18:16,54
1823,5:18:21,53
1824,5:18:26,54
1825,5:18:36,53
1826,5:18:46,52
1827,5:18:56,51
1828,5:19:01,50
1829,5:19:16,50
1830,5:19:21,53
1831,5:19:26,55
1832,5:19:36,54
1833,5:19:42,54
1834,5:19:57,55
1835,5:20:02,54
1836,5:20:07,53
1837,5:20:17,52
1838,5:20:27,53
1839,5:20:32,54
1840,5:20:42,55
1841,5:20:47,54
1842,5:20:52,53
1843,5:21:07,52
1844,5:21:12,53
1845,5:21:17,52
1846,5:21:32,52
1847,5:21:47,52
1848,5:21:57,51
1849,5:22:12,51
1850,5:22:17,53
1851,5:22:22,54
1852,5:22:27,53
1853,5:22:37,55
1854,5:22:42,56
1855,5:22:47,55
1856,5:22:52,51
1857,5:23:07,50
1858,5:23:17,51
1859,5:23:22,53
1860,5:23:27,53
1861,5:23:32,54
1862,5:23:47,54
1863,5:23:52,56
1864,5:23:57,54
1865,5:24:02,53
1866,5:24:12,54
1867,5:24:17,53
1868,5:24:22,52
1869,5:24:27,51
1870,5:24:32,50
1871,5:24:47,50
1872,5:25:02,52
1873,5:25:07,53
1874,5:25:12,54
1875,5:25:22,69
1876,5:25:27,72
1877,5:25:32,64
1878,5:25:37,55
1879,5:25:42,52
1880,5:25:47,51
1881,5:25:52,49
1882,5:26:07,50
1883,5:26:12,51
1884,5:26:17,51
1885,5:26:22,52
1886,5:26:32,54
1887,5:26:37,55
1888,5:26:42,54
1889,5:26:47,52
1890,5:26:52,51
1891,5:27:07,52
1892,5:27:22,52
1893,5:27:32,51
1894,5:27:42,50
1895,5:27:57,50
1896,5:28:12,50
1897,5:28:27,51
1898,5:28:32,50
1899,5:28:47,50
1900,5:28:52,51
1901,5:29:02,52
1902,5:29:12,53
1903,5:29:17,52
1904,5:29:22,51
1905,5:29:32,50
1906,5:29:47,50
1907,5:30:02,51
1908,5:30:17,51
1909,5:30:32,50
1910,5:30:42,51
1911,5:30:47,51
1912,5:30:52,50
1913,5:31:07,50
1914,5:31:12,51
1915,5:31:27,51
1916,5:31:32,52
1917,5:31:37,53
1918,5:31:42,52
1919,5:31:52,51
1920,5:32:07,51
1921,5:32:22,51
1922,5:32:32,50
1923,5:32:37,51
1924,5:32:52,50
1925,5:33:07,51
1926,5:33:12,50
1927,5:33:27,50
1928,5:33:32,51
1929,5:33:42,50
1930,5:33:52,51
1931,5:34:07,52
1932,5:34:22,53
1933,5:34:27,56
1934,5:34:32,54
1935,5:34:37,51
1936,5:34:42,50
1937,5:34:57,50
1938,5:35:02,50
1939,5:35:12,51
1940,5:35:17,52
1941,5:35:22,50
1942,5:35:27,49
1943,5:35:32,48
1944,5:35:47,49
1945,5:35:52,50
1946,5:36:07,50
1947,5:36:12,51
1948,5:36:17,50
1949,5:36:27,51
1950,5:36:42,51
1951,5:36:47,50
1952,5:37:02,50
1953,5:37:17,51
1954,5:37:32,51
1955,5:37:47,51
1956,5:38:02,51
1957,5:38:17,51
1958,5:38:22,52
1959,5:38:27,51
1960,5:38:42,51
1961,5:38:57,50
1962,5:39:02,51
1963,5:39:08,51
1964,5:39:23,51
1965,5:39:38,52
1966,5:39:43,51
1967,5:39:48,50
1968,5:40:03,50
1969,5:40:13,51
1970,5:40:28,51
1971,5:40:43,51
1972,5:40:58,51
1973,5:41:13,51
1974,5:41:28,51
1975,5:41:43,51
1976,5:41:58,51
1977,5:42:13,51
1978,5:42:18,50
1979,5:42:23,51
1980,5:42:33,50
1981,5:42:43,51
1982,5:42:58,51
1983,5:43:03,52
1984,5:43:08,53
1985,5:43:13,51
1986,5:43:18,50
1987,5:43:33,50
1988,5:43:48,50
1989,5:44:03,50
1990,5:44:08,51
1991,5:44:18,52
1992,5:44:23,51
1993,5:44:33,50
1994,5:44:48,51
1995,5:44:53,52
1996,5:44:58,53
1997,5:45:03,52
1998,5:45:08,51
1999,5:45:23,50
2000,5:45:28,51
2001,5:45:33,50
2002,5:45:48,50
2003,5:45:53,51
2004,5:46:08,50
2005,5:46:18,51
2006,5:46:28,50
2007,5:46:43,50
2008,5:46:58,50
2009,5:47:13,50
2010,5:47:18,51
2011,5:47:23,50
2012,5:47:28,51
2013,5:47:33,50
2014,5:47:48,50
2015,5:47:58,51
2016,5:48:03,50
2017,5:48:08,49
2018,5:48:18,50
2019,5:48:23,51
2020,5:48:28,50
2021,5:48:43,50
2022,5:48:48,51
2023,5:48:58,52
2024,5:49:03,50
2025,5:49:08,48
2026,5:49:23,48
2027,5:49:38,49
2028,5:49:53,50
2029,5:50:08,49
2030,5:50:23,49
2031,5:50:33,50
2032,5:50:38,51
2033,5:50:53,51
2034,5:51:03,50
2035,5:51:08,49
2036,5:51:23,49
2037,5:51:38,49
2038,5:51:43,50
2039,5:51:58,49
2040,5:52:13,49
2041,5:52:18,48
2042,5:52:33,48
2043,5:52:43,49
2044,5:52:48,49
2045,5:53:03,50
2046,5:53:13,49
2047,5:53:23,50
2048,5:53:38,50
2049,5:53:53,50
2050,5:54:03,50
2051,5:54:08,49
2052,5:54:23,49
2053,5:54:28,50
2054,5:54:43,50
2055,5:54:58,51
2056,5:55:03,51
2057,5:55:18,51
2058,5:55:23,50
2059,5:55:38,50
2060,5:55:48,49
2061,5:55:58,56
2062,5:56:03,58
2063,5:56:08,61
2064,5:56:13,60
2065,5:56:18,58
2066,5:56:23,54
2067,5:56:29,52
2068,5:56:34,51
2069,5:56:39,49
2070,5:56:54,49
2071,5:56:59,49
2072,5:57:14,55
2073,5:57:19,59
2074,5:57:29,60
2075,5:57:34,67
2076,5:57:39,74
2077,5:57:44,68
2078,5:57:49,64
2079,5:57:54,56
2080,5:57:59,54
2081,5:58:04,53
2082,5:58:09,52
2083,5:58:14,51
2084,5:58:19,50
2085,5:58:24,49
2086,5:58:29,48
2087,5:58:34,47
2088,5:58:44,48
2089,5:58:54,47
2090,5:59:09,48
2091,5:59:19,47
2092,5:59:34,47
2093,5:59:39,48
2094,5:59:44,48
2095,5:59:54,49
2096,6:00:09,50
2097,6:00:14,49
2098,6:00:29,50
2099,6:00:34,49
2100,6:00:39,48
2101,6:00:54,48
2102,6:00:59,49
2103,6:01:09,48
2104,6:01:19,49
2105,6:01:34,49
2106,6:01:49,49
2107,6:02:04,49
2108,6:02:09,50
2109,6:02:14,49
2110,6:02:24,48
2111,6:02:39,49
2112,6:02:54,49
2113,6:02:59,50
2114,6:03:09,49
2115,6:03:24,49
2116,6:03:39,50
2117,6:03:49,49
2118,6:04:04,49
2119,6:04:19,49
2120,6:04:34,50
2121,6:04:39,49
2122,6:04:54,49
2123,6:04:59,50
2124,6:05:04,49
2125,6:05:19,48
2126,6:05:34,48
2127,6:05:39,49
2128,6:05:44,48
2129,6:05:54,49
2130,6:06:09,49
2131,6:06:14,48
2132,6:06:24,49
2133,6:06:29,50
2134,6:06:39,51
2135,6:06:44,50
2136,6:06:49,49
2137,6:07:04,49
2138,6:07:09,48
2139,6:07:24,49
2140,6:07:39,49
2141,6:07:44,48
2142,6:07:49,49
2143,6:08:04,49
2144,6:08:14,50
2145,6:08:24,49
2146,6:08:39,49
2147,6:08:54,49
2148,6:08:59,49
2149,6:09:14,51
2150,6:09:19,52
2151,6:09:24,51
2152,6:09:29,50
2153,6:09:44,50
2154,6:09:54,51
2155,6:10:04,50
2156,6:10:09,49
2157,6:10:24,49
2158,6:10:29,50
2159,6:10:39,51
2160,6:10:44,50
2161,6:10:59,50
2162,6:11:09,49
2163,6:11:24,49
2164,6:11:29,50
2165,6:11:44,50
2166,6:11:59,50
2167,6:12:14,49
2168,6:12:29,50
2169,6:12:44,49
2170,6:12:54,50
2171,6:13:04,49
2172,6:13:10,49
2173,6:13:20,50
2174,6:13:35,50
2175,6:13:50,50
2176,6:14:05,49
2177,6:14:15,48
2178,6:14:25,49
2179,6:14:40,49
2180,6:14:55,50
2181,6:15:10,50
2182,6:15:25,50
2183,6:15:35,49
2184,6:15:50,49
2185,6:16:00,50
2186,6:16:10,49
2187,6:16:25,50
2188,6:16:30,49
2189,6:16:45,49
2190,6:17:00,49
2191,6:17:15,49
2192,6:17:20,50
2193,6:17:35,50
2194,6:17:45,49
2195,6:17:55,50
2196,6:18:10,52
2197,6:18:20,51
2198,6:18:25,49
2199,6:18:30,49
2200,6:18:45,49
2201,6:18:50,49
2202,6:19:00,50
2203,6:19:05,51
2204,6:19:10,58
2205,6:19:15,65
2206,6:19:20,62
2207,6:19:25,56
2208,6:19:30,55
2209,6:19:35,56
2210,6:19:40,55
2211,6:19:45,53
2212,6:19:50,51
2213,6:19:55,50
2214,6:20:10,50
2215,6:20:25,50
2216,6:20:30,52
2217,6:20:35,53
2218,6:20:40,51
2219,6:20:45,49
2220,6:20:50,48
2221,6:21:00,49
2222,6:21:05,50
2223,6:21:15,51
2224,6:21:20,52
2225,6:21:25,53
2226,6:21:30,57
2227,6:21:35,67
2228,6:21:45,65
2229,6:21:50,62
2230,6:21:55,59
2231,6:22:00,54
2232,6:22:05,51
2233,6:22:10,50
2234,6:22:20,49
2235,6:22:25,48
2236,6:22:35,47
2237,6:22:45,46
2238,6:22:55,47
2239,6:23:10,48
2240,6:23:25,48
2241,6:23:40,47
2242,6:23:55,47
2243,6:24:10,47
2244,6:24:20,47
2245,6:24:25,50
2246,6:24:30,55
2247,6:24:35,53
2248,6:24:40,51
2249,6:24:45,49
2250,6:24:50,47
2251,6:25:05,47
2252,6:25:10,47
2253,6:25:25,47
2254,6:25:40,47
2255,6:25:45,46
2256,6:26:00,46
2257,6:26:05,47
2258,6:26:20,47
2259,6:26:25,46
2260,6:26:30,47
2261,6:26:45,47
2262,6:26:50,46
2263,6:26:55,47
2264,6:27:10,47
2265,6:27:15,48
2266,6:27:20,47
2267,6:27:35,47
2268,6:27:40,46
2269,6:27:45,45
2270,6:27:55,48
2271,6:28:00,51
2272,6:28:05,49
2273,6:28:10,48
2274,6:28:15,46
2275,6:28:25,47
2276,6:28:30,46
2277,6:28:35,47
2278,6:28:40,50
2279,6:28:46,51
2280,6:28:51,50
2281,6:28:56,48
2282,6:29:01,47
2283,6:29:16,47
2284,6:29:26,48
2285,6:29:31,47
2286,6:29:36,48
2287,6:29:41,47
2288,6:29:46,48
2289,6:29:51,50
2290,6:29:56,49
2291,6:30:01,48
2292,6:30:06,49
2293,6:30:11,48
2294,6:30:16,47
2295,6:30:21,46
2296,6:30:31,47
2297,6:30:36,54
2298,6:30:41,53
2299,6:30:46,50
2300,6:31:01,51
2301,6:31:06,56
2302,6:31:11,75
2303,6:31:16,80
2304,6:31:21,77
2305,6:31:26,75
2306,6:31:31,68
2307,6:31:36,58
2308,6:31:41,54
2309,6:31:46,50
2310,6:31:56,48
2311,6:32:01,47
2312,6:32:11,48
2313,6:32:26,48
2314,6:32:36,49
2315,6:32:41,48
2316,6:32:56,48
2317,6:33:01,47
2318,6:33:11,46
2319,6:33:16,47
2320,6:33:26,46
2321,6:33:41,46
2322,6:33:56,46
2323,6:34:11,46
2324,6:34:26,46
2325,6:34:31,47
2326,6:34:46,47
2327,6:35:01,47
2328,6:35:16,47
2329,6:35:21,48
2330,6:35:26,47
2331,6:35:41,48
2332,6:35:46,47
2333,6:36:01,47
2334,6:36:11,48
2335,6:36:26,50
2336,6:36:31,50
2337,6:36:41,51
2338,6:36:46,49
2339,6:36:51,47
2340,6:36:56,46
2341,6:37:01,49
2342,6:37:06,52
2343,6:37:16,66
2344,6:37:21,73
2345,6:37:26,72
2346,6:37:36,71
2347,6:37:41,60
2348,6:37:46,55
2349,6:37:51,52
2350,6:37:56,49
2351,6:38:06,48
2352,6:38:21,48
2353,6:38:36,48
2354,6:38:46,49
2355,6:38:51,50
2356,6:38:56,48
2357,6:39:01,47
2358,6:39:11,48
2359,6:39:26,49
2360,6:39:31,51
2361,6:39:41,50
2362,6:39:56,49
2363,6:40:11,50
2364,6:40:16,52
2365,6:40:21,53
2366,6:40:26,51
2367,6:40:31,49
2368,6:40:41,48
2369,6:40:56,49
2370,6:41:01,50
2371,6:41:06,51
2372,6:41:21,51
2373,6:41:26,52
2374,6:41:36,53
2375,6:41:41,54
2376,6:41:46,53
2377,6:41:51,52
2378,6:42:06,53
2379,6:42:11,57
2380,6:42:16,56
2381,6:42:21,55
2382,6:42:26,53
2383,6:42:31,50
2384,6:42:36,48
2385,6:42:51,49
2386,6:43:01,51
2387,6:43:16,52
2388,6:43:21,53
2389,6:43:26,53
2390,6:43:36,59
2391,6:43:41,57
2392,6:43:46,56
2393,6:43:51,54
2394,6:43:56,51
2395,6:44:01,50
2396,6:44:06,49
2397,6:44:21,49
2398,6:44:26,50
2399,6:44:36,52
2400,6:44:41,53
2401,6:44:46,52
2402,6:44:51,50
2403,6:45:01,53
2404,6:45:06,54
2405,6:45:11,55
2406,6:45:21,60
2407,6:45:27,78
2408,6:45:32,80
2409,6:45:37,77
2410,6:45:42,78
2411,6:45:47,74
2412,6:45:52,71
2413,6:45:57,69
2414,6:46:02,68
2415,6:46:07,60
2416,6:46:12,52
2417,6:46:17,50
2418,6:46:22,48
2419,6:46:27,47
2420,6:46:32,47
2421,6:46:37,48
2422,6:46:42,49
2423,6:46:47,50
2424,6:46:52,53
2425,6:46:57,55
2426,6:47:02,53
2427,6:47:07,51
2428,6:47:12,52
2429,6:47:27,52
2430,6:47:32,51
2431,6:47:37,50
2432,6:47:52,50
2433,6:47:57,51
2434,6:48:02,51
2435,6:48:07,52
2436,6:48:17,53
2437,6:48:22,54
2438,6:48:27,53
2439,6:48:32,52
2440,6:48:37,50
2441,6:48:47,49
2442,6:49:02,49
2443,6:49:12,50
2444,6:49:17,51
2445,6:49:22,52
2446,6:49:32,51
2447,6:49:42,50
2448,6:49:52,51
2449,6:49:57,53
2450,6:50:02,55
2451,6:50:17,55
2452,6:50:22,53
2453,6:50:27,52
2454,6:50:32,53
2455,6:50:37,52
2456,6:50:42,51
2457,6:50:57,50
2458,6:51:07,51
2459,6:51:12,53
2460,6:51:27,53
2461,6:51:32,52
2462,6:51:37,51
2463,6:51:52,52
2464,6:52:02,53
2465,6:52:12,52
2466,6:52:22,53
2467,6:52:37,52
2468,6:52:52,52
2469,6:53:02,53
2470,6:53:07,54
2471,6:53:12,56
2472,6:53:22,52
2473,6:53:27,51
2474,6:53:32,50
2475,6:53:37,49
2476,6:53:47,50
2477,6:53:57,51
2478,6:54:12,52
2479,6:54:17,53
2480,6:54:27,51
2481,6:54:37,50
2482,6:54:47,51
2483,6:54:52,52
2484,6:54:57,53
2485,6:55:07,52
2486,6:55:22,51
2487,6:55:27,50
2488,6:55:32,50
2489,6:55:42,49
2490,6:55:57,51
2491,6:56:02,53
2492,6:56:07,54
2493,6:56:12,55
2494,6:56:17,58
2495,6:56:22,59
2496,6:56:37,78
2497,6:56:42,87
2498,6:56:47,82
2499,6:57:02,82
2500,6:57:07,81
2501,6:57:12,70
2502,6:57:17,62
2503,6:57:22,58
2504,6:57:27,56
2505,6:57:32,54
2506,6:57:37,53
2507,6:57:52,54
2508,6:58:07,54
2509,6:58:12,53
2510,6:58:22,54
2511,6:58:27,55
2512,6:58:32,53
2513,6:58:37,50
2514,6:58:52,49
2515,6:59:07,49
2516,6:59:22,49
2517,6:59:27,50
2518,6:59:32,52
2519,6:59:47,52
2520,6:59:52,53
2521,7:00:02,52
2522,7:00:12,53
2523,7:00:22,52
2524,7:00:27,52
2525,7:00:32,52
2526,7:00:42,53
2527,7:00:47,54
2528,7:01:02,55
2529,7:01:12,54
2530,7:01:17,53
2531,7:01:27,54
2532,7:01:37,53
2533,7:01:42,52
2534,7:01:47,51
2535,7:01:52,50
2536,7:02:02,53
2537,7:02:07,57
2538,7:02:13,54
2539,7:02:18,51
2540,7:02:23,50
2541,7:02:28,51
2542,7:02:33,53
2543,7:02:38,55
2544,7:02:48,54
2545,7:03:03,54
2546,7:03:13,52
2547,7:03:18,51
2548,7:03:28,52
2549,7:03:33,54
2550,7:03:38,55
2551,7:03:43,57
2552,7:03:48,59
2553,7:03:53,56
2554,7:03:58,54
2555,7:04:03,51
2556,7:04:13,52
2557,7:04:18,52
2558,7:04:28,53
2559,7:04:33,52
2560,7:04:38,51
2561,7:04:43,50
2562,7:04:48,51
2563,7:04:53,52
2564,7:04:58,55
2565,7:05:03,61
2566,7:05:18,61
2567,7:05:28,73
2568,7:05:33,76
2569,7:05:38,68
2570,7:05:43,63
2571,7:05:48,56
2572,7:05:53,53
2573,7:05:58,52
2574,7:06:03,51
2575,7:06:13,52
2576,7:06:23,53
2577,7:06:28,52
2578,7:06:43,51
2579,7:06:48,50
2580,7:06:58,51
2581,7:07:03,52
2582,7:07:13,53
2583,7:07:18,54
2584,7:07:23,53
2585,7:07:28,52
2586,7:07:38,51
2587,7:07:53,51
2588,7:07:58,52
2589,7:08:03,51
2590,7:08:18,52
2591,7:08:23,52
2592,7:08:28,55
2593,7:08:33,56
2594,7:08:38,54
2595,7:08:43,52
2596,7:08:48,51
2597,7:08:58,52
2598,7:09:03,53
2599,7:09:08,54
2600,7:09:13,53
2601,7:09:18,52
2602,7:09:23,51
2603,7:09:38,51
2604,7:09:53,52
2605,7:10:08,55
2606,7:10:13,56
2607,7:10:18,55
2608,7:10:23,53
2609,7:10:28,52
2610,7:10:33,51
2611,7:10:48,51
2612,7:10:58,52
2613,7:11:03,53
2614,7:11:08,54
2615,7:11:13,55
2616,7:11:18,54
2617,7:11:23,53
2618,7:11:28,52
2619,7:11:38,53
2620,7:11:53,53
2621,7:11:58,52
2622,7:12:13,53
2623,7:12:23,52
2624,7:12:28,51
2625,7:12:38,50
2626,7:12:48,52
2627,7:12:53,55
2628,7:13:03,53
2629,7:13:08,51
2630,7:13:18,53
2631,7:13:28,51
2632,7:13:43,51
2633,7:13:48,52
2634,7:13:53,53
2635,7:13:58,52
2636,7:14:08,52
2637,7:14:18,53
2638,7:14:28,75
2639,7:14:33,83
2640,7:14:38,78
2641,7:14:43,66
2642,7:14:48,60
2643,7:14:53,56
2644,7:14:58,53
2645,7:15:08,54
2646,7:15:13,55
2647,7:15:28,55
2648,7:15:38,60
2649,7:15:53,59
2650,7:15:58,60
2651,7:16:08,61
2652,7:16:13,63
2653,7:16:18,63
2654,7:16:33,63
2655,7:16:48,63
2656,7:17:03,62
2657,7:17:13,62
2658,7:17:28,61
2659,7:17:38,62
2660,7:17:48,61
2661,7:17:58,62
2662,7:18:13,62
2663,7:18:18,63
2664,7:18:33,63
2665,7:18:48,63
2666,7:18:58,64
2667,7:19:13,64
2668,7:19:14,65
2669,7:19:19,67
2670,7:19:24,66
2671,7:19:39,67
2672,7:19:49,66
2673,7:20:04,66
2674,7:20:19,66
2675,7:20:24,65
2676,7:20:29,62
2677,7:20:44,64
2678,7:20:49,68
2679,7:20:54,69
2680,7:21:04,67
2681,7:21:09,65
2682,7:21:14,66
2683,7:21:29,67
2684,7:21:34,67
2685,7:21:39,64
2686,7:21:54,64
2687,7:22:09,65
2688,7:22:24,64
2689,7:22:34,65
2690,7:22:49,64
2691,7:22:54,66
2692,7:22:59,68
2693,7:23:04,69
2694,7:23:14,68
2695,7:23:22,66
2696,7:23:32,64
2697,7:23:47,64
2698,7:23:52,64
2699,7:23:57,64
2700,7:24:12,64
2701,7:24:27,64
2702,7:24:42,60
2703,7:24:57,61
2704,7:25:07,62
2705,7:25:22,62
2706,7:25:32,61
2707,7:25:42,61
2708,7:25:57,61
2709,7:26:12,61
2710,7:26:27,61
2711,7:26:37,60
2712,7:26:52,60
2713,7:27:07,60
2714,7:27:22,60
2715,7:27:37,61
2716,7:27:52,61
2717,7:28:07,62
2718,7:28:17,63
2719,7:28:27,63
2720,7:28:37,65
2721,7:28:42,63
2722,7:28:47,63
2723,7:28:52,64
2724,7:29:07,64
2725,7:29:17,65
2726,7:29:32,65
2727,7:29:42,64
2728,7:29:57,64
2729,7:30:12,65
2730,7:30:17,66
2731,7:30:22,67
2732,7:30:27,68
2733,7:30:32,69
2734,7:30:37,70
2735,7:30:47,68
2736,7:30:52,66
2737,7:30:57,64
2738,7:31:02,62
2739,7:31:07,61
2740,7:31:22,62
2741,7:31:27,63
2742,7:31:42,60
2743,7:31:47,59
2744,7:31:57,58
2745,7:32:02,59
2746,7:32:12,60
2747,7:32:17,61
2748,7:32:27,60
2749,7:32:32,60
2750,7:32:37,59
2751,7:32:52,60
2752,7:32:57,61
2753,7:33:02,62
2754,7:33:07,64
2755,7:33:12,65
2756,7:33:27,65
2757,7:33:42,65
2758,7:33:57,66
2759,7:34:02,66
2760,7:34:12,64
2761,7:34:17,61
2762,7:34:22,60
2763,7:34:55,60
2764,9:16:42,70
2765,9:16:52,82
2766,9:16:57,94
2767,9:17:02,93
2768,9:17:07,92
2769,9:17:12,86
2770,9:17:17,87
2771,9:17:22,88
2772,9:17:27,87
2773,9:17:37,90
2774,9:18:02,70
2775,9:18:12,70
2776,9:18:17,73
2777,9:19:54,70
2778,9:20:04,93
2779,9:20:09,92
2780,9:20:14,84
2781,9:20:19,83
2782,9:20:24,84
2783,9:20:29,83
2784,9:20:34,82
2785,9:20:39,81
2786,9:20:49,80
2787,9:20:54,79
2788,9:20:59,80
2789,9:21:04,82
2790,9:21:09,84
2791,9:21:14,85
2792,9:21:19,84
2793,9:21:24,85
2794,9:21:29,86
2795,9:21:34,88
2796,9:21:39,89
2797,9:21:44,90
2798,9:21:54,92
2799,9:21:59,93
2800,9:22:04,94
2801,9:22:09,96
2802,9:22:14,94
2803,9:22:19,95
2804,9:22:24,96
2805,9:22:29,98
2806,9:22:34,99
2807,9:22:39,101
2808,9:22:44,102
2809,9:22:49,101
2810,9:22:54,104
2811,9:22:59,111
2812,9:23:04,115
2813,9:23:09,118
2814,9:23:14,119
2815,9:23:24,120
2816,9:23:39,123
2817,9:23:54,126
2818,9:23:59,127
2819,9:24:09,128
2820,9:24:14,127
2821,9:24:19,124
2822,9:24:24,124
2823,9:24:29,128
2824,9:24:34,128
2825,9:24:39,130
2826,9:24:44,133
2827,9:24:49,134
2828,9:24:54,135
2829,9:24:59,138
2830,9:25:04,136
2831,9:25:09,133
2832,9:25:14,128
2833,9:25:19,127
2834,9:25:24,127
2835,9:25:29,128
2836,9:25:34,129
2837,9:25:44,130
2838,9:25:59,133
2839,9:26:04,137
2840,9:26:09,136
2841,9:26:14,137
2842,9:26:19,138
2843,9:26:24,138
2844,9:26:29,140
2845,9:26:34,139
2846,9:26:44,137
2847,9:26:49,135
2848,9:26:54,133
2849,9:27:04,132
2850,9:27:19,132
2851,9:27:29,133
2852,9:27:34,132
2853,9:27:44,131
2854,9:27:54,131
2855,9:27:59,130
2856,9:28:14,129
2857,9:28:29,127
2858,9:28:34,127
2859,9:28:39,128
2860,9:28:44,130
2861,9:28:54,129
2862,9:28:59,128
2863,9:29:04,127
2864,9:29:09,126
2865,9:29:14,123
2866,9:29:19,122
2867,9:29:29,123
2868,9:29:34,121
2869,9:29:39,121
2870,9:29:44,120
2871,9:29:49,117
2872,9:29:54,116
2873,9:29:59,117
2874,9:30:04,119
2875,9:30:09,118
2876,9:30:19,119
2877,9:30:34,120
2878,9:30:39,122
2879,9:30:44,123
2880,9:30:49,122
2881,9:30:54,123
2882,9:30:59,124
2883,9:31:04,123
2884,9:31:09,122
2885,9:31:14,122
2886,9:31:29,120
2887,9:31:34,120
2888,9:31:39,121
2889,9:31:54,121
2890,9:31:59,120
2891,9:32:04,118
2892,9:32:09,118
2893,9:32:39,119
2894,9:32:44,119
2895,9:32:49,118
2896,9:32:54,117
2897,9:33:09,117
2898,9:33:19,118
2899,9:33:24,119
2900,9:33:29,119
2901,9:33:34,118
2902,9:33:44,119
2903,9:33:54,122
2904,9:33:59,123
2905,9:34:09,120
2906,9:34:19,122
2907,9:34:24,125
2908,9:34:34,123
2909,9:34:39,121
2910,9:34:44,120
2911,9:34:49,118
2912,9:34:54,120
2913,9:34:59,122
2914,9:35:04,119
2915,9:35:09,118
2916,9:35:14,117
2917,9:35:29,119
2918,9:35:34,120
2919,9:35:39,121
2920,9:35:44,120
2921,9:35:49,117
2922,9:35:54,116
2923,9:35:59,118
2924,9:36:09,117
2925,9:36:14,116
2926,9:36:19,117
2927,9:36:29,118
2928,9:36:44,118
2929,9:36:49,117
2930,9:36:54,117
2931,9:36:59,118
2932,9:37:04,120
2933,9:37:09,122
2934,9:37:19,123
2935,9:37:34,124
2936,9:37:49,124
2937,9:37:54,125
2938,9:38:09,125
2939,9:38:19,124
2940,9:38:39,70
2941,9:38:49,98
2942,9:38:54,114
2943,9:39:09,114
2944,9:39:19,112
2945,9:39:24,111
2946,9:39:29,108
2947,9:39:34,110
2948,9:39:39,114
2949,9:39:44,117
2950,9:39:49,118
2951,9:39:54,117
2952,9:40:09,116
2953,9:40:19,115
2954,9:40:24,113
2955,9:40:29,113
2956,9:40:44,116
2957,9:40:49,119
2958,9:40:54,121
2959,9:40:59,122
2960,9:41:04,124
2961,9:41:09,125
2962,9:41:14,123
2963,9:41:19,124
2964,9:41:24,128
2965,9:41:29,127
2966,9:41:50,125
2967,9:41:55,125
2968,9:42:05,127
2969,9:42:10,123
2970,9:42:15,119
2971,9:42:37,70
2972,9:42:47,81
2973,9:42:52,117
2974,9:42:57,121
2975,9:43:02,122
2976,9:43:07,121
2977,9:43:12,120
2978,9:43:17,120
2979,9:43:22,119
2980,9:43:37,119
2981,9:43:47,120
2982,9:44:02,121
2983,9:44:07,122
2984,9:44:17,123
2985,9:44:22,124
2986,9:44:27,126
2987,9:44:32,127
2988,9:44:42,129
2989,9:44:47,133
2990,9:44:52,137
2991,9:44:57,138
2992,9:45:02,140
2993,9:45:07,139
2994,9:45:12,136
2995,9:45:17,135
2996,9:45:22,132
2997,9:45:27,128
2998,9:45:32,125
2999,9:45:37,123
3000,9:45:42,124
3001,9:45:47,125
3002,9:45:52,126
3003,9:45:57,127
3004,9:46:02,128
3005,9:46:07,129
3006,9:46:12,130
3007,9:46:17,133
3008,9:46:27,132
3009,9:46:32,130
3010,9:46:37,131
3011,9:46:42,132
3012,9:46:47,131
3013,9:46:57,133
3014,9:47:02,136
3015,9:47:07,139
3016,9:47:12,140
3017,9:47:17,139
3018,9:47:22,140
3019,9:47:27,138
3020,9:47:32,136
3021,9:47:37,137
3022,9:47:42,136
3023,9:47:47,135
3024,9:47:52,131
3025,9:47:57,130
3026,9:48:02,131
3027,9:48:12,132
3028,9:48:22,132
3029,9:48:27,132
3030,9:48:32,133
3031,9:48:37,132
3032,9:48:47,131
3033,9:48:52,130
3034,9:48:57,129
3035,9:49:02,130
3036,9:49:17,129
3037,9:49:22,127
3038,9:49:27,125
3039,9:49:32,123
3040,9:49:37,122
3041,9:49:42,121
3042,9:49:47,122
3043,9:49:52,123
3044,9:49:57,126
3045,9:50:12,127
3046,9:50:33,126
3047,9:50:38,124
3048,9:50:48,126
3049,9:50:58,124
3050,9:51:03,121
3051,9:51:18,122
3052,9:51:23,119
3053,9:51:28,116
3054,9:51:38,109
3055,9:51:43,106
3056,9:51:48,109
3057,9:51:53,111
3058,9:51:58,113
3059,10:27:55,70
3060,10:28:05,95
3061,10:28:10,100
3062,10:28:15,112
3063,10:28:20,120
3064,10:28:25,122
3065,10:28:30,123
3066,10:28:51,70
3067,11:44:12,70
3068,11:44:27,70
3069,11:44:32,72
3070,11:44:42,99
3071,11:44:47,98
3072,11:45:02,98
3073,11:45:17,98
3074,11:45:22,94
3075,11:45:27,91
3076,11:45:32,90
3077,11:45:37,89
3078,11:45:47,88
3079,11:45:52,87
3080,11:45:57,85
3081,11:46:02,80
3082,11:46:17,80
3083,11:48:18,70
3084,12:03:02,70
3085,12:03:17,88
3086,12:03:22,97
3087,12:04:57,70
3088,12:05:07,73
3089,12:05:12,78
3090,12:05:17,78
3091,12:05:32,78
3092,12:05:37,79
3093,12:05:42,82
3094,12:05:52,80
3095,12:05:57,75
3096,12:06:02,74
3097,12:06:07,73
3098,12:06:12,72
3099,12:06:17,70
3100,12:06:22,72
3101,12:24:01,70
3102,12:24:13,70
3103,12:24:28,70
3104,15:09:21,70
3105,15:25:54,70
3106,15:28:08,70
3107,15:28:13,91
3108,15:28:55,70
3109,15:34:51,70
3110,18:20:24,70
3111,18:20:34,108
3112,18:20:39,127
3113,18:20:44,125
3114,18:20:49,120
3115,18:20:54,112
3116,18:20:59,106
3117,18:24:17,70
