dateTime,Heart Rate
01/24/20 05:00:06,63
01/24/20 05:00:11,65
01/24/20 05:00:16,64
01/24/20 05:00:21,65
01/24/20 05:00:26,63
01/24/20 05:00:36,65
01/24/20 05:00:41,64
01/24/20 05:00:46,62
01/24/20 05:00:51,61
01/24/20 05:00:56,62
01/24/20 05:01:11,63
01/24/20 05:01:16,64
01/24/20 05:01:21,65
01/24/20 05:01:31,66
01/24/20 05:01:36,63
01/24/20 05:01:41,61
01/24/20 05:01:51,62
01/24/20 05:01:56,64
01/24/20 05:02:01,65
01/24/20 05:02:16,66
01/24/20 05:02:21,65
01/24/20 05:02:26,64
01/24/20 05:02:31,63
01/24/20 05:02:36,63
01/24/20 05:02:41,64
01/24/20 05:02:51,63
01/24/20 05:02:56,62
01/24/20 05:03:06,63
01/24/20 05:03:11,64
01/24/20 05:03:16,64
01/24/20 05:03:31,65
01/24/20 05:03:41,64
01/24/20 05:03:51,63
01/24/20 05:04:01,62
01/24/20 05:04:11,61
01/24/20 05:04:16,60
01/24/20 05:04:31,60
01/24/20 05:04:41,61
01/24/20 05:04:46,62
01/24/20 05:04:51,63
01/24/20 05:04:56,62
01/24/20 05:05:06,63
01/24/20 05:05:11,62
01/24/20 05:05:16,63
01/24/20 05:05:21,65
01/24/20 05:05:26,62
01/24/20 05:05:31,60
01/24/20 05:05:46,61
01/24/20 05:05:51,62
01/24/20 05:06:06,62
01/24/20 05:06:11,62
01/24/20 05:06:21,63
01/24/20 05:06:31,62
01/24/20 05:06:46,62
01/24/20 05:06:51,61
01/24/20 05:06:56,62
01/24/20 05:07:01,60
01/24/20 05:07:06,59
01/24/20 05:07:16,61
01/24/20 05:07:21,63
01/24/20 05:07:31,60
01/24/20 05:07:46,62
01/24/20 05:07:51,63
01/24/20 05:07:56,64
01/24/20 05:08:01,68
01/24/20 05:08:06,76
01/24/20 05:08:11,79
01/24/20 05:08:16,77
01/24/20 05:08:21,71
01/24/20 05:08:26,66
01/24/20 05:08:31,65
01/24/20 05:08:41,64
01/24/20 05:08:56,64
01/24/20 05:09:11,67
01/24/20 05:09:16,68
01/24/20 05:09:21,81
01/24/20 05:09:26,84
01/24/20 05:09:31,77
01/24/20 05:09:36,71
01/24/20 05:09:41,67
01/24/20 05:09:46,69
01/24/20 05:10:01,68
01/24/20 05:10:06,63
01/24/20 05:10:11,60
01/24/20 05:10:21,61
01/24/20 05:10:26,62
01/24/20 05:10:31,62
01/24/20 05:10:36,61
01/24/20 05:10:41,59
01/24/20 05:10:56,60
01/24/20 05:11:06,61
01/24/20 05:11:11,59
01/24/20 05:11:21,60
01/24/20 05:11:26,60
01/24/20 05:11:31,59
01/24/20 05:11:36,59
01/24/20 05:11:51,60
01/24/20 05:11:56,61
01/24/20 05:12:01,63
01/24/20 05:12:11,64
01/24/20 05:12:16,67
01/24/20 05:12:21,65
01/24/20 05:12:26,65
01/24/20 05:12:41,65
01/24/20 05:12:46,67
01/24/20 05:12:51,70
01/24/20 05:13:01,65
01/24/20 05:13:06,63
01/24/20 05:13:11,66
01/24/20 05:13:16,65
01/24/20 05:13:21,67
01/24/20 05:13:26,68
01/24/20 05:13:41,69
01/24/20 05:13:46,71
01/24/20 05:13:56,69
01/24/20 05:14:06,71
01/24/20 05:14:11,72
01/24/20 05:14:16,71
01/24/20 05:14:31,71
01/24/20 05:14:41,70
01/24/20 05:14:51,71
01/24/20 05:15:01,72
01/24/20 05:15:06,74
01/24/20 05:15:11,83
01/24/20 05:15:16,84
01/24/20 05:15:21,76
01/24/20 05:15:26,69
01/24/20 05:15:31,66
01/24/20 05:15:36,65
01/24/20 05:15:41,65
01/24/20 05:15:51,60
01/24/20 05:15:56,57
01/24/20 05:16:01,56
01/24/20 05:16:06,56
01/24/20 05:16:11,57
01/24/20 05:16:16,58
01/24/20 05:16:21,60
01/24/20 05:16:26,61
01/24/20 05:16:36,62
01/24/20 05:16:41,64
01/24/20 05:16:46,67
01/24/20 05:16:51,66
01/24/20 05:17:06,67
01/24/20 05:17:21,67
01/24/20 05:17:31,68
01/24/20 05:17:36,65
01/24/20 05:17:41,64
01/24/20 05:17:56,64
01/24/20 05:18:06,65
01/24/20 05:18:11,62
01/24/20 05:18:16,60
01/24/20 05:18:31,62
01/24/20 05:18:36,64
01/24/20 05:18:46,66
01/24/20 05:18:51,67
01/24/20 05:18:56,68
01/24/20 05:19:06,70
01/24/20 05:19:11,69
01/24/20 05:19:16,67
01/24/20 05:19:21,68
01/24/20 05:19:26,69
01/24/20 05:19:31,69
01/24/20 05:19:36,70
01/24/20 05:19:41,68
01/24/20 05:19:46,67
01/24/20 05:19:51,66
01/24/20 05:19:56,64
01/24/20 05:20:01,63
01/24/20 05:20:11,64
01/24/20 05:20:16,65
01/24/20 05:20:21,66
01/24/20 05:20:31,67
01/24/20 05:20:36,69
01/24/20 05:20:41,67
01/24/20 05:20:56,67
01/24/20 05:21:01,69
01/24/20 05:21:06,66
01/24/20 05:21:11,71
01/24/20 05:21:16,72
01/24/20 05:21:21,69
01/24/20 05:21:26,70
01/24/20 05:21:32,69
01/24/20 05:21:37,65
01/24/20 05:21:42,61
01/24/20 05:21:57,61
01/24/20 05:22:02,62
01/24/20 05:22:17,62
01/24/20 05:22:22,63
01/24/20 05:22:27,66
01/24/20 05:22:32,67
01/24/20 05:22:37,68
01/24/20 05:22:42,68
01/24/20 05:22:52,67
01/24/20 05:22:57,66
01/24/20 05:23:02,68
01/24/20 05:23:07,69
01/24/20 05:23:12,70
01/24/20 05:23:17,69
01/24/20 05:23:22,70
01/24/20 05:23:27,68
01/24/20 05:23:32,67
01/24/20 05:23:37,68
01/24/20 05:23:47,68
01/24/20 05:23:52,70
01/24/20 05:23:57,69
01/24/20 05:24:07,70
01/24/20 05:24:12,71
01/24/20 05:24:22,72
01/24/20 05:24:29,72
01/24/20 05:24:39,71
01/24/20 05:24:54,71
01/24/20 05:25:09,71
01/24/20 05:25:14,71
01/24/20 05:25:19,70
01/24/20 05:25:24,67
01/24/20 05:25:39,67
01/24/20 05:25:44,69
01/24/20 05:25:49,70
01/24/20 05:25:59,72
01/24/20 05:26:04,85
01/24/20 05:26:09,82
01/24/20 05:26:14,73
01/24/20 05:26:19,67
01/24/20 05:26:24,65
01/24/20 05:26:34,64
01/24/20 05:26:44,65
01/24/20 05:26:54,64
01/24/20 05:26:59,63
01/24/20 05:27:14,63
01/24/20 05:27:19,61
01/24/20 05:27:25,62
01/24/20 05:27:40,62
01/24/20 05:27:55,64
01/24/20 05:28:00,66
01/24/20 05:28:05,67
01/24/20 05:28:15,68
01/24/20 05:28:20,69
01/24/20 05:28:25,68
01/24/20 05:28:30,66
01/24/20 05:28:45,66
01/24/20 05:28:50,67
01/24/20 05:29:05,68
01/24/20 05:29:15,66
01/24/20 05:29:20,65
01/24/20 05:29:25,63
01/24/20 05:29:30,61
01/24/20 05:29:45,62
01/24/20 05:29:50,63
01/24/20 05:30:05,63
01/24/20 05:30:10,64
01/24/20 05:30:15,65
01/24/20 05:30:20,66
01/24/20 05:30:25,66
01/24/20 05:30:30,67
01/24/20 05:30:35,69
01/24/20 05:30:40,68
01/24/20 05:30:45,65
01/24/20 05:30:50,65
01/24/20 05:31:05,66
01/24/20 05:31:15,65
01/24/20 05:31:25,64
01/24/20 05:31:30,63
01/24/20 05:31:35,64
01/24/20 05:31:40,65
01/24/20 05:31:55,65
01/24/20 05:32:00,66
01/24/20 05:32:10,64
01/24/20 05:32:15,65
01/24/20 05:32:30,65
01/24/20 05:32:35,64
01/24/20 05:32:40,62
01/24/20 05:32:55,63
01/24/20 05:33:00,66
01/24/20 05:33:05,67
01/24/20 05:33:10,66
01/24/20 05:33:15,67
01/24/20 05:33:20,68
01/24/20 05:33:25,69
01/24/20 05:33:35,70
01/24/20 05:33:45,71
01/24/20 05:33:50,72
01/24/20 05:33:55,71
01/24/20 05:34:10,71
01/24/20 05:34:15,72
01/24/20 05:34:20,72
01/24/20 05:34:30,71
01/24/20 05:34:35,70
01/24/20 05:34:40,70
01/24/20 05:34:55,70
01/24/20 05:35:00,66
01/24/20 05:35:05,67
01/24/20 05:35:15,70
01/24/20 05:35:20,73
01/24/20 05:35:25,74
01/24/20 05:35:40,74
01/24/20 05:35:55,75
01/24/20 05:36:00,75
01/24/20 05:36:05,74
01/24/20 05:36:15,75
01/24/20 05:36:25,82
01/24/20 05:36:30,89
01/24/20 05:36:40,89
01/24/20 05:36:45,84
01/24/20 05:36:50,77
01/24/20 05:36:55,68
01/24/20 05:37:00,64
01/24/20 05:37:05,62
01/24/20 05:37:20,62
01/24/20 05:37:21,61
01/24/20 05:37:31,62
01/24/20 05:37:36,63
01/24/20 05:37:41,64
01/24/20 05:37:46,65
01/24/20 05:37:51,66
01/24/20 05:37:56,67
01/24/20 05:38:06,68
01/24/20 05:38:11,67
01/24/20 05:38:16,66
01/24/20 05:38:21,68
01/24/20 05:38:26,69
01/24/20 05:38:31,70
01/24/20 05:38:36,67
01/24/20 05:38:41,64
01/24/20 05:38:46,65
01/24/20 05:38:51,70
01/24/20 05:38:56,71
01/24/20 05:39:01,70
01/24/20 05:39:06,67
01/24/20 05:39:16,70
01/24/20 05:39:26,67
01/24/20 05:39:31,64
01/24/20 05:39:46,65
01/24/20 05:39:56,63
01/24/20 05:40:01,64
01/24/20 05:40:06,65
01/24/20 05:40:11,65
01/24/20 05:40:26,68
01/24/20 05:40:31,67
01/24/20 05:40:36,66
01/24/20 05:40:41,67
01/24/20 05:40:46,66
01/24/20 05:40:51,63
01/24/20 05:41:01,61
01/24/20 05:41:16,61
01/24/20 05:41:21,60
01/24/20 05:41:26,61
01/24/20 05:41:31,62
01/24/20 05:41:41,66
01/24/20 05:41:46,67
01/24/20 05:41:51,66
01/24/20 05:41:56,64
01/24/20 05:42:01,62
01/24/20 05:42:06,63
01/24/20 05:42:11,64
01/24/20 05:42:16,63
01/24/20 05:42:21,61
01/24/20 05:42:26,60
01/24/20 05:42:36,61
01/24/20 05:42:41,62
01/24/20 05:42:51,63
01/24/20 05:42:56,64
01/24/20 05:43:05,66
01/24/20 05:43:10,69
01/24/20 05:43:15,67
01/24/20 05:43:20,66
01/24/20 05:43:35,65
01/24/20 05:43:50,65
01/24/20 05:43:55,66
01/24/20 05:44:00,68
01/24/20 05:44:10,69
01/24/20 05:44:15,70
01/24/20 05:44:20,69
01/24/20 05:44:25,67
01/24/20 05:44:30,66
01/24/20 05:44:35,65
01/24/20 05:44:45,68
01/24/20 05:44:50,67
01/24/20 05:44:55,65
01/24/20 05:45:00,63
01/24/20 05:45:10,64
01/24/20 05:45:20,66
01/24/20 05:45:25,64
01/24/20 05:45:30,61
01/24/20 05:45:40,62
01/24/20 05:45:45,64
01/24/20 05:45:50,65
01/24/20 05:45:55,66
01/24/20 05:46:05,65
01/24/20 05:46:11,63
01/24/20 05:46:16,62
01/24/20 05:46:21,61
01/24/20 05:46:31,63
01/24/20 05:46:36,65
01/24/20 05:46:46,66
01/24/20 05:47:01,66
01/24/20 05:47:06,65
01/24/20 05:47:11,64
01/24/20 05:47:16,63
01/24/20 05:47:21,62
01/24/20 05:47:26,63
01/24/20 05:47:31,62
01/24/20 05:47:46,64
01/24/20 05:48:01,61
01/24/20 05:48:16,63
01/24/20 05:48:21,64
01/24/20 05:48:26,65
01/24/20 05:48:31,67
01/24/20 05:48:36,68
01/24/20 05:48:41,69
01/24/20 05:48:56,69
01/24/20 05:49:01,67
01/24/20 05:49:06,65
01/24/20 05:49:11,64
01/24/20 05:49:16,63
01/24/20 05:49:21,62
01/24/20 05:49:26,62
01/24/20 05:49:31,61
01/24/20 05:49:46,63
01/24/20 05:49:51,62
01/24/20 05:50:01,63
01/24/20 05:50:11,64
01/24/20 05:50:21,65
01/24/20 05:50:31,64
01/24/20 05:50:36,63
01/24/20 05:50:51,63
01/24/20 05:50:56,63
01/24/20 05:51:01,61
01/24/20 05:51:06,63
01/24/20 05:51:21,66
01/24/20 05:51:26,69
01/24/20 05:51:31,67
01/24/20 05:51:36,64
01/24/20 05:51:41,63
01/24/20 05:51:46,62
01/24/20 05:52:01,63
01/24/20 05:52:06,64
01/24/20 05:52:16,65
01/24/20 05:52:21,66
01/24/20 05:52:26,67
01/24/20 05:52:31,84
01/24/20 05:52:36,84
01/24/20 05:52:41,78
01/24/20 05:52:46,72
01/24/20 05:52:51,69
01/24/20 05:52:56,68
01/24/20 05:53:01,66
01/24/20 05:53:11,67
01/24/20 05:53:16,68
01/24/20 05:53:26,69
01/24/20 05:53:31,82
01/24/20 05:53:36,84
01/24/20 05:53:41,81
01/24/20 05:53:46,71
01/24/20 05:53:51,69
01/24/20 05:53:56,67
01/24/20 05:54:01,65
01/24/20 05:54:11,66
01/24/20 05:54:16,67
01/24/20 05:54:26,66
01/24/20 05:54:36,65
01/24/20 05:54:41,64
01/24/20 05:54:51,63
01/24/20 05:55:01,64
01/24/20 05:55:06,65
01/24/20 05:55:11,67
01/24/20 05:55:16,66
01/24/20 05:55:26,65
01/24/20 05:55:31,64
01/24/20 05:55:46,63
01/24/20 05:55:51,65
01/24/20 05:56:01,64
01/24/20 05:56:06,63
01/24/20 05:56:16,64
01/24/20 05:56:21,66
01/24/20 05:56:31,64
01/24/20 05:56:36,62
01/24/20 05:56:46,63
01/24/20 05:56:51,61
01/24/20 05:57:06,61
01/24/20 05:57:11,64
01/24/20 05:57:26,64
01/24/20 05:57:41,65
01/24/20 05:57:46,62
01/24/20 05:57:56,63
01/24/20 05:58:11,63
01/24/20 05:58:21,64
01/24/20 05:58:26,66
01/24/20 05:58:31,64
01/24/20 05:58:36,65
01/24/20 05:58:51,64
01/24/20 05:58:56,66
01/24/20 05:59:01,63
01/24/20 05:59:06,64
01/24/20 05:59:11,66
01/24/20 05:59:16,63
01/24/20 05:59:26,62
01/24/20 05:59:31,64
01/24/20 05:59:36,65
01/24/20 05:59:41,62
01/24/20 05:59:46,60
01/24/20 06:00:01,61
01/24/20 06:00:06,62
01/24/20 06:00:16,63
01/24/20 06:00:21,61
01/24/20 06:00:26,59
01/24/20 06:00:41,60
01/24/20 06:00:46,59
01/24/20 06:01:01,59
01/24/20 06:01:06,60
01/24/20 06:01:21,60
01/24/20 06:01:31,59
01/24/20 06:01:41,60
01/24/20 06:01:46,61
01/24/20 06:01:56,62
01/24/20 06:02:11,61
01/24/20 06:02:26,61
01/24/20 06:02:36,63
01/24/20 06:02:41,62
01/24/20 06:02:46,59
01/24/20 06:02:56,60
01/24/20 06:03:11,60
01/24/20 06:03:16,61
01/24/20 06:03:21,62
01/24/20 06:03:31,59
01/24/20 06:03:36,58
01/24/20 06:03:46,60
01/24/20 06:03:56,61
01/24/20 06:04:01,62
01/24/20 06:04:06,63
01/24/20 06:04:11,65
01/24/20 06:04:26,65
01/24/20 06:04:36,64
01/24/20 06:04:41,63
01/24/20 06:04:51,64
01/24/20 06:04:56,63
01/24/20 06:05:01,62
01/24/20 06:05:16,63
01/24/20 06:05:31,63
01/24/20 06:05:36,64
01/24/20 06:05:41,66
01/24/20 06:05:46,65
01/24/20 06:06:01,65
01/24/20 06:06:06,64
01/24/20 06:06:16,63
01/24/20 06:06:21,63
01/24/20 06:06:36,63
01/24/20 06:06:41,64
01/24/20 06:06:51,62
01/24/20 06:07:06,63
01/24/20 06:07:11,64
01/24/20 06:07:16,65
01/24/20 06:07:26,64
01/24/20 06:07:36,63
01/24/20 06:07:41,62
01/24/20 06:07:51,63
01/24/20 06:07:56,65
01/24/20 06:08:06,64
01/24/20 06:08:11,65
01/24/20 06:08:16,64
01/24/20 06:08:31,64
01/24/20 06:08:36,65
01/24/20 06:08:41,64
01/24/20 06:08:51,65
01/24/20 06:09:01,61
01/24/20 06:09:06,60
01/24/20 06:09:21,61
01/24/20 06:09:31,62
01/24/20 06:09:36,63
01/24/20 06:09:41,62
01/24/20 06:09:51,62
01/24/20 06:10:06,60
01/24/20 06:10:11,59
01/24/20 06:10:21,60
01/24/20 06:10:26,61
01/24/20 06:10:31,62
01/24/20 06:10:36,60
01/24/20 06:10:41,59
01/24/20 06:10:51,59
01/24/20 06:11:01,63
01/24/20 06:11:06,76
01/24/20 06:11:11,84
01/24/20 06:11:21,77
01/24/20 06:11:26,74
01/24/20 06:11:36,75
01/24/20 06:11:41,69
01/24/20 06:11:46,65
01/24/20 06:11:51,61
01/24/20 06:12:01,60
01/24/20 06:12:06,61
01/24/20 06:12:11,60
01/24/20 06:12:16,59
01/24/20 06:12:21,58
01/24/20 06:12:26,58
01/24/20 06:12:31,59
01/24/20 06:12:36,61
01/24/20 06:12:41,60
01/24/20 06:12:47,60
01/24/20 06:12:52,59
01/24/20 06:12:57,60
01/24/20 06:13:02,61
01/24/20 06:13:07,62
01/24/20 06:13:12,69
01/24/20 06:13:17,66
01/24/20 06:13:22,59
01/24/20 06:13:27,58
01/24/20 06:13:37,59
01/24/20 06:13:52,59
01/24/20 06:14:02,60
01/24/20 06:14:07,61
01/24/20 06:14:17,64
01/24/20 06:14:22,65
01/24/20 06:14:27,67
01/24/20 06:14:32,69
01/24/20 06:14:42,77
01/24/20 06:14:47,75
01/24/20 06:14:52,72
01/24/20 06:14:57,69
01/24/20 06:15:02,66
01/24/20 06:15:07,64
01/24/20 06:15:12,62
01/24/20 06:15:22,61
01/24/20 06:15:27,62
01/24/20 06:15:32,64
01/24/20 06:15:37,60
01/24/20 06:15:42,57
01/24/20 06:15:52,58
01/24/20 06:15:57,59
01/24/20 06:16:07,58
01/24/20 06:16:12,57
01/24/20 06:16:17,58
01/24/20 06:16:27,59
01/24/20 06:16:32,60
01/24/20 06:16:37,61
01/24/20 06:16:47,60
01/24/20 06:17:02,60
01/24/20 06:17:17,60
01/24/20 06:17:22,59
01/24/20 06:17:27,60
01/24/20 06:17:32,61
01/24/20 06:17:37,60
01/24/20 06:17:52,60
01/24/20 06:17:57,61
01/24/20 06:18:07,60
01/24/20 06:18:17,61
01/24/20 06:18:22,63
01/24/20 06:18:27,65
01/24/20 06:18:42,63
01/24/20 06:18:47,62
01/24/20 06:18:52,61
01/24/20 06:18:57,61
01/24/20 06:19:02,60
01/24/20 06:19:17,61
01/24/20 06:19:22,62
01/24/20 06:19:37,62
01/24/20 06:19:42,60
01/24/20 06:19:52,62
01/24/20 06:20:02,61
01/24/20 06:20:07,60
01/24/20 06:20:12,61
01/24/20 06:20:27,62
01/24/20 06:20:32,61
01/24/20 06:20:37,60
01/24/20 06:20:47,61
01/24/20 06:21:02,62
01/24/20 06:21:12,63
01/24/20 06:21:17,62
01/24/20 06:21:22,61
01/24/20 06:21:27,60
01/24/20 06:21:42,60
01/24/20 06:21:47,59
01/24/20 06:21:52,60
01/24/20 06:22:07,61
01/24/20 06:22:22,61
01/24/20 06:22:27,62
01/24/20 06:22:32,61
01/24/20 06:22:42,62
01/24/20 06:22:47,62
01/24/20 06:23:02,63
01/24/20 06:23:17,62
01/24/20 06:23:22,61
01/24/20 06:23:37,61
01/24/20 06:23:42,62
01/24/20 06:23:52,61
01/24/20 06:24:02,60
01/24/20 06:24:17,60
01/24/20 06:24:22,61
01/24/20 06:24:27,62
01/24/20 06:24:32,63
01/24/20 06:24:42,62
01/24/20 06:24:47,61
01/24/20 06:25:02,62
01/24/20 06:25:17,62
01/24/20 06:25:32,63
01/24/20 06:25:37,64
01/24/20 06:25:52,63
01/24/20 06:25:57,62
01/24/20 06:26:12,62
01/24/20 06:26:27,62
01/24/20 06:26:37,63
01/24/20 06:26:42,62
01/24/20 06:26:57,62
01/24/20 06:27:12,62
01/24/20 06:27:17,61
01/24/20 06:27:23,60
01/24/20 06:27:33,61
01/24/20 06:27:38,63
01/24/20 06:27:43,64
01/24/20 06:27:48,63
01/24/20 06:27:53,61
01/24/20 06:28:03,62
01/24/20 06:28:13,63
01/24/20 06:28:18,65
01/24/20 06:28:23,64
01/24/20 06:28:28,63
01/24/20 06:28:43,64
01/24/20 06:28:53,63
01/24/20 06:29:08,63
01/24/20 06:29:18,62
01/24/20 06:29:33,62
01/24/20 06:29:43,63
01/24/20 06:29:48,62
01/24/20 06:29:53,61
01/24/20 06:30:03,62
01/24/20 06:30:08,63
01/24/20 06:30:13,64
01/24/20 06:30:28,62
01/24/20 06:30:38,61
01/24/20 06:30:53,63
01/24/20 06:30:58,65
01/24/20 06:31:03,66
01/24/20 06:31:08,64
01/24/20 06:31:13,62
01/24/20 06:31:28,62
01/24/20 06:31:33,63
01/24/20 06:31:38,64
01/24/20 06:31:53,65
01/24/20 06:31:58,64
01/24/20 06:32:08,63
01/24/20 06:32:13,62
01/24/20 06:32:28,61
01/24/20 06:32:33,64
01/24/20 06:32:38,66
01/24/20 06:32:43,65
01/24/20 06:32:48,64
01/24/20 06:32:58,63
01/24/20 06:33:03,61
01/24/20 06:33:13,62
01/24/20 06:33:18,63
01/24/20 06:33:33,63
01/24/20 06:33:38,64
01/24/20 06:33:43,63
01/24/20 06:33:48,62
01/24/20 06:34:03,63
01/24/20 06:34:08,64
01/24/20 06:34:13,65
01/24/20 06:34:18,64
01/24/20 06:34:28,62
01/24/20 06:34:33,62
01/24/20 06:34:38,61
01/24/20 06:34:48,63
01/24/20 06:34:53,64
01/24/20 06:34:58,65
01/24/20 06:35:03,64
01/24/20 06:35:08,63
01/24/20 06:35:13,62
01/24/20 06:35:23,63
01/24/20 06:35:28,64
01/24/20 06:35:33,63
01/24/20 06:35:43,64
01/24/20 06:35:48,63
01/24/20 06:36:03,63
01/24/20 06:36:08,64
01/24/20 06:36:13,65
01/24/20 06:36:18,64
01/24/20 06:36:23,63
01/24/20 06:36:28,64
01/24/20 06:36:33,65
01/24/20 06:36:38,66
01/24/20 06:36:43,64
01/24/20 06:36:53,65
01/24/20 06:36:58,64
01/24/20 06:37:03,63
01/24/20 06:37:18,63
01/24/20 06:37:28,62
01/24/20 06:37:33,61
01/24/20 06:37:43,62
01/24/20 06:37:48,64
01/24/20 06:37:53,66
01/24/20 06:38:03,65
01/24/20 06:38:13,64
01/24/20 06:38:18,63
01/24/20 06:38:33,65
01/24/20 06:38:38,66
01/24/20 06:38:48,65
01/24/20 06:38:53,64
01/24/20 06:38:58,63
01/24/20 06:39:13,64
01/24/20 06:39:28,63
01/24/20 06:39:38,64
01/24/20 06:39:43,65
01/24/20 06:39:48,64
01/24/20 06:40:03,64
01/24/20 06:40:13,63
01/24/20 06:40:23,64
01/24/20 06:40:33,65
01/24/20 06:40:38,66
01/24/20 06:40:43,65
01/24/20 06:40:58,65
01/24/20 06:41:03,64
01/24/20 06:41:08,63
01/24/20 06:41:13,62
01/24/20 06:41:18,62
01/24/20 06:41:23,64
01/24/20 06:41:28,65
01/24/20 06:41:38,64
01/24/20 06:41:43,63
01/24/20 06:41:58,64
01/24/20 06:42:03,65
01/24/20 06:42:08,71
01/24/20 06:42:13,67
01/24/20 06:42:18,65
01/24/20 06:42:28,66
01/24/20 06:42:33,67
01/24/20 06:42:43,66
01/24/20 06:42:48,67
01/24/20 06:42:58,66
01/24/20 06:43:08,67
01/24/20 06:43:13,66
01/24/20 06:43:23,65
01/24/20 06:43:28,64
01/24/20 06:43:43,64
01/24/20 06:43:48,65
01/24/20 06:43:53,66
01/24/20 06:43:58,68
01/24/20 06:44:13,66
01/24/20 06:44:18,65
01/24/20 06:44:23,64
01/24/20 06:44:38,64
01/24/20 06:44:43,64
01/24/20 06:44:53,65
01/24/20 06:44:58,66
01/24/20 06:45:03,67
01/24/20 06:45:08,66
01/24/20 06:45:23,66
01/24/20 06:45:38,62
01/24/20 06:45:43,66
01/24/20 06:45:53,65
01/24/20 06:45:58,64
01/24/20 06:46:13,64
01/24/20 06:46:18,63
01/24/20 06:46:23,64
01/24/20 06:46:28,65
01/24/20 06:46:43,65
01/24/20 06:46:48,67
01/24/20 06:46:53,66
01/24/20 06:46:58,65
01/24/20 06:47:03,64
01/24/20 06:47:08,63
01/24/20 06:47:18,64
01/24/20 06:47:23,65
01/24/20 06:47:28,64
01/24/20 06:47:33,65
01/24/20 06:47:39,65
01/24/20 06:47:44,67
01/24/20 06:47:49,72
01/24/20 06:47:54,73
01/24/20 06:47:59,74
01/24/20 06:48:04,90
01/24/20 06:48:09,98
01/24/20 06:48:14,94
01/24/20 06:48:19,81
01/24/20 06:48:24,73
01/24/20 06:48:29,69
01/24/20 06:48:34,66
01/24/20 06:48:39,64
01/24/20 06:48:44,61
01/24/20 06:48:49,60
01/24/20 06:48:54,61
01/24/20 06:49:09,61
01/24/20 06:49:19,64
01/24/20 06:49:24,70
01/24/20 06:49:29,66
01/24/20 06:49:34,61
01/24/20 06:49:49,62
01/24/20 06:49:54,63
01/24/20 06:49:59,63
01/24/20 06:50:04,64
01/24/20 06:50:09,68
01/24/20 06:50:14,69
01/24/20 06:50:24,73
01/24/20 06:50:29,80
01/24/20 06:50:34,76
01/24/20 06:50:39,72
01/24/20 06:50:44,71
01/24/20 06:50:49,72
01/24/20 06:50:54,77
01/24/20 06:50:59,81
01/24/20 06:51:04,80
01/24/20 06:51:09,78
01/24/20 06:51:14,69
01/24/20 06:51:19,64
01/24/20 06:51:24,60
01/24/20 06:51:29,62
01/24/20 06:51:34,65
01/24/20 06:51:39,66
01/24/20 06:51:54,67
01/24/20 06:52:09,67
01/24/20 06:52:19,68
01/24/20 06:52:24,67
01/24/20 06:52:29,65
01/24/20 06:52:34,66
01/24/20 06:52:40,64
01/24/20 06:52:55,64
01/24/20 06:53:00,79
01/24/20 06:53:05,83
01/24/20 06:53:10,78
01/24/20 06:53:15,73
01/24/20 06:53:20,67
01/24/20 06:53:25,65
01/24/20 06:53:35,68
01/24/20 06:53:45,66
01/24/20 06:53:50,65
01/24/20 06:54:00,64
01/24/20 06:54:15,64
01/24/20 06:54:20,65
01/24/20 06:54:25,64
01/24/20 06:54:30,63
01/24/20 06:54:40,64
01/24/20 06:54:45,65
01/24/20 06:55:00,66
01/24/20 06:55:05,67
01/24/20 06:55:15,66
01/24/20 06:55:25,67
01/24/20 06:55:35,65
01/24/20 06:55:40,63
01/24/20 06:55:45,62
01/24/20 06:55:50,62
01/24/20 06:56:00,63
01/24/20 06:56:05,64
01/24/20 06:56:10,63
01/24/20 06:56:20,64
01/24/20 06:56:30,63
01/24/20 06:56:45,63
01/24/20 06:56:50,62
01/24/20 06:56:55,61
01/24/20 06:57:00,62
01/24/20 06:57:05,61
01/24/20 06:57:15,62
01/24/20 06:57:20,64
01/24/20 06:57:35,62
01/24/20 06:57:40,60
01/24/20 06:57:50,59
01/24/20 06:57:55,58
01/24/20 06:58:00,59
01/24/20 06:58:05,61
01/24/20 06:58:10,60
01/24/20 06:58:15,61
01/24/20 06:58:20,62
01/24/20 06:58:35,60
01/24/20 06:58:50,60
01/24/20 06:59:00,61
01/24/20 06:59:15,61
01/24/20 06:59:20,62
01/24/20 06:59:25,63
01/24/20 06:59:35,61
01/24/20 06:59:45,62
01/24/20 06:59:50,64
01/24/20 06:59:55,65
01/24/20 07:00:00,66
01/24/20 07:00:05,65
01/24/20 07:00:10,64
01/24/20 07:00:25,64
01/24/20 07:00:30,65
01/24/20 07:00:45,65
01/24/20 07:00:55,66
01/24/20 07:01:10,66
01/24/20 07:01:20,65
01/24/20 07:01:25,64
01/24/20 07:01:40,64
01/24/20 07:01:50,65
01/24/20 07:02:00,67
01/24/20 07:02:05,68
01/24/20 07:02:20,68
01/24/20 07:02:25,66
01/24/20 07:02:30,64
01/24/20 07:02:40,65
01/24/20 07:02:50,64
01/24/20 07:03:00,63
01/24/20 07:03:08,62
01/24/20 07:03:18,64
01/24/20 07:03:33,65
01/24/20 07:03:43,64
01/24/20 07:03:48,62
01/24/20 07:03:53,63
01/24/20 07:03:58,64
01/24/20 07:04:03,67
01/24/20 07:04:08,70
01/24/20 07:04:13,70
01/24/20 07:04:18,69
01/24/20 07:04:23,67
01/24/20 07:04:28,68
01/24/20 07:04:33,66
01/24/20 07:04:38,64
01/24/20 07:04:53,66
01/24/20 07:04:58,67
01/24/20 07:05:13,66
01/24/20 07:05:18,64
01/24/20 07:05:33,64
01/24/20 07:05:38,65
01/24/20 07:05:53,65
01/24/20 07:05:58,67
01/24/20 07:06:13,66
01/24/20 07:06:18,64
01/24/20 07:06:23,62
01/24/20 07:06:33,59
01/24/20 07:06:38,59
01/24/20 07:06:43,56
01/24/20 07:06:48,55
01/24/20 07:06:53,57
01/24/20 07:06:58,59
01/24/20 07:07:03,62
01/24/20 07:07:08,64
01/24/20 07:07:18,63
01/24/20 07:07:23,62
01/24/20 07:07:33,61
01/24/20 07:07:43,62
01/24/20 07:07:48,63
01/24/20 07:07:58,61
01/24/20 07:08:08,63
01/24/20 07:08:23,66
01/24/20 07:08:28,67
01/24/20 07:08:33,68
01/24/20 07:08:38,69
01/24/20 07:08:43,68
01/24/20 07:08:53,69
01/24/20 07:09:03,68
01/24/20 07:09:18,67
01/24/20 07:09:23,66
01/24/20 07:09:38,67
01/24/20 07:09:43,68
01/24/20 07:09:48,69
01/24/20 07:09:53,70
01/24/20 07:09:58,70
01/24/20 07:10:03,72
01/24/20 07:10:18,73
01/24/20 07:10:23,75
01/24/20 07:10:28,74
01/24/20 07:10:33,70
01/24/20 07:10:38,67
01/24/20 07:10:43,64
01/24/20 07:10:48,62
01/24/20 07:10:53,62
01/24/20 07:10:58,61
01/24/20 07:11:03,60
01/24/20 07:11:08,59
01/24/20 07:11:13,60
01/24/20 07:11:18,62
01/24/20 07:11:23,63
01/24/20 07:11:28,64
01/24/20 07:11:33,65
01/24/20 07:11:43,67
01/24/20 07:11:53,70
01/24/20 07:11:58,71
01/24/20 07:12:03,68
01/24/20 07:12:08,66
01/24/20 07:12:13,64
01/24/20 07:12:23,65
01/24/20 07:12:28,64
01/24/20 07:12:43,64
01/24/20 07:12:48,66
01/24/20 07:13:03,66
01/24/20 07:13:13,71
01/24/20 07:13:18,90
01/24/20 07:13:23,87
01/24/20 07:13:28,80
01/24/20 07:13:33,73
01/24/20 07:13:38,66
01/24/20 07:13:43,65
01/24/20 07:13:48,64
01/24/20 07:14:03,65
01/24/20 07:14:13,64
01/24/20 07:14:18,65
01/24/20 07:14:23,66
01/24/20 07:14:28,65
01/24/20 07:14:33,64
01/24/20 07:14:38,63
01/24/20 07:14:48,62
01/24/20 07:14:58,63
01/24/20 07:15:03,64
01/24/20 07:15:13,63
01/24/20 07:15:18,60
01/24/20 07:15:33,61
01/24/20 07:15:38,60
01/24/20 07:15:43,59
01/24/20 07:15:48,61
01/24/20 07:15:58,62
01/24/20 07:16:03,64
01/24/20 07:16:08,65
01/24/20 07:16:13,67
01/24/20 07:16:18,68
01/24/20 07:16:23,69
01/24/20 07:16:38,69
01/24/20 07:16:43,77
01/24/20 07:16:48,74
01/24/20 07:16:53,70
01/24/20 07:17:03,72
01/24/20 07:17:08,73
01/24/20 07:17:18,77
01/24/20 07:17:23,80
01/24/20 07:17:38,80
01/24/20 07:17:43,82
01/24/20 07:17:48,83
01/24/20 07:17:58,82
01/24/20 07:18:03,81
01/24/20 07:18:18,81
01/24/20 07:18:46,74
01/24/20 07:18:51,71
01/24/20 07:19:01,70
01/24/20 07:19:11,68
01/24/20 07:19:26,69
01/24/20 07:19:31,70
01/24/20 07:19:41,68
01/24/20 07:19:56,68
01/24/20 07:20:06,69
01/24/20 07:20:16,70
01/24/20 07:20:21,71
01/24/20 07:20:26,70
01/24/20 07:20:41,69
01/24/20 07:20:51,69
01/24/20 07:21:06,69
01/24/20 07:21:11,70
01/24/20 07:21:21,71
01/24/20 07:21:26,67
01/24/20 07:21:41,67
01/24/20 07:21:46,68
01/24/20 07:21:51,69
01/24/20 07:21:56,68
01/24/20 07:22:11,69
01/24/20 07:22:21,69
01/24/20 07:22:26,69
01/24/20 07:22:31,68
01/24/20 07:22:36,69
01/24/20 07:22:41,68
01/24/20 07:22:46,68
01/24/20 07:22:56,69
01/24/20 07:23:01,70
01/24/20 07:23:06,69
01/24/20 07:23:11,68
01/24/20 07:23:16,66
01/24/20 07:23:21,65
01/24/20 07:23:26,66
01/24/20 07:23:36,67
01/24/20 07:23:51,67
01/24/20 07:23:56,66
01/24/20 07:24:11,67
01/24/20 07:24:21,68
01/24/20 07:24:26,68
01/24/20 07:24:31,67
01/24/20 07:24:36,67
01/24/20 07:24:41,66
01/24/20 07:24:46,67
01/24/20 07:25:01,67
01/24/20 07:25:16,68
01/24/20 07:25:31,68
01/24/20 07:25:36,66
01/24/20 07:25:41,65
01/24/20 07:25:56,65
01/24/20 07:26:01,66
01/24/20 07:26:07,66
01/24/20 07:26:12,65
01/24/20 07:26:22,64
01/24/20 07:26:37,65
01/24/20 07:26:52,65
01/24/20 07:27:02,66
01/24/20 07:27:07,67
01/24/20 07:27:22,67
01/24/20 07:27:27,69
01/24/20 07:27:37,68
01/24/20 07:27:42,69
01/24/20 07:27:47,68
01/24/20 07:27:57,67
01/24/20 07:28:12,67
01/24/20 07:28:27,67
01/24/20 07:28:42,67
01/24/20 07:28:52,66
01/24/20 07:29:07,66
01/24/20 07:29:22,66
01/24/20 07:29:37,65
01/24/20 07:29:52,65
01/24/20 07:30:07,66
01/24/20 07:30:17,67
01/24/20 07:30:22,66
01/24/20 07:30:32,67
01/24/20 07:30:42,67
01/24/20 07:30:52,69
01/24/20 07:30:57,69
01/24/20 07:31:07,66
01/24/20 07:31:12,62
01/24/20 07:31:17,61
01/24/20 07:31:32,61
01/24/20 07:31:37,62
01/24/20 07:31:42,64
01/24/20 07:31:47,60
01/24/20 07:31:57,62
01/24/20 07:32:07,63
01/24/20 07:32:12,64
01/24/20 07:32:17,65
01/24/20 07:32:32,65
01/24/20 07:32:37,66
01/24/20 07:32:42,69
01/24/20 07:32:52,66
01/24/20 07:32:57,65
01/24/20 07:33:07,64
01/24/20 07:33:12,64
01/24/20 07:33:27,64
01/24/20 07:33:32,64
01/24/20 07:33:37,65
01/24/20 07:33:52,65
01/24/20 07:33:57,64
01/24/20 07:34:12,64
01/24/20 07:34:17,63
01/24/20 07:34:22,65
01/24/20 07:34:27,67
01/24/20 07:34:32,66
01/24/20 07:34:37,67
01/24/20 07:34:42,69
01/24/20 07:34:47,64
01/24/20 07:34:52,62
01/24/20 07:34:57,63
01/24/20 07:35:02,64
01/24/20 07:35:12,65
01/24/20 07:35:27,64
01/24/20 07:35:32,65
01/24/20 07:35:37,66
01/24/20 07:35:42,65
01/24/20 07:35:57,66
01/24/20 07:36:02,67
01/24/20 07:36:12,80
01/24/20 07:36:17,86
01/24/20 07:36:22,81
01/24/20 07:36:27,71
01/24/20 07:36:32,65
01/24/20 07:36:37,62
01/24/20 07:36:42,67
01/24/20 07:36:47,65
01/24/20 07:36:52,61
01/24/20 07:37:02,59
01/24/20 07:37:07,59
01/24/20 07:37:17,59
01/24/20 07:37:27,60
01/24/20 07:37:37,79
01/24/20 07:37:42,84
01/24/20 07:37:47,77
01/24/20 07:37:52,70
01/24/20 07:37:57,68
01/24/20 07:38:02,65
01/24/20 07:38:07,62
01/24/20 07:38:12,61
01/24/20 07:38:17,60
01/24/20 07:38:27,61
01/24/20 07:38:37,60
01/24/20 07:38:52,60
01/24/20 07:39:07,61
01/24/20 07:39:22,60
01/24/20 07:39:37,60
01/24/20 07:39:42,61
01/24/20 07:39:52,60
01/24/20 07:40:07,60
01/24/20 07:40:12,61
01/24/20 07:40:27,61
01/24/20 07:40:37,60
01/24/20 07:40:47,61
01/24/20 07:40:52,62
01/24/20 07:40:57,61
01/24/20 07:41:07,60
01/24/20 07:41:22,60
01/24/20 07:41:27,61
01/24/20 07:41:32,62
01/24/20 07:41:37,63
01/24/20 07:41:42,60
01/24/20 07:41:47,58
01/24/20 07:41:57,59
01/24/20 07:42:02,60
01/24/20 07:42:07,58
01/24/20 07:42:12,57
01/24/20 07:42:22,58
01/24/20 07:42:32,59
01/24/20 07:42:47,59
01/24/20 07:42:52,60
01/24/20 07:43:07,59
01/24/20 07:43:12,58
01/24/20 07:43:27,58
01/24/20 07:43:32,59
01/24/20 07:43:47,59
01/24/20 07:43:52,60
01/24/20 07:43:57,59
01/24/20 07:44:12,59
01/24/20 07:44:22,60
01/24/20 07:44:32,61
01/24/20 07:44:37,61
01/24/20 07:44:52,61
01/24/20 07:45:02,60
01/24/20 07:45:07,59
01/24/20 07:45:12,60
01/24/20 07:45:22,61
01/24/20 07:45:37,60
01/24/20 07:45:42,59
01/24/20 07:45:57,59
01/24/20 07:46:02,60
01/24/20 07:46:07,61
01/24/20 07:46:17,62
01/24/20 07:46:22,60
01/24/20 07:46:27,58
01/24/20 07:46:37,59
01/24/20 07:46:42,60
01/24/20 07:46:47,61
01/24/20 07:46:52,62
01/24/20 07:46:57,61
01/24/20 07:47:07,62
01/24/20 07:47:17,61
01/24/20 07:47:27,62
01/24/20 07:47:32,63
01/24/20 07:47:42,61
01/24/20 07:47:47,60
01/24/20 07:47:52,59
01/24/20 07:47:57,60
01/24/20 07:48:02,60
01/24/20 07:48:07,61
01/24/20 07:48:12,63
01/24/20 07:48:22,64
01/24/20 07:48:27,63
01/24/20 07:48:32,62
01/24/20 07:48:42,61
01/24/20 07:48:47,62
01/24/20 07:48:52,61
01/24/20 07:49:02,62
01/24/20 07:49:07,61
01/24/20 07:49:22,61
01/24/20 07:49:32,60
01/24/20 07:49:42,61
01/24/20 07:49:57,61
01/24/20 07:50:07,64
01/24/20 07:50:17,62
01/24/20 07:50:22,61
01/24/20 07:50:27,60
01/24/20 07:50:32,58
01/24/20 07:50:37,56
01/24/20 07:50:42,56
01/24/20 07:50:47,58
01/24/20 07:50:52,59
01/24/20 07:50:57,60
01/24/20 07:51:12,60
01/24/20 07:51:13,60
01/24/20 07:51:18,62
01/24/20 07:51:23,60
01/24/20 07:51:38,60
01/24/20 07:51:53,59
01/24/20 07:52:08,59
01/24/20 07:52:13,60
01/24/20 07:52:18,61
01/24/20 07:52:23,62
01/24/20 07:52:33,61
01/24/20 07:52:48,60
01/24/20 07:52:53,59
01/24/20 07:53:08,60
01/24/20 07:53:13,61
01/24/20 07:53:18,62
01/24/20 07:53:28,75
01/24/20 07:53:33,85
01/24/20 07:53:43,78
01/24/20 07:53:48,72
01/24/20 07:53:53,66
01/24/20 07:53:58,62
01/24/20 07:54:03,59
01/24/20 07:54:08,58
01/24/20 07:54:23,58
01/24/20 07:54:33,59
01/24/20 07:54:38,59
01/24/20 07:54:43,60
01/24/20 07:54:58,60
01/24/20 07:55:08,59
01/24/20 07:55:23,59
01/24/20 07:55:38,60
01/24/20 07:55:53,60
01/24/20 07:55:58,61
01/24/20 07:56:03,60
01/24/20 07:56:18,60
01/24/20 07:56:23,61
01/24/20 07:56:38,59
01/24/20 07:56:53,59
01/24/20 07:56:58,60
01/24/20 07:57:13,59
01/24/20 07:57:18,59
01/24/20 07:57:28,64
01/24/20 07:57:38,63
01/24/20 07:57:43,61
01/24/20 07:57:48,59
01/24/20 07:58:03,60
01/24/20 07:58:08,59
01/24/20 07:58:23,60
01/24/20 07:58:33,59
01/24/20 07:58:48,58
01/24/20 07:58:58,59
01/24/20 07:59:03,60
01/24/20 07:59:08,61
01/24/20 07:59:18,58
01/24/20 07:59:23,57
01/24/20 07:59:28,58
01/24/20 07:59:33,59
01/24/20 07:59:43,62
01/24/20 07:59:48,65
01/24/20 07:59:53,66
01/24/20 07:59:58,78
01/24/20 08:00:03,85
01/24/20 08:00:08,79
01/24/20 08:00:13,76
01/24/20 08:00:18,69
01/24/20 08:00:23,64
01/24/20 08:00:28,62
01/24/20 08:00:43,62
01/24/20 08:00:53,60
01/24/20 08:01:08,60
01/24/20 08:01:13,60
01/24/20 08:01:28,60
01/24/20 08:01:33,60
01/24/20 08:01:38,59
01/24/20 08:01:53,59
01/24/20 08:01:54,60
01/24/20 08:02:09,59
01/24/20 08:02:14,58
01/24/20 08:02:19,57
01/24/20 08:02:29,58
01/24/20 08:02:34,59
01/24/20 08:02:39,60
01/24/20 08:02:44,61
01/24/20 08:02:59,61
01/24/20 08:03:04,60
01/24/20 08:03:19,61
01/24/20 08:03:29,60
01/24/20 08:03:39,61
01/24/20 08:03:44,59
01/24/20 08:03:49,57
01/24/20 08:03:59,58
01/24/20 08:04:09,59
01/24/20 08:04:14,61
01/24/20 08:04:19,60
01/24/20 08:04:24,61
01/24/20 08:04:29,63
01/24/20 08:04:34,69
01/24/20 08:04:39,70
01/24/20 08:04:44,71
01/24/20 08:04:54,76
01/24/20 08:04:59,95
01/24/20 08:05:04,92
01/24/20 08:05:09,81
01/24/20 08:05:14,76
01/24/20 08:05:19,67
01/24/20 08:05:24,62
01/24/20 08:05:29,60
01/24/20 08:05:34,59
01/24/20 08:05:39,58
01/24/20 08:05:44,60
01/24/20 08:05:49,59
01/24/20 08:05:54,57
01/24/20 08:06:04,58
01/24/20 08:06:14,59
01/24/20 08:06:19,60
01/24/20 08:06:24,62
01/24/20 08:06:29,61
01/24/20 08:06:34,58
01/24/20 08:06:39,57
01/24/20 08:06:54,57
01/24/20 08:07:04,58
01/24/20 08:07:09,59
01/24/20 08:07:19,60
01/24/20 08:07:24,59
01/24/20 08:07:29,58
01/24/20 08:07:34,58
01/24/20 08:07:39,57
01/24/20 08:07:54,58
01/24/20 08:07:59,60
01/24/20 08:08:04,61
01/24/20 08:08:09,61
01/24/20 08:08:14,59
01/24/20 08:08:29,60
01/24/20 08:08:34,61
01/24/20 08:08:39,60
01/24/20 08:08:44,59
01/24/20 08:08:54,60
01/24/20 08:09:04,61
01/24/20 08:09:09,60
01/24/20 08:09:14,59
01/24/20 08:09:19,58
01/24/20 08:09:34,59
01/24/20 08:09:44,58
01/24/20 08:09:49,57
01/24/20 08:10:04,57
01/24/20 08:10:09,59
01/24/20 08:10:19,57
01/24/20 08:10:24,56
01/24/20 08:10:39,56
01/24/20 08:10:49,57
01/24/20 08:10:54,58
01/24/20 08:10:59,60
01/24/20 08:11:04,61
01/24/20 08:11:09,62
01/24/20 08:11:14,63
01/24/20 08:11:19,61
01/24/20 08:11:29,60
01/24/20 08:11:39,61
01/24/20 08:11:44,63
01/24/20 08:11:49,60
01/24/20 08:12:04,61
01/24/20 08:12:09,63
01/24/20 08:12:14,70
01/24/20 08:12:19,72
01/24/20 08:12:24,66
01/24/20 08:12:29,62
01/24/20 08:12:34,60
01/24/20 08:12:39,59
01/24/20 08:12:49,58
01/24/20 08:12:54,57
01/24/20 08:12:59,56
01/24/20 08:13:04,57
01/24/20 08:13:09,58
01/24/20 08:13:14,59
01/24/20 08:13:19,58
01/24/20 08:13:24,56
01/24/20 08:13:29,55
01/24/20 08:13:34,56
01/24/20 08:13:39,57
01/24/20 08:13:44,57
01/24/20 08:13:54,59
01/24/20 08:13:59,60
01/24/20 08:14:04,62
01/24/20 08:14:09,76
01/24/20 08:14:14,77
01/24/20 08:14:19,72
01/24/20 08:14:24,68
01/24/20 08:14:29,64
01/24/20 08:14:34,63
01/24/20 08:14:39,62
01/24/20 08:14:49,63
01/24/20 08:14:54,62
01/24/20 08:15:04,61
01/24/20 08:15:09,59
01/24/20 08:15:14,58
01/24/20 08:15:29,59
01/24/20 08:15:34,60
01/24/20 08:15:44,62
01/24/20 08:15:49,64
01/24/20 08:15:54,65
01/24/20 08:15:59,64
01/24/20 08:16:04,62
01/24/20 08:16:09,61
01/24/20 08:16:19,62
01/24/20 08:16:34,60
01/24/20 08:16:39,59
01/24/20 08:16:54,60
01/24/20 08:17:09,59
01/24/20 08:17:14,58
01/24/20 08:17:24,57
01/24/20 08:17:39,57
01/24/20 08:17:44,58
01/24/20 08:17:49,59
01/24/20 08:17:59,60
01/24/20 08:18:04,59
01/24/20 08:18:14,61
01/24/20 08:18:19,60
01/24/20 08:18:34,61
01/24/20 08:18:39,62
01/24/20 08:18:44,63
01/24/20 08:18:49,64
01/24/20 08:18:59,63
01/24/20 08:19:09,64
01/24/20 08:19:14,65
01/24/20 08:19:19,66
01/24/20 08:19:24,70
01/24/20 08:19:29,71
01/24/20 08:19:34,68
01/24/20 08:19:39,67
01/24/20 08:19:49,66
01/24/20 08:19:59,67
01/24/20 08:20:09,66
01/24/20 08:20:15,67
01/24/20 08:20:25,66
01/24/20 08:20:35,65
01/24/20 08:20:45,66
01/24/20 08:21:00,66
01/24/20 08:21:10,65
01/24/20 08:21:15,67
01/24/20 08:21:20,70
01/24/20 08:21:25,66
01/24/20 08:21:30,64
01/24/20 08:21:35,63
01/24/20 08:21:40,62
01/24/20 08:21:50,63
01/24/20 08:21:55,62
01/24/20 08:22:00,60
01/24/20 08:22:05,61
01/24/20 08:22:10,62
01/24/20 08:22:20,63
01/24/20 08:22:25,84
01/24/20 08:22:30,92
01/24/20 08:22:35,91
01/24/20 08:22:40,90
01/24/20 08:22:45,86
01/24/20 08:22:50,70
01/24/20 08:22:55,63
01/24/20 08:23:00,62
01/24/20 08:23:15,62
01/24/20 08:23:20,61
01/24/20 08:23:25,62
01/24/20 08:23:30,63
01/24/20 08:23:40,62
01/24/20 08:23:55,63
01/24/20 08:24:00,64
01/24/20 08:24:10,65
01/24/20 08:24:15,64
01/24/20 08:24:30,64
01/24/20 08:24:35,65
01/24/20 08:24:40,66
01/24/20 08:24:45,63
01/24/20 08:24:50,61
01/24/20 08:24:55,63
01/24/20 08:25:00,65
01/24/20 08:25:10,66
01/24/20 08:25:20,67
01/24/20 08:25:25,66
01/24/20 08:25:30,63
01/24/20 08:25:35,62
01/24/20 08:25:40,60
01/24/20 08:25:45,59
01/24/20 08:25:50,60
01/24/20 08:25:55,60
01/24/20 08:26:00,61
01/24/20 08:26:05,63
01/24/20 08:26:15,64
01/24/20 08:26:20,65
01/24/20 08:26:25,67
01/24/20 08:26:30,65
01/24/20 08:26:35,64
01/24/20 08:26:40,65
01/24/20 08:26:45,68
01/24/20 08:26:50,69
01/24/20 08:26:55,67
01/24/20 08:27:00,68
01/24/20 08:27:05,69
01/24/20 08:27:10,66
01/24/20 08:27:15,62
01/24/20 08:27:20,61
01/24/20 08:27:30,62
01/24/20 08:27:40,63
01/24/20 08:27:55,63
01/24/20 08:28:00,62
01/24/20 08:28:05,63
01/24/20 08:28:10,65
01/24/20 08:28:25,65
01/24/20 08:28:30,80
01/24/20 08:28:36,77
01/24/20 08:28:41,71
01/24/20 08:28:46,68
01/24/20 08:28:51,63
01/24/20 08:28:56,59
01/24/20 08:29:06,58
01/24/20 08:29:11,57
01/24/20 08:29:26,57
01/24/20 08:29:36,58
01/24/20 08:29:41,58
01/24/20 08:29:51,60
01/24/20 08:29:56,63
01/24/20 08:30:01,64
01/24/20 08:30:06,65
01/24/20 08:30:11,63
01/24/20 08:30:21,62
01/24/20 08:30:26,62
01/24/20 08:30:36,61
01/24/20 08:30:41,60
01/24/20 08:30:46,61
01/24/20 08:30:51,66
01/24/20 08:30:56,69
01/24/20 08:31:06,76
01/24/20 08:31:11,79
01/24/20 08:31:16,75
01/24/20 08:31:21,71
01/24/20 08:31:26,68
01/24/20 08:31:31,66
01/24/20 08:31:36,64
01/24/20 08:31:51,65
01/24/20 08:32:01,66
01/24/20 08:32:06,68
01/24/20 08:32:16,67
01/24/20 08:32:21,65
01/24/20 08:32:26,63
01/24/20 08:32:36,62
01/24/20 08:32:41,63
01/24/20 08:32:46,67
01/24/20 08:32:51,66
01/24/20 08:32:56,64
01/24/20 08:33:01,62
01/24/20 08:33:06,61
01/24/20 08:33:16,62
01/24/20 08:33:31,62
01/24/20 08:33:36,61
01/24/20 08:33:41,60
01/24/20 08:33:46,59
01/24/20 08:34:01,58
01/24/20 08:34:11,57
01/24/20 08:34:21,59
01/24/20 08:34:36,61
01/24/20 08:34:41,63
01/24/20 08:34:46,64
01/24/20 08:34:51,66
01/24/20 08:34:56,65
01/24/20 08:35:01,66
01/24/20 08:35:06,65
01/24/20 08:35:11,63
01/24/20 08:35:16,62
01/24/20 08:35:21,59
01/24/20 08:35:26,57
01/24/20 08:35:36,58
01/24/20 08:35:41,59
01/24/20 08:35:46,60
01/24/20 08:36:01,61
01/24/20 08:36:06,60
01/24/20 08:36:11,58
01/24/20 08:36:16,57
01/24/20 08:36:31,59
01/24/20 08:36:36,60
01/24/20 08:36:41,59
01/24/20 08:36:46,62
01/24/20 08:36:51,61
01/24/20 08:36:56,60
01/24/20 08:37:01,59
01/24/20 08:37:11,58
01/24/20 08:37:16,57
01/24/20 08:37:21,56
01/24/20 08:37:36,57
01/24/20 08:37:41,59
01/24/20 08:37:46,81
01/24/20 08:37:51,82
01/24/20 08:37:56,73
01/24/20 08:38:01,66
01/24/20 08:38:06,63
01/24/20 08:38:11,61
01/24/20 08:38:16,60
01/24/20 08:38:31,59
01/24/20 08:38:36,57
01/24/20 08:38:46,56
01/24/20 08:38:51,56
01/24/20 08:38:56,57
01/24/20 08:39:06,60
01/24/20 08:39:11,62
01/24/20 08:39:21,61
01/24/20 08:39:31,62
01/24/20 08:39:36,64
01/24/20 08:39:41,65
01/24/20 08:39:56,66
01/24/20 08:40:11,66
01/24/20 08:40:16,67
01/24/20 08:40:21,79
01/24/20 08:40:26,84
01/24/20 08:40:31,85
01/24/20 08:40:36,86
01/24/20 08:40:41,88
01/24/20 08:40:46,88
01/24/20 08:40:51,87
01/24/20 08:41:01,83
01/24/20 08:41:06,77
01/24/20 08:41:11,74
01/24/20 08:41:16,73
01/24/20 08:41:21,73
01/24/20 08:41:36,73
01/24/20 08:41:41,74
01/24/20 08:41:51,73
01/24/20 08:41:56,73
01/24/20 08:42:11,74
01/24/20 08:42:16,75
01/24/20 08:42:31,75
01/24/20 08:42:36,76
01/24/20 08:42:46,75
01/24/20 08:43:01,75
01/24/20 08:43:11,76
01/24/20 08:43:16,75
01/24/20 08:43:31,75
01/24/20 08:43:36,75
01/24/20 08:43:41,77
01/24/20 08:43:46,78
01/24/20 08:43:56,80
01/24/20 08:44:01,79
01/24/20 08:44:06,78
01/24/20 08:44:11,78
01/24/20 08:44:16,76
01/24/20 08:44:21,73
01/24/20 08:44:26,71
01/24/20 08:44:31,70
01/24/20 08:44:36,69
01/24/20 08:44:46,68
01/24/20 08:44:51,70
01/24/20 08:44:56,71
01/24/20 08:45:01,72
01/24/20 08:45:06,71
01/24/20 08:45:11,70
01/24/20 08:45:16,69
01/24/20 08:45:21,70
01/24/20 08:45:26,74
01/24/20 08:45:36,73
01/24/20 08:45:46,75
01/24/20 08:45:51,76
01/24/20 08:45:56,77
01/24/20 08:46:01,81
01/24/20 08:46:06,81
01/24/20 08:46:11,82
01/24/20 08:46:16,85
01/24/20 08:46:21,81
01/24/20 08:46:26,76
01/24/20 08:46:36,75
01/24/20 08:46:41,74
01/24/20 08:46:46,74
01/24/20 08:46:51,72
01/24/20 08:46:56,71
01/24/20 08:47:01,72
01/24/20 08:47:06,74
01/24/20 08:47:21,74
01/24/20 08:47:26,75
01/24/20 08:47:31,76
01/24/20 08:47:36,78
01/24/20 08:47:51,78
01/24/20 08:47:56,79
01/24/20 08:48:06,80
01/24/20 08:48:11,80
01/24/20 08:48:16,75
01/24/20 08:48:21,74
01/24/20 08:48:36,74
01/24/20 08:48:51,74
01/24/20 08:48:56,72
01/24/20 08:49:11,71
01/24/20 08:49:26,71
01/24/20 08:49:41,71
01/24/20 08:49:46,71
01/24/20 08:49:51,70
01/24/20 08:50:06,70
01/24/20 08:50:21,70
01/24/20 08:50:31,71
01/24/20 08:50:46,73
01/24/20 08:50:51,74
01/24/20 08:51:06,74
01/24/20 08:51:11,73
01/24/20 08:51:16,71
01/24/20 08:51:26,78
01/24/20 08:51:31,77
01/24/20 08:51:36,76
01/24/20 08:51:41,77
01/24/20 08:51:56,77
01/24/20 08:52:01,77
01/24/20 08:52:06,78
01/24/20 08:52:11,79
01/24/20 08:52:26,78
01/24/20 08:52:36,76
01/24/20 08:52:41,72
01/24/20 08:52:46,70
01/24/20 08:52:56,71
01/24/20 08:53:01,72
01/24/20 08:53:06,71
01/24/20 08:53:11,69
01/24/20 08:53:16,68
01/24/20 08:53:21,69
01/24/20 08:53:26,70
01/24/20 08:53:31,71
01/24/20 08:53:36,72
01/24/20 08:53:51,73
01/24/20 08:53:56,74
01/24/20 08:54:01,75
01/24/20 08:54:06,76
01/24/20 08:54:21,76
01/24/20 08:54:36,75
01/24/20 08:54:41,74
01/24/20 08:54:46,75
01/24/20 08:55:01,76
01/24/20 08:55:06,75
01/24/20 08:55:11,73
01/24/20 08:55:16,68
01/24/20 08:55:21,66
01/24/20 08:55:31,68
01/24/20 08:55:41,69
01/24/20 08:55:46,69
01/24/20 08:56:01,69
01/24/20 08:56:06,68
01/24/20 08:56:16,67
01/24/20 08:56:21,63
01/24/20 08:56:26,62
01/24/20 08:56:31,63
01/24/20 08:56:36,67
01/24/20 08:56:41,73
01/24/20 08:56:46,74
01/24/20 08:57:01,73
01/24/20 08:57:16,74
01/24/20 08:57:21,75
01/24/20 08:57:26,74
01/24/20 08:57:31,74
01/24/20 08:57:41,73
01/24/20 08:57:56,74
01/24/20 08:58:01,75
01/24/20 08:58:06,75
01/24/20 08:58:16,76
01/24/20 08:58:26,75
01/24/20 08:58:31,76
01/24/20 08:58:46,74
01/24/20 08:58:51,72
01/24/20 08:58:56,73
01/24/20 08:59:06,72
01/24/20 08:59:11,71
01/24/20 08:59:26,71
01/24/20 08:59:31,72
01/24/20 08:59:46,72
01/24/20 09:00:01,72
01/24/20 09:00:16,72
01/24/20 09:00:26,73
01/24/20 09:00:41,73
01/24/20 09:00:51,72
01/24/20 09:01:06,72
01/24/20 09:01:11,72
01/24/20 09:01:26,72
01/24/20 09:01:31,70
01/24/20 09:01:36,70
01/24/20 09:01:42,70
01/24/20 09:01:57,70
01/24/20 09:02:02,71
01/24/20 09:02:07,72
01/24/20 09:02:12,70
01/24/20 09:02:27,71
01/24/20 09:02:42,70
01/24/20 09:02:52,71
01/24/20 09:03:07,71
01/24/20 09:03:12,74
01/24/20 09:03:17,80
01/24/20 09:03:32,80
01/24/20 09:03:42,79
01/24/20 09:03:47,78
01/24/20 09:04:02,78
01/24/20 09:04:12,79
01/24/20 09:04:17,78
01/24/20 09:04:22,77
01/24/20 09:04:27,75
01/24/20 09:04:32,71
01/24/20 09:04:37,69
01/24/20 09:04:42,70
01/24/20 09:04:47,69
01/24/20 09:04:57,68
01/24/20 09:05:07,68
01/24/20 09:05:12,69
01/24/20 09:05:17,71
01/24/20 09:05:22,73
01/24/20 09:05:32,72
01/24/20 09:05:37,71
01/24/20 09:05:52,72
01/24/20 09:06:07,73
01/24/20 09:06:12,72
01/24/20 09:06:17,71
01/24/20 09:06:32,71
01/24/20 09:06:37,69
01/24/20 09:06:47,70
01/24/20 09:06:52,71
01/24/20 09:07:07,74
01/24/20 09:07:12,81
01/24/20 09:07:17,81
01/24/20 09:07:32,81
01/24/20 09:07:42,79
01/24/20 09:07:47,78
01/24/20 09:07:57,75
01/24/20 09:08:02,73
01/24/20 09:08:07,73
01/24/20 09:08:22,73
01/24/20 09:08:32,74
01/24/20 09:08:42,73
01/24/20 09:08:47,74
01/24/20 09:08:52,77
01/24/20 09:08:57,78
01/24/20 09:09:02,76
01/24/20 09:09:07,72
01/24/20 09:09:22,72
01/24/20 09:09:27,68
01/24/20 09:09:32,68
01/24/20 09:09:42,69
01/24/20 09:09:47,68
01/24/20 09:09:52,67
01/24/20 09:10:07,67
01/24/20 09:10:12,69
01/24/20 09:10:17,82
01/24/20 09:10:22,86
01/24/20 09:10:32,85
01/24/20 09:10:37,83
01/24/20 09:10:42,79
01/24/20 09:10:47,81
01/24/20 09:10:52,79
01/24/20 09:10:57,75
01/24/20 09:11:02,76
01/24/20 09:11:07,76
01/24/20 09:11:12,74
01/24/20 09:11:17,74
01/24/20 09:11:32,74
01/24/20 09:11:37,74
01/24/20 09:11:42,73
01/24/20 09:11:52,71
01/24/20 09:12:00,70
01/24/20 09:12:05,69
01/24/20 09:12:15,68
01/24/20 09:12:20,69
01/24/20 09:12:30,69
01/24/20 09:12:45,69
01/24/20 09:12:50,70
01/24/20 09:13:05,71
01/24/20 09:13:15,70
01/24/20 09:13:30,70
01/24/20 09:13:35,76
01/24/20 09:13:40,80
01/24/20 09:13:45,75
01/24/20 09:13:50,73
01/24/20 09:13:55,69
01/24/20 09:14:10,69
01/24/20 09:14:20,67
01/24/20 09:14:25,69
01/24/20 09:14:35,70
01/24/20 09:14:40,71
01/24/20 09:14:55,71
01/24/20 09:15:10,74
01/24/20 09:15:15,78
01/24/20 09:15:20,78
01/24/20 09:15:35,78
01/24/20 09:15:50,78
01/24/20 09:16:05,79
01/24/20 09:16:10,79
01/24/20 09:16:15,78
01/24/20 09:16:30,78
01/24/20 09:16:35,77
01/24/20 09:16:40,75
01/24/20 09:16:50,74
01/24/20 09:17:05,74
01/24/20 09:17:20,74
01/24/20 09:17:35,73
01/24/20 09:17:50,73
01/24/20 09:18:05,73
01/24/20 09:18:10,74
01/24/20 09:18:25,74
01/24/20 09:18:40,74
01/24/20 09:18:45,75
01/24/20 09:18:55,76
01/24/20 09:19:05,77
01/24/20 09:19:10,79
01/24/20 09:19:25,80
01/24/20 09:19:35,80
01/24/20 09:19:40,79
01/24/20 09:19:45,79
01/24/20 09:19:50,79
01/24/20 09:20:00,83
01/24/20 09:20:05,82
01/24/20 09:20:10,82
01/24/20 09:20:25,82
01/24/20 09:20:30,82
01/24/20 09:20:40,81
01/24/20 09:20:55,81
01/24/20 09:21:10,80
01/24/20 09:21:25,79
01/24/20 09:21:40,79
01/24/20 09:21:45,78
01/24/20 09:22:00,78
01/24/20 09:22:10,71
01/24/20 09:22:15,67
01/24/20 09:22:25,68
01/24/20 09:22:30,71
01/24/20 09:22:40,73
01/24/20 09:22:45,74
01/24/20 09:22:55,75
01/24/20 09:23:00,76
01/24/20 09:23:10,77
01/24/20 09:23:15,78
01/24/20 09:23:30,78
01/24/20 09:23:40,76
01/24/20 09:23:45,74
01/24/20 09:23:55,70
01/24/20 09:24:00,67
01/24/20 09:24:05,69
01/24/20 09:24:10,69
01/24/20 09:24:25,69
01/24/20 09:24:30,70
01/24/20 09:24:36,70
01/24/20 09:24:46,70
01/24/20 09:25:01,70
01/24/20 09:25:16,70
01/24/20 09:25:31,70
01/24/20 09:25:46,70
01/24/20 09:25:51,71
01/24/20 09:26:06,71
01/24/20 09:26:21,71
01/24/20 09:26:36,71
01/24/20 09:29:01,71
01/24/20 09:29:16,71
01/24/20 09:29:21,73
01/24/20 09:29:26,71
01/24/20 09:29:31,70
01/24/20 12:55:00,70
01/24/20 12:55:13,77
01/24/20 12:55:18,90
01/24/20 12:55:33,90
01/24/20 12:55:48,90
01/24/20 12:56:03,90
01/24/20 12:56:18,90
01/24/20 12:56:28,89
01/24/20 12:56:33,88
01/24/20 12:56:38,85
01/24/20 12:56:43,81
01/24/20 12:56:48,78
01/24/20 12:56:53,75
01/24/20 12:57:08,75
01/24/20 13:03:48,70
01/24/20 13:03:58,72
01/24/20 13:09:43,70
01/24/20 13:09:53,96
01/24/20 13:09:58,103
01/24/20 13:21:03,70
01/24/20 13:21:08,70
01/24/20 13:21:22,70
01/24/20 13:21:32,88
01/24/20 13:21:58,70
01/24/20 13:22:08,92
01/24/20 13:22:13,96
01/24/20 13:22:18,90
01/24/20 13:22:23,89
01/24/20 13:22:28,86
01/24/20 13:41:52,70
01/24/20 13:42:02,83
01/24/20 13:42:07,117
01/24/20 13:42:12,120
01/24/20 13:42:17,119
01/24/20 13:42:22,117
01/24/20 13:42:27,116
01/24/20 13:42:32,112
01/24/20 13:42:37,107
01/24/20 13:43:04,70
01/24/20 13:43:14,74
01/24/20 13:43:28,76
01/24/20 13:43:33,74
01/24/20 13:44:29,70
01/24/20 13:45:17,70
01/24/20 13:45:28,77
01/24/20 13:45:50,90
01/24/20 13:46:00,88
01/24/20 13:46:05,88
01/24/20 13:46:10,90
01/24/20 13:46:15,92
01/24/20 13:46:20,90
01/24/20 13:46:34,86
01/24/20 13:46:39,86
01/24/20 13:46:44,90
01/24/20 13:46:49,92
01/24/20 13:46:54,89
01/24/20 13:46:59,88
01/24/20 13:47:04,86
01/24/20 13:47:09,85
01/24/20 13:47:14,83
01/24/20 13:47:24,82
01/24/20 13:47:29,81
01/24/20 13:47:39,82
01/24/20 13:47:44,81
01/24/20 13:48:21,70
01/24/20 13:48:31,69
01/24/20 13:48:36,68
01/24/20 13:48:41,66
01/24/20 13:48:46,69
01/24/20 13:48:51,72
01/24/20 13:48:56,73
01/24/20 13:49:01,74
01/24/20 13:49:06,75
01/24/20 13:49:16,75
01/24/20 13:49:21,76
01/24/20 13:49:26,78
01/24/20 13:49:41,79
01/24/20 13:49:46,78
01/24/20 13:49:51,77
01/24/20 13:49:56,78
01/24/20 13:50:01,79
01/24/20 13:50:11,77
01/24/20 13:50:16,76
01/24/20 13:50:21,75
01/24/20 13:50:31,74
01/24/20 13:50:36,75
01/24/20 13:50:41,74
01/24/20 13:50:46,73
01/24/20 13:50:56,75
01/24/20 13:51:01,75
01/24/20 13:51:06,74
01/24/20 13:51:11,74
01/24/20 13:51:21,76
01/24/20 13:51:36,76
01/24/20 13:51:51,76
01/24/20 13:52:01,74
01/24/20 13:52:11,75
01/24/20 13:52:21,74
01/24/20 13:52:26,73
01/24/20 13:52:31,73
01/24/20 13:52:36,74
01/24/20 13:52:41,75
01/24/20 13:52:51,75
01/24/20 13:52:56,76
01/24/20 13:53:01,77
01/24/20 13:53:16,77
01/24/20 13:53:26,78
01/24/20 13:55:08,70
01/24/20 13:55:13,76
01/24/20 13:55:18,69
01/24/20 13:55:28,73
01/24/20 13:55:33,76
01/24/20 13:55:48,75
01/24/20 13:55:53,73
01/24/20 13:55:58,72
01/24/20 13:56:08,73
01/24/20 13:56:13,74
01/24/20 13:56:18,75
01/24/20 13:56:23,76
01/24/20 13:56:28,77
01/24/20 13:56:33,76
01/24/20 13:56:38,75
01/24/20 13:56:48,76
01/24/20 13:56:53,75
01/24/20 13:56:58,74
01/24/20 13:57:13,74
01/24/20 13:57:23,75
01/24/20 13:57:38,74
01/24/20 13:57:43,75
01/24/20 13:58:01,76
01/24/20 13:58:53,70
01/24/20 13:59:06,72
01/24/20 13:59:11,77
01/24/20 13:59:16,78
01/24/20 13:59:26,81
01/24/20 13:59:31,77
01/24/20 13:59:36,74
01/24/20 14:00:14,70
01/24/20 14:00:39,70
01/24/20 14:00:49,68
01/24/20 14:00:54,70
01/24/20 14:01:21,70
01/24/20 14:01:36,72
01/24/20 14:01:41,73
01/24/20 14:01:46,68
01/24/20 14:01:51,67
01/24/20 14:03:12,70
01/24/20 14:03:22,78
01/24/20 14:03:27,82
01/24/20 14:03:32,78
01/24/20 14:03:37,77
01/24/20 14:03:47,78
01/24/20 14:03:52,79
01/24/20 14:04:02,77
01/24/20 14:04:07,76
01/24/20 14:04:12,77
01/24/20 14:04:22,76
01/24/20 14:04:27,74
01/24/20 14:04:39,73
01/24/20 14:04:49,75
01/24/20 14:04:54,76
01/24/20 14:04:59,75
01/24/20 14:05:19,74
01/24/20 14:05:29,74
01/24/20 14:05:34,75
01/24/20 14:05:39,76
01/24/20 14:05:44,78
01/24/20 14:05:49,79
01/24/20 14:05:54,81
01/24/20 14:05:59,83
01/24/20 14:06:04,84
01/24/20 14:06:09,86
01/24/20 14:06:14,89
01/24/20 14:06:19,92
01/24/20 14:06:24,89
01/24/20 14:06:34,91
01/24/20 14:06:39,93
01/24/20 14:06:44,96
01/24/20 14:06:49,105
01/24/20 14:06:54,110
01/24/20 14:06:59,112
01/24/20 14:07:09,113
01/24/20 14:07:14,115
01/24/20 14:07:19,117
01/24/20 14:07:24,120
01/24/20 14:07:29,125
01/24/20 14:07:34,126
01/24/20 14:07:39,122
01/24/20 14:07:44,119
01/24/20 14:07:49,120
01/24/20 14:07:54,119
01/24/20 14:07:59,120
01/24/20 14:08:09,121
01/24/20 14:08:14,126
01/24/20 14:08:19,125
01/24/20 14:08:24,126
01/24/20 14:08:29,132
01/24/20 14:08:42,132
01/24/20 14:08:47,127
01/24/20 14:08:52,121
01/24/20 14:09:02,122
01/24/20 14:09:12,127
01/24/20 14:09:17,131
01/24/20 14:09:22,132
01/24/20 14:09:27,129
01/24/20 14:09:32,123
01/24/20 14:09:37,118
01/24/20 14:09:49,119
01/24/20 14:10:09,111
01/24/20 14:10:27,70
01/24/20 14:10:54,70
01/24/20 14:11:09,71
01/24/20 14:11:14,79
01/24/20 14:11:19,77
01/24/20 14:11:53,75
01/24/20 14:12:06,71
01/24/20 14:12:50,70
01/24/20 14:13:00,65
01/24/20 14:13:05,69
01/24/20 14:13:15,68
01/24/20 14:13:20,69
01/24/20 14:13:39,71
01/24/20 14:13:44,72
01/24/20 14:14:12,73
01/24/20 14:14:17,75
01/24/20 14:14:22,74
01/24/20 14:14:45,73
01/24/20 14:14:50,74
01/24/20 14:15:23,70
01/24/20 14:15:55,70
01/24/20 14:16:07,69
01/24/20 14:16:19,66
01/24/20 14:16:27,65
01/24/20 14:16:32,67
01/24/20 14:16:37,69
01/24/20 14:16:42,72
01/24/20 14:16:47,73
01/24/20 14:16:52,74
01/24/20 14:16:57,75
01/24/20 14:17:02,74
01/24/20 14:17:07,75
01/24/20 14:17:17,73
01/24/20 14:17:22,74
01/24/20 14:18:13,70
01/24/20 14:18:23,70
01/24/20 14:18:33,73
01/24/20 14:18:46,73
01/24/20 14:18:51,71
01/24/20 14:19:03,75
01/24/20 14:19:14,74
01/24/20 14:20:13,70
01/24/20 14:20:30,81
01/24/20 14:20:35,104
01/24/20 14:20:40,98
01/24/20 14:20:45,104
01/24/20 14:20:50,101
01/24/20 14:20:55,102
01/24/20 14:21:00,102
01/24/20 14:21:05,101
01/24/20 14:21:10,98
01/24/20 14:21:20,100
01/24/20 14:21:25,104
01/24/20 14:21:30,102
01/24/20 14:21:35,97
01/24/20 14:21:40,94
01/24/20 14:21:45,95
01/24/20 14:22:10,70
01/24/20 14:22:31,70
01/24/20 14:23:24,70
01/24/20 14:24:02,70
01/24/20 14:24:07,72
01/24/20 14:24:12,71
01/24/20 14:24:17,75
01/24/20 14:24:22,78
01/24/20 14:24:27,82
01/24/20 14:24:32,84
01/24/20 14:24:42,86
01/24/20 14:24:47,87
01/24/20 14:24:52,91
01/24/20 14:24:57,92
01/24/20 14:25:02,95
01/24/20 14:25:07,97
01/24/20 14:25:12,100
01/24/20 14:25:17,103
01/24/20 14:25:22,105
01/24/20 14:25:27,103
01/24/20 14:25:32,113
01/24/20 14:25:37,119
01/24/20 14:25:42,123
01/24/20 14:25:55,115
01/24/20 14:26:00,110
01/24/20 14:26:05,109
01/24/20 14:27:11,70
01/24/20 14:27:29,85
01/24/20 14:27:39,85
01/24/20 14:27:44,86
01/24/20 14:28:17,70
01/24/20 14:28:27,67
01/24/20 14:28:32,68
01/24/20 14:28:37,75
01/24/20 14:28:42,78
01/24/20 14:28:47,79
01/24/20 14:28:57,78
01/24/20 14:29:02,76
01/24/20 14:29:07,75
01/24/20 14:29:12,76
01/24/20 14:29:22,77
01/24/20 14:29:31,77
01/24/20 14:29:36,76
01/24/20 14:29:45,77
01/24/20 14:30:31,70
01/24/20 14:30:41,71
01/24/20 14:30:46,70
01/24/20 14:30:56,67
01/24/20 14:31:01,69
01/24/20 14:31:06,70
01/24/20 14:31:16,72
01/24/20 14:31:21,71
01/24/20 14:31:31,70
01/24/20 14:31:41,69
01/24/20 14:31:46,68
01/24/20 14:31:51,69
01/24/20 14:31:56,71
01/24/20 14:32:01,72
01/24/20 14:32:06,73
01/24/20 14:32:11,75
01/24/20 14:32:26,75
01/24/20 14:32:36,76
01/24/20 14:32:41,77
01/24/20 14:32:51,79
01/24/20 14:32:56,95
01/24/20 14:33:01,108
01/24/20 14:33:06,108
01/24/20 14:33:16,110
01/24/20 14:33:21,111
01/24/20 14:33:26,110
01/24/20 14:33:31,108
01/24/20 14:33:36,107
01/24/20 14:33:46,110
01/24/20 14:33:51,112
01/24/20 14:33:56,114
01/24/20 14:34:01,116
01/24/20 14:34:11,119
01/24/20 14:34:16,120
01/24/20 14:34:21,119
01/24/20 14:34:26,118
01/24/20 14:34:31,119
01/24/20 14:34:36,121
01/24/20 14:34:46,124
01/24/20 14:34:51,126
01/24/20 14:34:56,124
01/24/20 14:35:01,123
01/24/20 14:35:06,124
01/24/20 14:35:16,125
01/24/20 14:35:21,127
01/24/20 14:35:31,126
01/24/20 14:35:36,123
01/24/20 14:35:41,117
01/24/20 14:35:51,119
01/24/20 14:35:56,121
01/24/20 14:36:01,123
01/24/20 14:36:07,121
01/24/20 14:36:12,119
01/24/20 14:36:17,118
01/24/20 14:36:27,119
01/24/20 14:36:42,120
01/24/20 14:36:47,121
01/24/20 14:36:57,122
01/24/20 14:37:02,119
01/24/20 14:37:07,118
01/24/20 14:37:12,119
01/24/20 14:37:22,117
01/24/20 14:37:32,118
01/24/20 14:37:37,117
01/24/20 14:37:47,115
01/24/20 14:37:52,117
01/24/20 14:38:07,117
01/24/20 14:38:17,116
01/24/20 14:38:22,115
01/24/20 14:38:27,112
01/24/20 14:38:32,110
01/24/20 14:38:37,108
01/24/20 14:38:42,106
01/24/20 14:38:47,110
01/24/20 14:38:52,112
01/24/20 14:38:57,115
01/24/20 14:39:02,116
01/24/20 14:39:07,115
01/24/20 14:39:21,119
01/24/20 14:39:26,120
01/24/20 14:39:31,125
01/24/20 14:39:36,128
01/24/20 14:39:41,131
01/24/20 14:39:51,129
01/24/20 14:41:09,70
01/24/20 14:41:19,88
01/24/20 14:41:24,94
01/24/20 14:41:29,99
01/24/20 14:41:34,103
01/24/20 14:41:39,102
01/24/20 14:41:44,99
01/24/20 14:41:59,97
01/24/20 14:42:04,94
01/24/20 14:42:31,70
01/24/20 14:42:53,79
01/24/20 14:42:58,80
01/24/20 14:43:03,79
01/24/20 14:43:13,84
01/24/20 14:43:18,87
01/24/20 14:43:23,91
01/24/20 14:43:38,91
01/24/20 14:43:48,92
01/24/20 14:43:53,95
01/24/20 14:43:58,94
01/24/20 14:44:03,95
01/24/20 14:44:08,100
01/24/20 14:44:13,103
01/24/20 14:44:18,105
01/24/20 14:44:23,108
01/24/20 14:44:28,110
01/24/20 14:44:33,111
01/24/20 14:44:38,110
01/24/20 14:44:43,111
01/24/20 14:44:48,113
01/24/20 14:45:03,113
01/24/20 14:45:18,113
01/24/20 14:45:23,111
01/24/20 14:45:28,109
01/24/20 14:45:38,110
01/24/20 14:45:43,111
01/24/20 14:45:48,113
01/24/20 14:45:53,107
01/24/20 14:45:58,104
01/24/20 14:46:08,106
01/24/20 14:46:13,108
01/24/20 14:46:18,109
01/24/20 14:46:23,109
01/24/20 14:46:28,110
01/24/20 14:46:38,111
01/24/20 14:46:53,115
01/24/20 14:47:03,113
01/24/20 14:47:08,112
01/24/20 14:47:13,115
01/24/20 14:47:18,119
01/24/20 14:47:23,120
01/24/20 14:47:28,116
01/24/20 14:47:33,114
01/24/20 14:47:38,112
01/24/20 14:47:43,113
01/24/20 14:47:58,110
01/24/20 14:48:03,111
01/24/20 14:48:08,110
01/24/20 14:48:23,109
01/24/20 14:48:28,102
01/24/20 15:51:36,70
01/24/20 15:51:46,82
01/24/20 15:51:51,87
01/24/20 15:51:56,84
01/24/20 15:54:25,70
01/24/20 15:54:35,70
01/24/20 15:54:40,71
01/24/20 15:54:45,70
01/24/20 15:55:51,70
01/24/20 15:56:17,70
01/24/20 16:06:01,70
01/24/20 16:06:34,70
01/24/20 16:06:44,65
01/24/20 16:07:46,70
01/24/20 16:08:14,70
01/24/20 16:08:29,70
01/24/20 16:48:30,70
01/24/20 16:48:40,76
01/24/20 16:48:45,84
01/24/20 16:48:50,81
01/24/20 16:48:55,83
01/24/20 16:49:00,85
01/24/20 16:49:05,93
01/24/20 16:49:10,95
01/24/20 16:49:15,92
01/24/20 16:49:20,90
01/24/20 16:49:25,89
01/24/20 16:49:35,88
01/24/20 16:49:40,87
01/24/20 16:49:45,86
01/24/20 16:51:56,70
01/24/20 16:57:04,70
01/24/20 16:57:14,80
01/24/20 16:57:19,106
01/24/20 16:57:24,107
01/24/20 16:57:29,99
01/24/20 16:57:34,90
01/24/20 18:59:48,70
01/24/20 19:00:03,70
01/24/20 19:00:08,70
01/24/20 19:00:13,74
01/24/20 19:00:18,78
01/24/20 19:00:23,80
01/24/20 19:00:38,80
01/24/20 19:00:48,79
01/24/20 20:35:55,70
01/24/20 20:50:18,70
01/24/20 20:55:04,70
01/24/20 20:57:38,70
01/24/20 20:57:48,84
01/24/20 20:57:53,92
01/24/20 20:58:03,91
01/24/20 20:58:20,93
01/24/20 21:21:52,70
01/24/20 21:22:00,70
01/24/20 21:22:10,73
01/24/20 21:22:15,77
01/24/20 21:22:20,74
01/24/20 21:22:25,76
01/24/20 21:22:35,75
01/24/20 21:22:45,76
01/24/20 21:40:29,70
01/24/20 22:10:14,70
01/24/20 22:10:29,75
01/24/20 22:11:52,70
01/24/20 22:13:39,70
01/24/20 22:13:54,70
01/24/20 22:13:59,67
01/24/20 22:30:31,70
01/24/20 22:31:34,70
01/24/20 22:32:24,70
01/24/20 22:32:51,70
01/24/20 22:33:06,73
01/24/20 22:33:26,73
01/24/20 22:33:31,77
01/24/20 22:33:36,76
01/24/20 22:33:41,77
01/24/20 22:33:46,79
01/24/20 22:33:51,77
01/24/20 22:33:56,75
01/24/20 22:35:11,70
01/24/20 22:35:26,70
01/24/20 22:35:31,76
01/24/20 22:35:36,80
01/24/20 22:35:41,81
01/24/20 22:35:56,81
01/24/20 22:36:01,85
01/24/20 22:36:06,86
01/24/20 22:36:11,85
01/24/20 22:36:16,83
01/24/20 22:36:21,81
01/24/20 22:36:26,82
01/24/20 22:36:31,83
01/24/20 22:36:36,84
01/24/20 22:36:41,85
01/24/20 22:36:51,85
01/24/20 22:36:56,84
01/24/20 22:37:01,83
01/24/20 22:37:11,84
01/24/20 22:37:21,86
01/24/20 22:37:31,87
01/24/20 22:37:41,86
01/24/20 22:37:51,85
01/24/20 22:37:56,85
01/24/20 22:38:01,86
01/24/20 22:38:16,85
01/24/20 22:38:31,85
01/24/20 22:38:36,85
01/24/20 22:38:41,86
01/24/20 22:38:46,87
01/24/20 22:38:51,88
01/24/20 22:38:56,89
01/24/20 22:39:11,88
01/24/20 22:39:26,88
01/24/20 22:39:41,88
01/24/20 22:39:51,87
01/24/20 22:39:56,86
01/24/20 22:40:06,85
01/24/20 22:40:11,84
01/24/20 22:40:16,82
01/24/20 22:40:21,80
01/24/20 22:40:31,81
01/24/20 22:40:36,80
01/24/20 22:40:41,78
01/24/20 22:40:56,78
01/24/20 22:41:01,77
01/24/20 22:41:06,75
01/24/20 22:41:11,74
01/24/20 22:41:26,75
01/24/20 22:41:31,77
01/24/20 22:41:36,81
01/24/20 22:41:46,82
01/24/20 22:41:51,83
01/24/20 22:41:56,82
01/24/20 22:42:01,81
01/24/20 22:42:06,82
01/24/20 22:42:11,81
01/24/20 22:42:16,79
01/24/20 22:42:21,78
01/24/20 22:42:26,80
01/24/20 22:42:31,81
01/24/20 22:42:36,82
01/24/20 22:42:51,83
01/24/20 22:43:06,83
01/24/20 22:43:11,84
01/24/20 22:43:16,86
01/24/20 22:43:31,85
01/24/20 22:43:41,84
01/24/20 22:43:46,85
01/24/20 22:43:51,83
01/24/20 22:43:56,82
01/24/20 22:44:01,83
01/24/20 22:44:11,82
01/24/20 22:44:26,81
01/24/20 22:44:31,80
01/24/20 22:44:36,81
01/24/20 22:44:41,82
01/24/20 22:44:56,82
01/24/20 22:45:01,81
01/24/20 22:45:06,77
01/24/20 22:45:21,77
01/24/20 22:45:26,77
01/24/20 22:45:31,78
01/24/20 22:45:41,77
01/24/20 22:45:46,76
01/24/20 22:45:51,78
01/24/20 22:46:06,79
01/24/20 22:46:16,78
01/24/20 22:46:26,79
01/24/20 22:46:31,80
01/24/20 22:46:41,91
01/24/20 22:46:46,104
01/24/20 22:46:51,105
01/24/20 22:46:56,105
01/24/20 22:47:01,106
01/24/20 22:47:06,107
01/24/20 22:47:11,106
01/24/20 22:47:21,107
01/24/20 22:47:31,105
01/24/20 22:47:41,104
01/24/20 22:47:46,103
01/24/20 22:47:51,102
01/24/20 22:48:01,101
01/24/20 22:48:06,97
01/24/20 22:48:11,98
01/24/20 22:48:16,99
01/24/20 22:48:21,100
01/24/20 22:48:26,99
01/24/20 22:48:31,100
01/24/20 22:48:36,102
01/24/20 22:48:41,101
01/24/20 22:48:46,100
01/24/20 22:48:51,98
01/24/20 22:48:56,97
01/24/20 22:49:06,99
01/24/20 22:49:16,100
01/24/20 22:49:26,103
01/24/20 22:49:31,104
01/24/20 22:49:36,107
01/24/20 22:49:41,109
01/24/20 22:49:51,111
01/24/20 22:49:56,110
01/24/20 22:50:06,108
01/24/20 22:50:11,104
01/24/20 22:50:16,102
01/24/20 22:50:21,103
01/24/20 22:50:26,106
01/24/20 22:50:31,103
01/24/20 22:50:36,100
01/24/20 22:50:41,98
01/24/20 22:50:51,100
01/24/20 22:50:56,98
01/24/20 22:51:01,96
01/24/20 22:51:06,93
01/24/20 22:51:11,90
01/24/20 22:51:16,89
01/24/20 22:51:21,87
01/24/20 22:51:26,84
01/24/20 22:51:36,83
01/24/20 22:51:41,84
01/24/20 22:51:46,86
01/24/20 22:52:01,86
01/24/20 22:52:06,85
01/24/20 22:52:11,82
01/24/20 22:52:16,81
01/24/20 22:52:31,81
01/24/20 22:52:41,83
01/24/20 22:52:46,82
01/24/20 22:52:51,85
01/24/20 22:52:56,88
01/24/20 22:53:01,90
01/24/20 22:53:06,91
01/24/20 22:53:11,92
01/24/20 22:53:26,92
01/24/20 22:53:41,94
01/24/20 22:53:46,96
01/24/20 22:53:51,95
01/24/20 22:53:57,93
01/24/20 22:54:07,95
01/24/20 22:54:22,95
01/24/20 22:54:32,96
01/24/20 22:54:47,95
01/24/20 22:54:57,96
01/24/20 22:55:02,97
01/24/20 22:55:07,98
01/24/20 22:55:12,99
01/24/20 22:55:22,98
01/24/20 22:55:27,99
01/24/20 22:55:32,98
01/24/20 22:55:37,97
01/24/20 22:55:52,96
01/24/20 22:55:57,97
01/24/20 22:56:02,98
01/24/20 22:56:07,95
01/24/20 22:56:12,94
01/24/20 22:56:27,92
01/24/20 22:56:32,91
01/24/20 22:56:42,92
01/24/20 22:56:47,93
01/24/20 22:56:57,94
01/24/20 22:57:02,95
01/24/20 22:57:07,94
01/24/20 22:57:17,95
01/24/20 22:57:27,96
01/24/20 22:57:32,98
01/24/20 22:57:42,100
01/24/20 22:57:47,101
01/24/20 22:58:02,101
01/24/20 22:58:07,98
01/24/20 22:58:12,97
01/24/20 22:58:17,99
01/24/20 22:58:27,98
01/24/20 22:58:42,98
01/24/20 22:58:57,98
01/24/20 22:59:02,97
01/24/20 22:59:07,98
01/24/20 22:59:22,98
01/24/20 22:59:27,103
01/24/20 22:59:32,106
01/24/20 22:59:42,105
01/24/20 22:59:57,105
01/24/20 23:00:02,103
01/24/20 23:00:07,95
01/24/20 23:00:22,95
01/24/20 23:00:32,97
01/24/20 23:00:37,96
01/24/20 23:00:42,95
01/24/20 23:00:57,95
01/24/20 23:01:02,96
01/24/20 23:01:08,98
01/24/20 23:01:13,100
01/24/20 23:01:23,99
01/24/20 23:01:28,97
01/24/20 23:01:33,94
01/24/20 23:01:38,95
01/24/20 23:01:43,96
01/24/20 23:01:58,96
01/24/20 23:02:03,95
01/24/20 23:02:08,91
01/24/20 23:02:13,92
01/24/20 23:02:18,93
01/24/20 23:02:23,95
01/24/20 23:02:28,95
01/24/20 23:02:33,97
01/24/20 23:02:38,96
01/24/20 23:02:43,94
01/24/20 23:02:48,90
01/24/20 23:02:53,88
01/24/20 23:03:08,88
01/24/20 23:03:18,86
01/24/20 23:03:23,84
01/24/20 23:03:28,83
01/24/20 23:03:38,85
01/24/20 23:03:43,85
01/24/20 23:03:53,88
01/24/20 23:03:58,90
01/24/20 23:04:03,93
01/24/20 23:04:08,95
01/24/20 23:04:18,93
01/24/20 23:04:23,91
01/24/20 23:04:28,90
01/24/20 23:04:33,89
01/24/20 23:04:38,88
01/24/20 23:04:43,87
01/24/20 23:04:48,88
01/24/20 23:04:58,88
01/24/20 23:05:03,89
01/24/20 23:05:13,88
01/24/20 23:05:18,87
01/24/20 23:05:33,87
01/24/20 23:05:43,85
01/24/20 23:05:48,84
01/24/20 23:05:53,83
01/24/20 23:05:58,82
01/24/20 23:06:08,81
01/24/20 23:06:13,80
01/24/20 23:06:23,79
01/24/20 23:06:33,80
01/24/20 23:06:48,80
01/24/20 23:06:53,81
01/24/20 23:06:58,82
01/24/20 23:07:13,84
01/24/20 23:07:18,77
01/24/20 23:07:23,76
01/24/20 23:07:28,75
01/24/20 23:07:33,69
01/24/20 23:07:38,70
01/24/20 23:07:43,70
01/24/20 23:07:58,70
01/24/20 23:08:08,73
01/24/20 23:08:13,74
01/24/20 23:08:23,76
01/24/20 23:08:38,76
01/24/20 23:08:43,73
01/24/20 23:08:48,73
01/24/20 23:08:53,72
01/24/20 23:09:03,73
01/24/20 23:09:08,76
01/24/20 23:09:13,79
01/24/20 23:09:23,78
01/24/20 23:09:28,77
01/24/20 23:09:38,78
01/24/20 23:09:43,79
01/24/20 23:09:48,80
01/24/20 23:09:53,81
01/24/20 23:09:58,80
01/24/20 23:10:03,80
01/24/20 23:10:09,81
01/24/20 23:10:24,81
01/24/20 23:10:29,82
01/24/20 23:10:34,79
01/24/20 23:10:39,77
01/24/20 23:10:49,78
01/24/20 23:10:59,79
01/24/20 23:11:14,81
01/24/20 23:11:19,82
01/24/20 23:11:24,83
01/24/20 23:11:29,86
01/24/20 23:11:44,85
01/24/20 23:11:49,83
01/24/20 23:12:04,83
01/24/20 23:12:09,84
01/24/20 23:12:19,84
01/24/20 23:12:24,82
01/24/20 23:12:29,80
01/24/20 23:12:34,76
01/24/20 23:12:39,74
01/24/20 23:12:54,74
01/24/20 23:12:59,77
01/24/20 23:13:04,80
01/24/20 23:13:09,83
01/24/20 23:13:14,85
01/24/20 23:13:24,82
01/24/20 23:13:34,83
01/24/20 23:13:39,84
01/24/20 23:13:44,92
01/24/20 23:13:49,99
01/24/20 23:13:54,98
01/24/20 23:13:59,96
01/24/20 23:14:04,89
01/24/20 23:14:09,75
01/24/20 23:14:14,70
01/24/20 23:14:19,68
01/24/20 23:14:24,69
01/24/20 23:14:34,70
01/24/20 23:14:44,69
01/24/20 23:14:59,69
01/24/20 23:15:04,71
01/24/20 23:15:09,72
01/24/20 23:15:14,73
01/24/20 23:15:19,74
01/24/20 23:15:24,75
01/24/20 23:15:29,74
01/24/20 23:15:39,74
01/24/20 23:15:44,74
01/24/20 23:15:49,75
01/24/20 23:15:54,78
01/24/20 23:15:59,79
01/24/20 23:16:05,77
01/24/20 23:16:15,76
01/24/20 23:16:20,75
01/24/20 23:16:25,76
01/24/20 23:16:30,77
01/24/20 23:16:35,78
01/24/20 23:16:40,79
01/24/20 23:16:45,78
01/24/20 23:16:50,75
01/24/20 23:17:05,76
01/24/20 23:17:15,75
01/24/20 23:17:25,74
01/24/20 23:17:40,74
01/24/20 23:17:50,73
01/24/20 23:18:00,74
01/24/20 23:18:05,75
01/24/20 23:18:10,76
01/24/20 23:18:20,79
01/24/20 23:18:25,81
01/24/20 23:18:30,83
01/24/20 23:18:35,84
01/24/20 23:18:45,79
01/24/20 23:18:50,75
01/24/20 23:18:55,74
01/24/20 23:19:10,74
01/24/20 23:19:15,72
01/24/20 23:19:21,69
01/24/20 23:19:31,70
01/24/20 23:19:46,70
01/24/20 23:19:51,67
01/24/20 23:19:56,67
01/24/20 23:20:11,67
01/24/20 23:20:16,69
01/24/20 23:20:21,70
01/24/20 23:20:26,72
01/24/20 23:20:31,74
01/24/20 23:20:36,75
01/24/20 23:20:41,76
01/24/20 23:20:46,77
01/24/20 23:21:01,76
01/24/20 23:21:06,75
01/24/20 23:21:21,76
01/24/20 23:21:26,77
01/24/20 23:21:36,79
01/24/20 23:21:41,81
01/24/20 23:21:51,83
01/24/20 23:21:56,84
01/24/20 23:22:01,85
01/24/20 23:22:06,84
01/24/20 23:22:11,81
01/24/20 23:22:16,75
01/24/20 23:22:21,73
01/24/20 23:22:26,73
01/24/20 23:22:31,73
01/24/20 23:23:01,70
01/24/20 23:23:16,70
01/24/20 23:23:21,94
01/24/20 23:23:26,110
01/24/20 23:23:31,115
01/24/20 23:23:36,106
01/24/20 23:24:23,70
01/24/20 23:24:28,70
01/24/20 23:28:27,70
01/24/20 23:30:31,70
01/24/20 23:30:41,73
01/24/20 23:30:46,75
01/24/20 23:31:25,70
01/24/20 23:31:35,73
01/24/20 23:31:40,75
01/24/20 23:31:45,77
01/24/20 23:32:09,70
01/24/20 23:32:19,84
01/24/20 23:32:24,98
01/24/20 23:32:29,104
01/24/20 23:33:02,70
01/24/20 23:33:07,70
01/24/20 23:33:12,103
01/24/20 23:33:17,137
01/24/20 23:33:22,135
01/24/20 23:33:27,131
01/24/20 23:33:32,126
01/24/20 23:33:37,120
01/24/20 23:33:47,130
01/24/20 23:33:52,131
01/24/20 23:33:57,130
01/24/20 23:34:02,128
01/24/20 23:34:07,129
01/24/20 23:34:12,128
01/24/20 23:34:17,127
01/24/20 23:34:39,70
01/24/20 23:34:49,120
01/24/20 23:34:54,115
01/24/20 23:34:59,108
01/24/20 23:35:04,103
01/24/20 23:35:14,104
01/24/20 23:35:19,105
01/24/20 23:35:24,108
01/24/20 23:35:29,110
01/24/20 23:35:34,114
01/24/20 23:35:39,116
01/24/20 23:35:44,113
01/24/20 23:35:49,111
01/24/20 23:35:54,109
01/24/20 23:35:59,107
01/24/20 23:36:04,105
01/24/20 23:36:09,103
01/24/20 23:36:14,101
01/24/20 23:36:19,103
01/24/20 23:36:24,110
01/24/20 23:36:29,113
01/24/20 23:36:34,113
01/24/20 23:36:49,113
01/24/20 23:36:54,114
01/24/20 23:36:59,116
01/24/20 23:37:09,118
01/24/20 23:37:19,119
01/24/20 23:37:24,120
01/24/20 23:37:34,121
01/24/20 23:37:49,121
01/24/20 23:38:04,121
01/24/20 23:38:19,122
01/24/20 23:38:34,122
01/24/20 23:38:44,122
01/24/20 23:38:54,117
01/24/20 23:39:04,116
01/24/20 23:39:14,119
01/24/20 23:39:19,122
01/24/20 23:39:24,125
01/24/20 23:39:29,126
01/24/20 23:39:39,122
01/24/20 23:39:49,121
01/24/20 23:39:54,118
01/24/20 23:39:59,115
01/24/20 23:40:09,118
01/24/20 23:40:14,121
01/24/20 23:40:19,123
01/24/20 23:40:24,123
01/24/20 23:40:29,125
01/24/20 23:40:34,126
01/24/20 23:40:44,125
01/24/20 23:40:49,122
01/24/20 23:40:59,123
01/24/20 23:41:09,120
01/24/20 23:41:14,117
01/24/20 23:41:19,118
01/24/20 23:41:24,120
01/24/20 23:41:29,122
01/24/20 23:41:34,124
01/24/20 23:41:39,126
01/24/20 23:41:44,128
01/24/20 23:41:49,129
01/24/20 23:41:54,128
01/24/20 23:41:59,126
01/24/20 23:42:09,125
01/24/20 23:42:24,122
01/24/20 23:42:34,124
01/24/20 23:42:39,125
01/24/20 23:42:49,126
01/24/20 23:42:54,127
01/24/20 23:42:59,131
01/24/20 23:43:04,135
01/24/20 23:43:09,133
01/24/20 23:43:19,134
01/24/20 23:43:25,135
01/24/20 23:43:30,134
01/24/20 23:43:35,135
01/24/20 23:43:50,135
01/24/20 23:44:00,134
01/24/20 23:44:05,134
01/24/20 23:44:10,133
01/24/20 23:44:15,132
01/24/20 23:44:20,131
01/24/20 23:44:25,132
01/24/20 23:44:30,134
01/24/20 23:44:35,133
01/24/20 23:44:40,129
01/24/20 23:44:45,128
01/24/20 23:44:55,131
01/24/20 23:45:00,133
01/24/20 23:45:05,138
01/24/20 23:45:10,141
01/24/20 23:45:15,140
01/24/20 23:45:25,141
01/24/20 23:45:35,136
01/24/20 23:45:40,129
01/24/20 23:45:50,130
01/24/20 23:45:55,127
01/24/20 23:46:00,122
01/24/20 23:46:05,117
01/24/20 23:46:15,116
01/24/20 23:46:20,115
01/24/20 23:46:30,114
01/24/20 23:46:35,118
01/24/20 23:46:45,116
01/24/20 23:46:50,115
01/24/20 23:46:55,114
01/24/20 23:47:00,113
01/24/20 23:47:05,109
01/24/20 23:47:10,107
01/24/20 23:47:15,109
01/24/20 23:47:20,110
01/24/20 23:47:30,109
01/24/20 23:47:35,108
01/24/20 23:47:50,108
01/24/20 23:47:55,110
01/24/20 23:48:00,113
01/24/20 23:48:49,70
01/24/20 23:48:59,87
01/25/20 00:50:18,70
01/25/20 00:50:26,70
01/25/20 00:53:35,70
01/25/20 00:53:45,71
01/25/20 00:54:28,70
01/25/20 00:54:38,75
01/25/20 00:54:43,79
01/25/20 00:54:48,83
01/25/20 00:54:58,84
01/25/20 00:55:03,87
01/25/20 00:55:13,88
01/25/20 00:55:18,91
01/25/20 00:55:23,93
01/25/20 00:55:28,96
01/25/20 00:55:33,99
01/25/20 00:55:38,98
01/25/20 00:55:43,97
01/25/20 00:55:48,96
01/25/20 00:55:53,95
01/25/20 00:55:58,98
01/25/20 00:56:03,99
01/25/20 00:56:08,100
01/25/20 00:56:13,99
01/25/20 00:56:23,100
01/25/20 00:56:33,99
01/25/20 00:56:38,96
01/25/20 00:56:43,100
01/25/20 00:56:48,106
01/25/20 00:56:53,108
01/25/20 00:57:08,109
01/25/20 00:57:18,110
01/25/20 00:57:23,110
01/25/20 00:57:33,111
01/25/20 00:57:48,111
01/25/20 00:57:53,110
01/25/20 00:58:03,111
01/25/20 00:58:08,113
01/25/20 00:58:13,117
01/25/20 00:58:18,116
01/25/20 00:58:23,114
01/25/20 00:58:33,112
01/25/20 00:58:48,114
01/25/20 00:58:53,116
01/25/20 00:58:58,117
01/25/20 00:59:03,114
01/25/20 00:59:08,113
01/25/20 00:59:13,112
01/25/20 00:59:18,111
01/25/20 00:59:23,109
01/25/20 00:59:28,113
01/25/20 00:59:33,114
01/25/20 00:59:38,115
01/25/20 00:59:43,116
01/25/20 00:59:58,116
01/25/20 01:00:03,119
01/25/20 01:00:08,121
01/25/20 01:00:13,123
01/25/20 01:00:18,119
01/25/20 01:00:23,117
01/25/20 01:00:28,118
01/25/20 01:00:33,121
01/25/20 01:00:38,119
01/25/20 01:00:43,122
01/25/20 01:00:48,118
01/25/20 01:00:53,117
01/25/20 01:00:58,118
01/25/20 01:01:03,115
01/25/20 01:01:13,117
01/25/20 01:01:23,116
01/25/20 01:01:28,115
01/25/20 01:01:33,116
01/25/20 01:01:38,117
01/25/20 01:01:43,116
01/25/20 01:01:48,114
01/25/20 01:01:53,113
01/25/20 01:02:08,111
01/25/20 01:02:13,114
01/25/20 01:02:18,119
01/25/20 01:02:23,119
01/25/20 01:02:28,115
01/25/20 01:02:33,116
01/25/20 01:02:38,114
01/25/20 01:02:43,111
01/25/20 01:02:48,112
01/25/20 01:02:58,110
01/25/20 01:03:04,108
01/25/20 01:03:09,109
01/25/20 01:03:14,107
01/25/20 01:03:19,104
01/25/20 01:03:24,107
01/25/20 01:03:29,113
01/25/20 01:03:34,112
01/25/20 01:03:39,109
01/25/20 01:03:44,108
01/25/20 01:03:49,106
01/25/20 01:03:54,108
01/25/20 01:03:59,107
01/25/20 01:04:04,106
01/25/20 01:04:09,105
01/25/20 01:04:14,103
01/25/20 01:04:24,106
01/25/20 01:04:29,111
01/25/20 01:04:34,110
01/25/20 01:04:39,105
01/25/20 01:04:44,101
01/25/20 01:04:49,97
01/25/20 01:04:59,100
01/25/20 01:05:04,103
01/25/20 01:05:09,104
01/25/20 01:05:14,103
01/25/20 01:05:24,104
01/25/20 01:05:29,102
01/25/20 01:05:34,100
01/25/20 01:05:39,99
01/25/20 01:05:44,101
01/25/20 01:05:49,102
01/25/20 01:05:54,103
01/25/20 01:05:59,101
01/25/20 01:06:04,101
01/25/20 01:06:09,100
01/25/20 01:06:14,101
01/25/20 01:06:24,101
01/25/20 01:06:38,101
01/25/20 01:06:43,100
01/25/20 01:06:48,97
01/25/20 01:07:16,100
01/25/20 01:08:33,70
01/25/20 01:19:04,70
01/25/20 01:19:19,70
01/25/20 01:19:33,74
01/25/20 01:19:38,75
01/25/20 01:20:13,70
01/25/20 01:20:28,73
01/25/20 03:47:25,70
