1561087940.000000, IBI
141.850243,0.765660
161.569896,0.750034
162.398059,0.828163
163.194970,0.796911
163.882502,0.687531
164.695039,0.812537
165.538827,0.843789
166.382616,0.843789
167.117025,0.734409
167.960813,0.843789
168.820228,0.859414
169.601513,0.781286
170.398425,0.796911
171.210962,0.812537
172.086002,0.875040
172.945416,0.859414
173.789205,0.843789
174.539239,0.750034
175.351777,0.812537
176.242442,0.890666
177.086231,0.843789
177.883142,0.796911
178.617551,0.734409
179.383211,0.765660
180.227000,0.843789
180.961408,0.734409
181.680191,0.718783
182.414600,0.734409
183.227137,0.812537
183.961546,0.734409
184.695954,0.734409
185.430363,0.734409
186.227274,0.796911
186.946057,0.718783
187.633589,0.687531
188.367997,0.734409
189.118032,0.750034
189.805563,0.687531
190.524346,0.718783
191.321258,0.796911
192.008789,0.687531
192.727572,0.718783
193.493232,0.765660
194.290143,0.796911
195.024552,0.734409
195.758961,0.734409
196.618375,0.859414
197.477789,0.859414
198.212198,0.734409
198.993484,0.781286
199.837272,0.843789
200.649810,0.812537
201.399844,0.750034
202.212381,0.812537
203.040544,0.828163
203.946836,0.906291
204.696870,0.750034
205.462530,0.765660
206.337570,0.875040
207.150107,0.812537
207.900141,0.750034
208.650176,0.750034
209.493964,0.843789
210.322127,0.828163
211.103413,0.781286
211.884699,0.781286
212.712862,0.828163
224.729037,0.687531
225.463445,0.734409
226.260357,0.796911
227.104146,0.843789
227.807303,0.703157
228.588588,0.781286
229.416751,0.828163
230.354294,0.937543
231.166831,0.812537
232.041872,0.875040
232.995040,0.953169
233.901332,0.906291
234.838875,0.937543
235.713915,0.875040
236.510826,0.796911
237.401492,0.890666
238.339035,0.937543
239.339081,1.000046
240.151618,0.812537
241.073535,0.921917
242.057955,0.984420
243.058001,1.000046
243.964292,0.906291
244.745578,0.781286
245.573741,0.828163
246.464407,0.890666
247.433201,0.968794
248.401995,0.968794
249.339538,0.937543
250.120824,0.781286
250.902110,0.781286
251.808401,0.906291
252.730319,0.921917
253.745990,1.015671
254.667907,0.921917
255.449193,0.781286
256.308607,0.859414
257.214899,0.906291
258.152442,0.937543
259.027482,0.875040
259.777516,0.750034
260.605679,0.828163
261.527596,0.921917
262.418262,0.890666
263.215173,0.796911
264.090214,0.875040
265.027756,0.937543
265.980925,0.953169
266.902842,0.921917
267.699754,0.796911
268.574794,0.875040
269.527962,0.953169
270.449880,0.921917
271.231165,0.781286
272.074954,0.843789
273.090626,1.015671
273.950040,0.859414
274.731326,0.781286
275.606366,0.875040
276.497031,0.890666
277.356446,0.859414
278.184609,0.828163
279.122152,0.937543
280.059695,0.937543
280.856606,0.796911
281.747272,0.890666
282.669189,0.921917
283.497352,0.828163
284.309889,0.812537
285.263058,0.953169
286.184975,0.921917
287.028764,0.843789
287.872552,0.843789
288.794469,0.921917
289.732012,0.937543
290.528924,0.796911
291.388338,0.859414
292.310255,0.921917
293.294675,0.984420
294.263470,0.968794
295.216638,0.953169
296.138556,0.921917
297.029221,0.890666
297.794881,0.765660
298.638670,0.843789
299.498084,0.859414
300.420002,0.921917
301.373170,0.953169
302.295087,0.921917
303.091999,0.796911
303.873285,0.781286
304.717073,0.843789
305.592113,0.875040
306.482779,0.890666
307.404696,0.921917
308.217233,0.812537
309.045396,0.828163
309.936062,0.890666
310.857979,0.921917
311.764271,0.906291
312.670562,0.906291
313.436222,0.765660
314.233134,0.796911
315.108174,0.875040
315.983214,0.875040
316.858254,0.875040
317.764545,0.906291
318.592708,0.828163
319.405246,0.812537
320.327163,0.921917
321.249080,0.921917
322.233500,0.984420
323.092914,0.859414
323.952329,0.859414
324.874246,0.921917
325.780537,0.906291
326.639952,0.859414
327.436863,0.796911
328.358780,0.921917
329.280698,0.921917
330.233866,0.953169
331.046403,0.812537
331.890192,0.843789
332.827735,0.937543
333.765278,0.937543
334.577815,0.812537
335.452855,0.875040
336.406024,0.953169
337.359192,0.953169
338.156104,0.796911
339.031144,0.875040
339.984313,0.953169
340.874978,0.890666
341.796896,0.921917
342.593807,0.796911
343.437596,0.843789
344.281384,0.843789
345.172050,0.890666
346.078341,0.906291
346.859627,0.781286
347.765919,0.906291
348.656585,0.890666
349.531625,0.875040
350.344162,0.812537
351.234828,0.890666
352.109868,0.875040
353.000533,0.890666
353.813071,0.812537
354.688111,0.875040
355.547525,0.859414
356.453816,0.906291
357.360108,0.906291
358.141394,0.781286
359.016434,0.875040
359.875848,0.859414
360.766514,0.890666
361.657180,0.890666
362.485343,0.828163
363.376008,0.890666
364.266674,0.890666
365.172966,0.906291
366.016754,0.843789
366.798040,0.781286
367.657454,0.859414
368.563746,0.906291
369.501289,0.937543
370.438832,0.937543
371.266994,0.828163
372.126409,0.859414
373.048326,0.921917
374.001495,0.953169
374.814032,0.812537
375.642195,0.828163
376.532861,0.890666
377.407901,0.875040
378.345443,0.937543
379.204858,0.859414
380.095524,0.890666
380.970564,0.875040
384.689484,0.890666
385.642653,0.953169
386.642698,1.000046
387.564615,0.921917
388.502158,0.937543
389.377198,0.875040
390.142859,0.765660
390.955396,0.812537
391.767933,0.812537
392.642973,0.875040
393.533639,0.890666
394.408679,0.875040
395.361847,0.953169
396.283765,0.921917
397.127553,0.843789
397.908839,0.781286
398.643248,0.734409
399.362031,0.718783
400.049562,0.687531
400.690216,0.640654
401.377748,0.687531
402.143408,0.765660
403.002822,0.859414
403.799734,0.796911
404.627897,0.828163
405.565439,0.937543
406.534234,0.968794
407.503028,0.968794
408.471823,0.968794
409.424991,0.953169
410.346908,0.921917
411.237574,0.890666
412.050111,0.812537
412.815771,0.765660
413.628309,0.812537
414.440846,0.812537
415.300260,0.859414
416.144049,0.843789
416.862832,0.718783
417.628492,0.765660
418.456655,0.828163
419.300443,0.843789
420.175483,0.875040
420.941143,0.765660
421.722429,0.781286
422.534966,0.812537
423.347503,0.812537
424.097538,0.750034
424.847572,0.750034
425.691361,0.843789
426.519524,0.828163
427.363312,0.843789
428.113347,0.750034
428.957135,0.843789
429.800924,0.843789
430.597835,0.796911
431.363495,0.765660
432.207284,0.843789
433.019821,0.812537
433.847984,0.828163
434.613644,0.765660
435.379304,0.765660
436.191841,0.812537
436.988753,0.796911
437.801290,0.812537
438.535699,0.734409
439.285733,0.750034
440.129522,0.843789
440.957685,0.828163
441.817099,0.859414
442.645262,0.828163
443.473425,0.828163
444.270336,0.796911
445.035996,0.765660
445.817282,0.781286
446.661071,0.843789
447.520485,0.859414
448.379899,0.859414
449.114308,0.734409
449.973722,0.859414
450.817511,0.843789
451.676925,0.859414
452.426960,0.750034
453.270748,0.843789
454.098911,0.828163
454.958325,0.859414
455.786488,0.828163
456.536523,0.750034
457.364686,0.828163
458.208474,0.843789
459.130391,0.921917
460.036683,0.906291
460.911723,0.875040
461.724260,0.812537
462.614926,0.890666
463.489966,0.875040
464.396257,0.906291
465.302549,0.906291
466.177589,0.875040
466.958875,0.781286
467.771412,0.812537
468.568323,0.796911
469.412112,0.843789
470.349655,0.937543
471.302824,0.953169
472.084109,0.781286
472.943524,0.859414
473.771687,0.828163
474.631101,0.859414
475.506141,0.875040
476.365555,0.859414
477.115590,0.750034
477.912501,0.796911
478.756290,0.843789
479.615704,0.859414
480.490744,0.875040
481.365784,0.875040
482.115819,0.750034
482.928356,0.812537
483.756519,0.828163
484.600307,0.843789
485.412844,0.812537
486.147253,0.734409
486.944165,0.796911
487.725450,0.781286
488.537987,0.812537
489.319273,0.781286
490.084933,0.765660
490.850593,0.765660
491.631879,0.781286
492.444416,0.812537
493.194451,0.750034
493.975736,0.781286
494.788274,0.812537
495.616436,0.828163
496.428974,0.812537
497.272762,0.843789
498.100925,0.828163
498.850960,0.750034
499.663497,0.812537
500.507285,0.843789
501.382325,0.875040
502.147985,0.765660
502.991774,0.843789
503.835563,0.843789
504.726228,0.890666
505.523140,0.796911
506.366929,0.843789
507.226343,0.859414
508.132634,0.906291
509.038926,0.906291
509.851463,0.812537
510.742129,0.890666
511.648420,0.906291
512.507835,0.859414
513.335998,0.828163
514.242289,0.906291
515.132955,0.890666
516.039246,0.906291
516.851784,0.812537
517.773701,0.921917
518.695618,0.921917
519.601909,0.906291
520.430072,0.828163
521.273861,0.843789
522.164527,0.890666
523.055192,0.890666
523.883355,0.828163
524.774021,0.890666
525.649061,0.875040
526.524101,0.875040
527.321013,0.796911
528.196053,0.875040
529.039841,0.843789
529.899256,0.859414
530.821173,0.921917
531.633710,0.812537
532.430622,0.796911
533.305662,0.875040
545.806234,0.890666
546.728151,0.921917
547.603191,0.875040
548.509483,0.906291
549.415774,0.906291
550.322066,0.906291
551.228357,0.906291
552.134649,0.906291
552.931560,0.796911
553.790974,0.859414
554.681640,0.890666
555.650434,0.968794
556.650480,1.000046
557.603649,0.953169
558.431812,0.828163
559.228723,0.796911
560.041260,0.812537
560.885049,0.843789
561.775715,0.890666
562.603878,0.828163
563.463292,0.859414
564.416461,0.953169
565.369629,0.953169
566.229044,0.859414
567.104084,0.875040
567.979124,0.875040
568.807287,0.828163
569.604198,0.796911
570.463613,0.859414
571.307401,0.843789
572.151190,0.843789
572.916850,0.765660
573.760638,0.843789
574.620053,0.859414
575.541970,0.921917
576.338881,0.796911
577.245173,0.906291
578.151464,0.906291
579.042130,0.890666
579.854667,0.812537
580.682830,0.828163
581.542245,0.859414
582.401659,0.859414
583.261073,0.859414
584.089236,0.828163
584.933025,0.843789
585.792439,0.859414
586.683105,0.890666
587.464391,0.781286
588.292554,0.828163
589.167594,0.875040
590.058259,0.890666
590.933300,0.875040
591.761462,0.828163
592.605251,0.843789
593.464665,0.859414
594.339705,0.875040
595.199120,0.859414
596.089786,0.890666
597.042954,0.953169
598.058626,1.015671
599.011794,0.953169
599.886834,0.875040
600.793126,0.906291
601.715043,0.921917
602.558832,0.843789
603.465123,0.906291
604.355789,0.890666
605.293332,0.937543
606.168372,0.875040
607.043412,0.875040
608.027832,0.984420
608.996626,0.968794
609.996672,1.000046
610.918589,0.921917
611.809255,0.890666
612.731172,0.921917
613.653090,0.921917
614.528130,0.875040
615.387544,0.859414
616.325087,0.937543
617.278255,0.953169
618.137670,0.859414
619.059587,0.921917
619.997130,0.937543
620.887796,0.890666
621.715959,0.828163
622.590999,0.875040
623.497290,0.906291
624.387956,0.890666
625.247370,0.859414
626.200539,0.953169
627.169333,0.968794
628.059999,0.890666
628.981916,0.921917
629.935085,0.953169
630.903879,0.968794
631.778919,0.875040
632.669585,0.890666
633.591502,0.921917
634.529045,0.937543
635.372834,0.843789
636.310377,0.937543
637.201042,0.890666
638.060457,0.859414
638.935497,0.875040
639.810537,0.875040
640.732454,0.921917
641.607494,0.875040
642.466908,0.859414
643.373200,0.906291
644.295117,0.921917
645.170157,0.875040
646.045197,0.875040
646.967114,0.921917
647.873406,0.906291
648.701569,0.828163
649.607860,0.906291
650.529778,0.921917
651.389192,0.859414
652.264232,0.875040
653.170523,0.906291
654.092441,0.921917
654.967481,0.875040
655.889398,0.921917
656.780064,0.890666
657.670729,0.890666
658.483267,0.812537
659.358307,0.875040
660.264598,0.906291
661.108387,0.843789
661.983427,0.875040
662.889718,0.906291
663.764758,0.875040
664.686676,0.921917
665.530464,0.843789
666.405504,0.875040
667.296170,0.890666
668.186836,0.890666
669.030624,0.843789
669.858787,0.828163
670.733827,0.875040
671.640119,0.906291
672.499533,0.859414
673.358948,0.859414
674.265239,0.906291
675.187156,0.921917
676.015319,0.828163
676.874733,0.859414
677.781025,0.906291
678.671691,0.890666
679.531105,0.859414
680.421771,0.890666
681.328062,0.906291
682.187477,0.859414
683.062517,0.875040
683.953182,0.890666
684.812597,0.859414
685.640760,0.828163
686.500174,0.859414
687.406466,0.906291
688.250254,0.843789
689.094043,0.843789
689.984709,0.890666
690.922251,0.937543
691.781666,0.859414
692.609829,0.828163
693.484869,0.875040
694.359909,0.875040
695.234949,0.875040
696.063112,0.828163
696.938152,0.875040
697.844443,0.906291
698.719483,0.875040
699.563272,0.843789
700.438312,0.875040
701.282101,0.843789
702.110264,0.828163
702.938426,0.828163
703.797841,0.859414
704.641629,0.843789
705.454167,0.812537
706.235452,0.781286
707.063615,0.828163
707.938655,0.875040
708.844947,0.906291
709.610607,0.765660
710.563776,0.953169
711.438816,0.875040
712.251353,0.812537
713.110767,0.859414
713.970181,0.859414
714.813970,0.843789
715.610882,0.796911
716.454670,0.843789
717.345336,0.890666
718.173499,0.828163
718.986036,0.812537
719.829825,0.843789
720.736116,0.906291
721.673659,0.937543
722.611202,0.937543
723.454991,0.843789
724.330031,0.875040
725.205071,0.875040
726.033234,0.828163
726.845771,0.812537
727.705185,0.859414
728.595851,0.890666
729.424014,0.828163
730.267802,0.843789
731.174094,0.906291
732.017883,0.843789
732.908548,0.890666
733.814840,0.906291
734.674254,0.859414
735.502417,0.828163
736.361831,0.859414
737.221246,0.859414
738.033783,0.812537
738.940074,0.906291
739.877617,0.937543
740.737032,0.859414
741.612072,0.875040
742.487112,0.875040
743.362152,0.875040
744.190315,0.828163
745.034103,0.843789
745.862266,0.828163
746.643552,0.781286
747.518592,0.875040
748.424884,0.906291
749.284298,0.859414
750.096835,0.812537
750.956249,0.859414
751.831290,0.875040
752.690704,0.859414
753.518867,0.828163
754.440784,0.921917
755.378327,0.937543
756.268993,0.890666
757.175284,0.906291
758.112827,0.937543
759.019119,0.906291
759.894159,0.875040
760.831702,0.937543
761.722367,0.890666
762.550530,0.828163
763.456822,0.906291
764.331862,0.875040
765.128773,0.796911
766.035065,0.906291
766.972608,0.937543
767.894525,0.921917
768.738313,0.843789
769.691482,0.953169
770.629025,0.937543
771.519691,0.890666
772.379105,0.859414
773.363525,0.984420
774.332319,0.968794
775.222985,0.890666
776.051148,0.828163
776.941814,0.890666
777.816854,0.875040
778.660643,0.843789
779.488806,0.828163
780.363846,0.875040
781.223260,0.859414
782.051423,0.828163
782.910837,0.859414
783.770252,0.859414
784.582789,0.812537
785.364074,0.781286
786.207863,0.843789
787.051652,0.843789
787.864189,0.812537
788.723603,0.859414
789.629895,0.906291
790.536186,0.906291
791.364349,0.828163
792.239389,0.875040
793.176932,0.937543
794.114475,0.937543
794.942638,0.828163
795.880181,0.937543
796.833349,0.953169
797.692764,0.859414
798.583430,0.890666
799.505347,0.921917
800.427264,0.921917
801.271053,0.843789
802.208596,0.937543
803.146138,0.937543
804.083681,0.937543
804.974347,0.890666
805.818136,0.843789
806.724427,0.906291
807.677596,0.953169
808.537010,0.859414
809.427676,0.890666
810.349593,0.921917
811.193382,0.843789
812.115299,0.921917
813.130970,1.015671
814.099765,0.968794
814.990431,0.890666
815.974851,0.984420
816.943645,0.968794
817.865562,0.921917
818.724977,0.859414
819.646894,0.921917
820.600062,0.953169
821.553231,0.953169
822.412645,0.859414
823.318937,0.906291
824.256480,0.937543
825.147146,0.890666
826.022186,0.875040
826.990980,0.968794
827.897271,0.906291
828.756686,0.859414
829.662977,0.906291
830.569269,0.906291
831.475560,0.906291
832.319349,0.843789
833.178763,0.859414
834.085055,0.906291
835.038223,0.953169
835.944515,0.906291
836.866432,0.921917
837.772723,0.906291
838.616512,0.843789
839.522804,0.906291
840.460346,0.937543
841.319761,0.859414
842.163549,0.843789
843.085467,0.921917
844.007384,0.921917
844.898050,0.890666
845.913721,1.015671
846.913767,1.000046
847.851310,0.937543
848.726350,0.875040
849.617016,0.890666
850.538933,0.921917
851.445224,0.906291
852.289013,0.843789
853.195304,0.906291
854.117222,0.921917
855.023513,0.906291
855.914179,0.890666
856.914225,1.000046
857.851768,0.937543
858.758059,0.906291
859.617473,0.859414
860.508139,0.890666
861.414431,0.906291
862.273845,0.859414
863.102008,0.828163
863.961422,0.859414
864.805211,0.843789
865.586497,0.781286
866.367782,0.781286
867.149068,0.781286
867.914728,0.765660
868.664762,0.750034
869.430423,0.765660
870.242960,0.812537
871.086748,0.843789
871.899286,0.812537
872.821203,0.921917
873.836874,1.015671
874.743166,0.906291
875.649457,0.906291
876.602626,0.953169
877.571420,0.968794
878.477712,0.906291
879.368377,0.890666
880.290295,0.921917
881.165335,0.875040
882.009123,0.843789
882.962292,0.953169
883.915461,0.953169
884.821752,0.906291
885.681166,0.859414
886.634335,0.953169
887.587504,0.953169
888.493795,0.906291
889.415712,0.921917
890.400132,0.984420
891.400178,1.000046
892.400224,1.000046
893.322141,0.921917
894.275310,0.953169
895.306607,1.031297
896.306653,1.000046
897.212944,0.906291
898.119236,0.906291
899.072404,0.953169
899.978696,0.906291
900.822484,0.843789
901.775653,0.953169
902.728822,0.953169
903.635113,0.906291
904.525779,0.890666
905.510199,0.984420
906.447742,0.937543
907.322782,0.875040
908.166571,0.843789
909.088488,0.921917
910.010405,0.921917
910.885445,0.875040
911.729234,0.843789
912.604274,0.875040
913.494940,0.890666
914.354354,0.859414
915.213768,0.859414
916.135685,0.921917
917.041977,0.906291
917.885766,0.843789
918.807683,0.921917
919.713974,0.906291
920.589014,0.875040
921.432803,0.843789
922.401597,0.968794
923.401643,1.000046
924.323560,0.921917
925.214226,0.890666
926.183020,0.968794
927.120563,0.937543
927.964352,0.843789
928.839392,0.875040
929.698806,0.859414
930.573846,0.875040
931.402009,0.828163
932.277049,0.875040
933.167715,0.890666
934.058381,0.890666
934.902169,0.843789
935.808461,0.906291
936.761630,0.953169
937.746050,0.984420
941.996244,0.921917
942.980664,0.984420
943.886956,0.906291
944.699493,0.812537
945.637036,0.937543
946.590204,0.953169
947.418367,0.828163
948.230905,0.812537
949.043442,0.812537
949.918482,0.875040
950.762270,0.843789
951.731065,0.968794
952.809239,1.078174
953.653028,0.843789
954.590571,0.937543
955.668745,1.078174
956.700042,1.031297
957.606334,0.906291
958.575128,0.968794
959.575174,1.000046
960.481465,0.906291
961.434634,0.953169
962.419054,0.984420
963.294094,0.875040
964.137883,0.843789
965.106677,0.968794
966.169226,1.062549
967.153646,0.984420
968.075563,0.921917
968.950603,0.875040
969.856894,0.906291
970.794437,0.937543
971.747606,0.953169
972.685149,0.937543
973.560189,0.875040
974.372726,0.812537
975.325895,0.953169
976.357192,1.031297
977.388489,1.031297
978.341658,0.953169
979.357329,1.015671
980.373001,1.015671
981.388672,1.015671
982.279338,0.890666
983.216881,0.937543
984.154424,0.937543
985.107593,0.953169
986.013884,0.906291
986.967053,0.953169
987.967098,1.000046
988.982770,1.015671
989.904687,0.921917
990.826604,0.921917
991.779773,0.953169
992.764193,0.984420
993.670485,0.906291
994.623653,0.953169
995.592448,0.968794
996.529990,0.937543
997.420656,0.890666
998.326948,0.906291
999.280116,0.953169
1000.186408,0.906291
1001.045822,0.859414
1001.967739,0.921917
1002.889657,0.921917
1003.764697,0.875040
1004.592860,0.828163
1005.483525,0.890666
1006.374191,0.890666
1007.249231,0.875040
1008.030517,0.781286
1008.936808,0.906291
1009.858726,0.921917
1010.765017,0.906291
1011.561929,0.796911
1012.452594,0.890666
1013.327634,0.875040
1014.249552,0.921917
1015.124592,0.875040
1015.952754,0.828163
1016.812169,0.859414
1017.718460,0.906291
1018.593500,0.875040
1019.437289,0.843789
1020.327955,0.890666
1021.265498,0.937543
1022.156163,0.890666
1022.968701,0.812537
1023.874992,0.906291
1024.750032,0.875040
1025.593821,0.843789
1026.421984,0.828163
1027.281398,0.859414
1028.140812,0.859414
1029.000227,0.859414
1029.797138,0.796911
1030.609675,0.812537
1031.469090,0.859414
1032.344130,0.875040
1033.187918,0.843789
1033.953578,0.765660
1034.828619,0.875040
1035.672407,0.843789
1036.547447,0.875040
1037.375610,0.828163
1038.203773,0.828163
1039.110065,0.906291
1040.063233,0.953169
1040.922647,0.859414
1041.750810,0.828163
1042.657102,0.906291
1043.547768,0.890666
1044.422808,0.875040
1045.204093,0.781286
1046.079134,0.875040
1046.938548,0.859414
1047.844839,0.906291
1048.704254,0.859414
1049.548042,0.843789
1050.407457,0.859414
1051.313748,0.906291
1052.141911,0.828163
1053.001325,0.859414
1053.876365,0.875040
1054.798283,0.921917
1055.657697,0.859414
1056.532737,0.875040
1057.392151,0.859414
1058.267191,0.875040
1059.079729,0.812537
1059.939143,0.859414
1060.829809,0.890666
1061.782977,0.953169
1062.673643,0.890666
1063.533057,0.859414
1064.501852,0.968794
1065.470646,0.968794
1066.361312,0.890666
1067.205101,0.843789
1068.095766,0.890666
1068.970806,0.875040
1069.783344,0.812537
1070.658384,0.875040
1071.564675,0.906291
1072.533469,0.968794
1073.408509,0.875040
1074.346052,0.937543
1075.330472,0.984420
1076.299267,0.968794
1077.205558,0.906291
1078.111850,0.906291
1079.080644,0.968794
1079.986936,0.906291
1080.893227,0.906291
1081.783893,0.890666
1082.830816,1.046923
1083.783984,0.953169
1084.690276,0.906291
1085.580942,0.890666
1086.565362,0.984420
1087.565408,1.000046
1088.502950,0.937543
1089.346739,0.843789
1090.315533,0.968794
1091.253076,0.937543
1092.143742,0.890666
1092.987531,0.843789
1093.846945,0.859414
1094.721985,0.875040
1095.643902,0.921917
1096.503317,0.859414
1097.362731,0.859414
1098.284648,0.921917
1099.253443,0.968794
1100.190985,0.937543
1101.066025,0.875040
1101.956691,0.890666
1102.862983,0.906291
1103.800526,0.937543
1104.675566,0.875040
1105.488103,0.812537
1106.410020,0.921917
1107.410066,1.000046
1108.363235,0.953169
1109.207023,0.843789
1110.144566,0.937543
1111.066483,0.921917
1112.004026,0.937543
1112.879066,0.875040
1113.800983,0.921917
1114.785403,0.984420
1115.722946,0.937543
1116.597986,0.875040
1117.488652,0.890666
1118.426195,0.937543
1119.394989,0.968794
1120.238778,0.843789
1121.082567,0.843789
1121.988858,0.906291
1122.957653,0.968794
1123.879570,0.921917
1124.754610,0.875040
1125.676527,0.921917
1126.614070,0.937543
1127.567239,0.953169
1128.457904,0.890666
1129.286067,0.828163
1130.254862,0.968794
1131.208030,0.953169
1132.067445,0.859414
1132.879982,0.812537
1133.817525,0.937543
1134.755068,0.937543
1135.630108,0.875040
1136.473896,0.843789
1137.395813,0.921917
1138.333356,0.937543
1139.270899,0.937543
1140.114688,0.843789
1140.958477,0.843789
1141.833517,0.875040
1142.755434,0.921917
1143.630474,0.875040
1144.458637,0.828163
1145.364928,0.906291
1146.286845,0.921917
1147.161885,0.875040
1147.974423,0.812537
1148.911966,0.937543
1149.849509,0.937543
1150.787051,0.937543
1151.521460,0.734409
1152.255869,0.734409
1153.115283,0.859414
1154.037200,0.921917
1154.974743,0.937543
1155.802906,0.828163
1156.771700,0.968794
1157.802998,1.031297
1158.740541,0.937543
1159.568703,0.828163
1160.474995,0.906291
1161.396912,0.921917
1162.334455,0.937543
1163.146992,0.812537
1164.022032,0.875040
1164.897072,0.875040
1165.772112,0.875040
1166.569024,0.796911
1167.397187,0.828163
1168.209724,0.812537
1169.053513,0.843789
1169.834798,0.781286
1170.787967,0.953169
1171.803638,1.015671
1172.678679,0.875040
1173.522467,0.843789
1174.522513,1.000046
1175.506933,0.984420
1176.413224,0.906291
1177.272639,0.859414
1178.225807,0.953169
1179.241479,1.015671
1180.179022,0.937543
1181.085313,0.906291
1182.054108,0.968794
1183.069779,1.015671
1183.960445,0.890666
1184.835485,0.875040
1185.819905,0.984420
1186.804325,0.984420
1187.741868,0.937543
1188.585657,0.843789
1189.476322,0.890666
1190.429491,0.953169
1191.367034,0.937543
1192.195197,0.828163
1193.117114,0.921917
1194.023406,0.906291
1194.945323,0.921917
1195.804737,0.859414
1196.804783,1.000046
1197.789203,0.984420
1198.773623,0.984420
1199.633037,0.859414
1200.554955,0.921917
1201.539375,0.984420
1202.570672,1.031297
1203.461338,0.890666
1204.430132,0.968794
1205.430178,1.000046
1206.430223,1.000046
1207.320889,0.890666
1208.258432,0.937543
1209.242852,0.984420
1210.227272,0.984420
1211.102312,0.875040
1212.008604,0.906291
1212.946147,0.937543
1213.883690,0.937543
1214.743104,0.859414
1215.618144,0.875040
1216.524436,0.906291
1217.415101,0.890666
1218.258890,0.843789
1219.165181,0.906291
1220.102724,0.937543
1221.040267,0.937543
1221.930933,0.890666
1222.821599,0.890666
1223.790393,0.968794
1224.743562,0.953169
1225.649853,0.906291
1226.603022,0.953169
1227.603068,1.000046
1228.556236,0.953169
1229.431276,0.875040
1230.353194,0.921917
1231.306362,0.953169
1232.228279,0.921917
1233.087694,0.859414
1233.993985,0.906291
1234.947154,0.953169
1235.915948,0.968794
1236.822240,0.906291
1237.712905,0.890666
1238.681700,0.968794
1239.650494,0.968794
1240.556786,0.906291
1241.431826,0.875040
1242.353743,0.921917
1243.322537,0.968794
1244.228829,0.906291
1245.056992,0.828163
1245.994534,0.937543
1246.916452,0.921917
1247.838369,0.921917
1248.697783,0.859414
1249.588449,0.890666
1250.541618,0.953169
1251.479161,0.937543
1252.338575,0.859414
1253.229241,0.890666
1254.151158,0.921917
1255.088701,0.937543
1255.979367,0.890666
1256.870032,0.890666
1257.791950,0.921917
1258.729492,0.937543
1259.573281,0.843789
1260.463947,0.890666
1261.338987,0.875040
1262.245278,0.906291
1263.089067,0.843789
1263.979733,0.890666
1264.886024,0.906291
1265.839193,0.953169
1266.729859,0.890666
1267.589273,0.859414
1268.526816,0.937543
1269.448733,0.921917
1270.386276,0.937543
1271.276942,0.890666
1272.120730,0.843789
1273.042648,0.921917
1273.964565,0.921917
1274.839605,0.875040
1275.683393,0.843789
1276.589685,0.906291
1277.527228,0.937543
1278.480397,0.953169
1279.371062,0.890666
1280.183599,0.812537
1281.089891,0.906291
1281.980557,0.890666
1282.918100,0.937543
1283.777514,0.859414
1284.652554,0.875040
1285.543220,0.890666
1286.418260,0.875040
1287.230797,0.812537
1288.152714,0.921917
1289.059006,0.906291
1289.949672,0.890666
1290.809086,0.859414
1291.699752,0.890666
1292.637295,0.937543
1293.527960,0.890666
1294.465503,0.937543
1295.324918,0.859414
1296.246835,0.921917
1297.153126,0.906291
1298.059418,0.906291
1298.903206,0.843789
1299.778246,0.875040
1300.700164,0.921917
1301.684584,0.984420
1302.465869,0.781286
1303.403412,0.937543
1304.387832,0.984420
1305.341001,0.953169
1306.247293,0.906291
1307.091081,0.843789
1308.012998,0.921917
1308.966167,0.953169
1309.872458,0.906291
1310.731873,0.859414
1311.653790,0.921917
1312.606959,0.953169
1313.544502,0.937543
1314.388290,0.843789
1315.325833,0.937543
1316.216499,0.890666
1317.154042,0.937543
1317.997830,0.843789
1318.888496,0.890666
1319.794788,0.906291
1320.701079,0.906291
1321.560493,0.859414
1322.466785,0.906291
1323.357451,0.890666
1324.263742,0.906291
1325.107531,0.843789
1325.998197,0.890666
1326.920114,0.921917
1327.873282,0.953169
1328.748322,0.875040
1329.623363,0.875040
1330.576531,0.953169
1331.482823,0.906291
1332.389114,0.906291
1333.217277,0.828163
1334.107943,0.890666
1334.967357,0.859414
1335.889274,0.921917
1336.748689,0.859414
1337.576852,0.828163
1338.483143,0.906291
1339.389435,0.906291
1340.233223,0.843789
1341.108263,0.875040
1341.998929,0.890666
1342.842718,0.843789
1343.655255,0.812537
1344.561546,0.906291
1345.499089,0.937543
1346.405381,0.906291
1347.249169,0.843789
1348.171087,0.921917
1349.077378,0.906291
1349.968044,0.890666
1350.843084,0.875040
1351.718124,0.875040
1352.608790,0.890666
1353.530707,0.921917
1354.374496,0.843789
1355.202658,0.828163
1356.108950,0.906291
1357.030867,0.921917
1357.890281,0.859414
1358.718444,0.828163
1359.609110,0.890666
1360.515402,0.906291
1361.437319,0.921917
1362.296733,0.859414
1363.187399,0.890666
1364.078065,0.890666
1364.999982,0.921917
1365.828145,0.828163
1366.656308,0.828163
1367.578225,0.921917
1368.500142,0.921917
1369.422059,0.921917
1370.265848,0.843789
1371.187765,0.921917
1372.125308,0.937543
1373.015974,0.890666
1373.859762,0.843789
1374.750428,0.890666
1375.656720,0.906291
1376.609888,0.953169
1377.484928,0.875040
1378.313091,0.828163
1379.235008,0.921917
1380.172551,0.937543
1381.094469,0.921917
1381.938257,0.843789
1382.782046,0.843789
1383.688337,0.906291
1384.657132,0.968794
1385.547797,0.890666
1386.391586,0.843789
1387.344755,0.953169
1388.313549,0.968794
1389.235466,0.921917
1390.079255,0.843789
1391.016798,0.937543
1391.969966,0.953169
1392.876258,0.906291
1393.735672,0.859414
1394.641964,0.906291
1395.517004,0.875040
1396.454547,0.937543
1397.298335,0.843789
1398.126498,0.828163
1399.032790,0.906291
1399.985958,0.953169
1400.860998,0.875040
1401.689161,0.828163
1402.595453,0.906291
1403.517370,0.921917
1404.392410,0.875040
1405.220573,0.828163
1406.173742,0.953169
1407.080033,0.906291
1407.955073,0.875040
1408.892616,0.937543
1409.830159,0.937543
1410.767702,0.937543
1411.611490,0.843789
1412.502156,0.890666
1413.424073,0.921917
1414.361616,0.937543
1415.205405,0.843789
1416.017942,0.812537
1416.908608,0.890666
1417.814899,0.906291
1418.627437,0.812537
1419.424348,0.796911
1420.315014,0.890666
1421.236931,0.921917
1422.174474,0.937543
1423.033888,0.859414
1423.955806,0.921917
1424.908974,0.953169
1425.830891,0.921917
1426.705931,0.875040
1427.580971,0.875040
1428.549766,0.968794
1429.456057,0.906291
1430.315472,0.859414
1431.174886,0.859414
1432.081177,0.906291
1433.049972,0.968794
1433.956263,0.906291
1434.784426,0.828163
1435.675092,0.890666
1436.565758,0.890666
1437.472049,0.906291
1438.300212,0.828163
1439.190878,0.890666
1440.128421,0.937543
1441.034712,0.906291
1441.894127,0.859414
1442.737915,0.843789
1443.628581,0.890666
1444.534873,0.906291
1445.378661,0.843789
1446.191198,0.812537
1447.066238,0.875040
1447.972530,0.906291
1448.800693,0.828163
1449.597604,0.796911
1450.488270,0.890666
1451.394562,0.906291
1452.332104,0.937543
1453.144642,0.812537
1453.988430,0.843789
1454.879096,0.890666
1455.816639,0.937543
1456.644802,0.828163
1457.457339,0.812537
1458.348005,0.890666
1459.285548,0.937543
1460.098085,0.812537
1460.957499,0.859414
1461.832539,0.875040
1462.738831,0.906291
1463.535742,0.796911
1464.332654,0.796911
1465.176442,0.843789
1466.082734,0.906291
1466.895271,0.812537
1467.676557,0.781286
1468.551597,0.875040
1469.426637,0.875040
1470.254800,0.828163
1471.020460,0.765660
1471.879874,0.859414
1472.770540,0.890666
1473.614329,0.843789
1474.411240,0.796911
1475.255029,0.843789
1476.130069,0.875040
1477.036360,0.906291
1477.817646,0.781286
1478.645809,0.828163
1479.520849,0.875040
1480.411515,0.890666
1481.208426,0.796911
1481.958461,0.750034
1482.770998,0.812537
1483.614786,0.843789
1484.427324,0.812537
1485.255486,0.828163
1486.224281,0.968794
1487.239952,1.015671
1488.099367,0.859414
1488.990032,0.890666
1490.005704,1.015671
1490.958873,0.953169
1491.865164,0.906291
1492.693327,0.828163
1493.568367,0.875040
1494.490284,0.921917
1495.412201,0.921917
1496.240364,0.828163
1497.068527,0.828163
1497.974819,0.906291
1498.912362,0.937543
1499.818653,0.906291
1500.646816,0.828163
1501.584359,0.937543
1502.506276,0.921917
1503.443819,0.937543
1504.334485,0.890666
1505.225151,0.890666
1506.193945,0.968794
1507.178365,0.984420
1508.084656,0.906291
1508.897194,0.812537
1509.803485,0.906291
1510.694151,0.890666
1511.616068,0.921917
1512.475482,0.859414
1513.319271,0.843789
1514.241188,0.921917
1515.209983,0.968794
1516.100648,0.890666
1516.913186,0.812537
1517.819477,0.906291
1518.757020,0.937543
1519.678937,0.921917
1520.538352,0.859414
1521.382140,0.843789
1522.272806,0.890666
1523.194723,0.921917
1524.054137,0.859414
1524.866675,0.812537
1525.772966,0.906291
1526.710509,0.937543
1527.632426,0.921917
1528.491841,0.859414
1529.366881,0.875040
1530.288798,0.921917
1531.241966,0.953169
1532.070129,0.828163
1532.851415,0.781286
1533.788958,0.937543
1534.742127,0.953169
1535.648418,0.906291
1536.476581,0.828163
1537.398498,0.921917
1538.320415,0.921917
1539.226707,0.906291
1540.070496,0.843789
1540.945536,0.875040
1541.898704,0.953169
1542.820621,0.921917
1543.726913,0.906291
1544.508199,0.781286
1545.445742,0.937543
1546.367659,0.921917
1547.289576,0.921917
1548.117739,0.828163
1549.008405,0.890666
1549.930322,0.921917
1550.852239,0.921917
1551.727279,0.875040
1552.586694,0.859414
1553.508611,0.921917
1554.461779,0.953169
1555.383697,0.921917
1556.196234,0.812537
1557.086900,0.890666
1558.055694,0.968794
1559.024488,0.968794
1559.883903,0.859414
1560.743317,0.859414
1561.696486,0.953169
1562.634028,0.937543
1563.493443,0.859414
1564.290354,0.796911
1565.149769,0.859414
1566.024809,0.875040
1566.884223,0.859414
1567.712386,0.828163
1568.634303,0.921917
1569.587472,0.953169
1570.525015,0.937543
1571.384429,0.859414
1572.196966,0.812537
1573.134509,0.937543
1574.040801,0.906291
1574.931466,0.890666
1575.728378,0.796911
1576.650295,0.921917
1577.572212,0.921917
1578.494129,0.921917
1579.306667,0.812537
1580.212958,0.906291
1581.103624,0.890666
1582.025541,0.921917
1582.884955,0.859414
1583.713118,0.828163
1584.681913,0.968794
1585.650707,0.968794
1586.556998,0.906291
1587.400787,0.843789
1588.291453,0.890666
1589.291499,1.000046
1590.213416,0.921917
1591.057204,0.843789
1591.916619,0.859414
1592.901039,0.984420
1593.854208,0.953169
1594.776125,0.921917
1595.604288,0.828163
1596.541831,0.937543
1597.479373,0.937543
1598.401291,0.921917
1599.229454,0.828163
1600.135745,0.906291
1601.088914,0.953169
1602.073334,0.984420
1602.917122,0.843789
1603.760911,0.843789
1604.698454,0.937543
1605.682874,0.984420
1606.620417,0.937543
1607.432954,0.812537
1608.323620,0.890666
1609.261163,0.937543
1610.183080,0.921917
1610.995617,0.812537
1611.886283,0.890666
1612.823826,0.937543
1613.745743,0.921917
1614.558280,0.812537
1615.448946,0.890666
1616.339612,0.890666
1617.214652,0.875040
1618.058440,0.843789
1618.902229,0.843789
1619.777269,0.875040
1620.714812,0.937543
1621.542975,0.828163
1622.324261,0.781286
1623.199301,0.875040
1624.089967,0.890666
1624.933755,0.843789
1625.761918,0.828163
1626.574455,0.812537
1627.433870,0.859414
1628.324535,0.890666
1629.215201,0.890666
1630.043364,0.828163
1630.934030,0.890666
1631.824696,0.890666
1632.715361,0.890666
1633.574776,0.859414
1634.387313,0.812537
1635.293604,0.906291
1636.231147,0.937543
1637.153064,0.921917
1637.981227,0.828163
1638.903145,0.921917
1639.840688,0.937543
1640.825108,0.984420
1641.684522,0.859414
1642.497059,0.812537
1643.418976,0.921917
1644.356519,0.937543
1645.278436,0.921917
1646.106599,0.828163
1647.059768,0.953169
1647.997311,0.937543
1648.950480,0.953169
1649.794268,0.843789
1650.700560,0.906291
1651.684980,0.984420
1652.622523,0.937543
1653.497563,0.875040
1654.310100,0.812537
1655.232017,0.921917
1656.138309,0.906291
1657.075851,0.937543
1657.888389,0.812537
1658.810306,0.921917
1659.700972,0.890666
1660.638515,0.937543
1661.482303,0.843789
1662.388595,0.906291
1663.326138,0.937543
1664.248055,0.921917
1665.076218,0.828163
1665.951258,0.875040
1666.857549,0.906291
1667.795092,0.937543
1668.685758,0.890666
1669.482669,0.796911
1670.404587,0.921917
1671.357755,0.953169
1672.279672,0.921917
1673.154712,0.875040
1673.982875,0.828163
1674.920418,0.937543
1675.873587,0.953169
1676.748627,0.875040
1677.561164,0.812537
1678.467456,0.906291
1679.389373,0.921917
1680.342541,0.953169
1681.201956,0.859414
1682.014493,0.812537
1682.967662,0.953169
1683.936456,0.968794
1684.842747,0.906291
1685.686536,0.843789
1686.608453,0.921917
1687.545996,0.937543
1688.436662,0.890666
1689.233573,0.796911
1690.139865,0.906291
1691.061782,0.921917
1692.014951,0.953169
1692.874365,0.859414
1693.780657,0.906291
1694.718199,0.937543
1695.671368,0.953169
1696.546408,0.875040
1697.358945,0.812537
1698.280863,0.921917
1699.218405,0.937543
1700.077820,0.859414
1700.859106,0.781286
1701.749771,0.890666
1702.640437,0.890666
1703.531103,0.890666
1704.359266,0.828163
1705.218680,0.859414
1706.140597,0.921917
1707.109392,0.968794
1708.000057,0.890666
1708.843846,0.843789
1709.797015,0.953169
1710.765809,0.968794
1711.687726,0.921917
1712.500263,0.812537
1713.406555,0.906291
1714.344098,0.937543
1715.250389,0.906291
1716.094178,0.843789
1716.953592,0.859414
1717.828632,0.875040
1718.781801,0.953169
1719.656841,0.875040
1720.469378,0.812537
1721.375670,0.906291
1722.297587,0.921917
1723.219504,0.921917
1724.078918,0.859414
1724.891456,0.812537
1725.797747,0.906291
1726.735290,0.937543
1727.641582,0.906291
1728.485370,0.843789
1729.329159,0.843789
1730.204199,0.875040
1731.172993,0.968794
1732.063659,0.890666
1732.891822,0.828163
1733.829365,0.937543
1734.766908,0.937543
1735.688825,0.921917
1736.516988,0.828163
1737.423279,0.906291
1738.298319,0.875040
1739.220237,0.921917
1740.048399,0.828163
1740.876562,0.828163
1741.798480,0.921917
1742.689145,0.890666
1743.548560,0.859414
1744.345471,0.796911
1745.283014,0.937543
1746.251808,0.968794
1747.173726,0.921917
1748.033140,0.859414
1748.892554,0.859414
1749.876974,0.984420
1750.783266,0.906291
1751.611429,0.828163
1752.517720,0.906291
1753.408386,0.890666
1754.299052,0.890666
1755.111589,0.812537
1755.924126,0.812537
1756.783540,0.859414
1757.705458,0.921917
1758.564872,0.859414
1759.377409,0.812537
1760.299326,0.921917
1761.252495,0.953169
1762.205664,0.953169
1763.049452,0.843789
1763.924492,0.875040
1764.846410,0.921917
1765.799578,0.953169
1766.643367,0.843789
1767.487155,0.843789
1768.440324,0.953169
1769.362241,0.921917
1770.221656,0.859414
1771.049819,0.828163
1771.987361,0.937543
1772.893653,0.906291
1773.753067,0.859414
1774.565604,0.812537
1775.503147,0.937543
1776.409439,0.906291
1777.315730,0.906291
1778.112642,0.796911
1778.987682,0.875040
1779.862722,0.875040
1780.706511,0.843789
1781.519048,0.812537
1782.394088,0.875040
1783.331631,0.937543
1784.300425,0.968794
1785.206717,0.906291
1786.050505,0.843789
1787.019300,0.968794
1787.941217,0.921917
1788.863134,0.921917
1789.675671,0.812537
1790.519460,0.843789
1791.457003,0.937543
1792.347668,0.890666
1793.191457,0.843789
1793.972743,0.781286
1794.863409,0.890666
1795.769700,0.906291
1796.691617,0.921917
1797.535406,0.843789
1798.332317,0.796911
1799.222983,0.890666
1800.191777,0.968794
1801.066818,0.875040
1801.879355,0.812537
1802.816898,0.937543
1803.738815,0.921917
1804.629481,0.890666
1805.473269,0.843789
1806.410812,0.937543
1807.317104,0.906291
1808.207769,0.890666
1809.020307,0.812537
1809.926598,0.906291
1810.848515,0.921917
1811.754807,0.906291
1812.614221,0.859414
1813.489261,0.875040
1814.411178,0.921917
1815.333096,0.921917
1816.208136,0.875040
1817.036299,0.828163
1817.989467,0.953169
1818.927010,0.937543
1819.817676,0.890666
1820.708342,0.890666
1821.661510,0.953169
1822.599053,0.937543
1823.427216,0.828163
1824.255379,0.828163
1825.192922,0.937543
1826.099213,0.906291
1826.943002,0.843789
1827.833668,0.890666
1828.755585,0.921917
1829.708754,0.953169
1830.599419,0.890666
1831.411957,0.812537
1832.333874,0.921917
1833.271417,0.937543
1834.177708,0.906291
1835.021497,0.843789
1835.943414,0.921917
1836.912208,0.968794
1837.802874,0.890666
1838.631037,0.828163
1839.537328,0.906291
1840.474871,0.937543
1841.396789,0.921917
1842.209326,0.812537
1843.131243,0.921917
1844.037534,0.906291
1844.975077,0.937543
1845.834492,0.859414
1846.693906,0.859414
1847.615823,0.921917
1848.506489,0.890666
1849.350278,0.843789
1850.240943,0.890666
1851.147235,0.906291
1852.084778,0.937543
1852.975444,0.890666
1853.834858,0.859414
1854.803652,0.968794
1855.803698,1.000046
1856.709990,0.906291
1857.553778,0.843789
1858.460070,0.906291
1859.428864,0.968794
1860.350781,0.921917
1861.194570,0.843789
1862.100861,0.906291
1863.069656,0.968794
1864.007199,0.937543
1864.819736,0.812537
1865.710402,0.890666
1866.616693,0.906291
1867.522985,0.906291
1868.351147,0.828163
1869.273065,0.921917
1870.226233,0.953169
1871.163776,0.937543
1872.038816,0.875040
1872.976359,0.937543
1873.945153,0.968794
1874.929574,0.984420
1875.788988,0.859414
1876.679654,0.890666
1877.632822,0.953169
1878.570365,0.937543
1879.445405,0.875040
1880.351697,0.906291
1881.304865,0.953169
1882.289285,0.984420
1883.179951,0.890666
1884.023740,0.843789
1884.961283,0.937543
1885.898826,0.937543
1886.789491,0.890666
1887.664531,0.875040
1888.586449,0.921917
1889.555243,0.968794
1890.445909,0.890666
1891.274072,0.828163
1892.195989,0.921917
1893.133532,0.937543
1894.086700,0.953169
1894.930489,0.843789
1895.852406,0.921917
1896.774323,0.921917
1897.758744,0.984420
1898.633784,0.875040
1899.540075,0.906291
1900.477618,0.937543
1901.430787,0.953169
1902.290201,0.859414
1903.196492,0.906291
1904.149661,0.953169
1905.087204,0.937543
1905.962244,0.875040
1906.868536,0.906291
1907.806078,0.937543
1908.743621,0.937543
1909.649913,0.906291
1910.509327,0.859414
1911.478122,0.968794
1912.431290,0.953169
1913.337582,0.906291
1914.196996,0.859414
1915.134539,0.937543
1916.103333,0.968794
1917.025250,0.921917
1917.884665,0.859414
1918.837833,0.953169
1919.806628,0.968794
1920.712919,0.906291
1921.587959,0.875040
1922.525502,0.937543
1923.447419,0.921917
1924.306834,0.859414
1925.197500,0.890666
1926.119417,0.921917
1927.056960,0.937543
1927.963251,0.906291
1928.807040,0.843789
1929.697706,0.890666
1930.666500,0.968794
1931.541540,0.875040
1932.369703,0.828163
1933.291620,0.921917
1934.244789,0.953169
1935.151080,0.906291
1935.994869,0.843789
1936.901160,0.906291
1937.823077,0.921917
1938.729369,0.906291
1939.573158,0.843789
1940.479449,0.906291
1941.354489,0.875040
1942.276406,0.921917
1943.120195,0.843789
1944.010861,0.890666
1944.885901,0.875040
1945.823444,0.937543
1946.714109,0.890666
1947.573524,0.859414
1948.542318,0.968794
1949.464235,0.921917
1950.323650,0.859414
1951.183064,0.859414
1952.073730,0.890666
1952.995647,0.921917
1953.870687,0.875040
1954.698850,0.828163
1955.589516,0.890666
1956.511433,0.921917
1957.386473,0.875040
1958.214636,0.828163
1959.105302,0.890666
1959.980342,0.875040
1960.902259,0.921917
1961.746047,0.843789
1962.605462,0.859414
1963.543005,0.937543
1964.449296,0.906291
1965.324336,0.875040
1966.215002,0.890666
1967.168171,0.953169
1968.136965,0.968794
1968.996379,0.859414
1969.887045,0.890666
1970.808962,0.921917
1971.762131,0.953169
1972.621545,0.859414
1973.480960,0.859414
1974.402877,0.921917
1975.356045,0.953169
1976.246711,0.890666
1977.074874,0.828163
1978.012417,0.937543
1978.949960,0.937543
1979.871877,0.921917
1980.715666,0.843789
1981.637583,0.921917
1982.559500,0.921917
1983.481417,0.921917
1984.372083,0.890666
1985.247123,0.875040
1986.215918,0.968794
1987.090958,0.875040
1987.950372,0.859414
1988.872289,0.921917
1989.794206,0.921917
1990.731749,0.937543
1991.606789,0.875040
1992.513081,0.906291
1993.450624,0.937543
1994.403792,0.953169
1995.278832,0.875040
1996.169498,0.890666
1997.091415,0.921917
1998.013333,0.921917
1998.919624,0.906291
1999.763413,0.843789
2000.700956,0.937543
2001.622873,0.921917
2002.513539,0.890666
2003.357327,0.843789
2004.294870,0.937543
2005.216787,0.921917
2006.076202,0.859414
2006.935616,0.859414
2007.857533,0.921917
2008.810702,0.953169
2009.685742,0.875040
2010.529531,0.843789
2011.467073,0.937543
2012.388991,0.921917
2013.310908,0.921917
2014.139071,0.828163
2015.045362,0.906291
2015.951654,0.906291
2016.826694,0.875040
2017.670482,0.843789
2018.561148,0.890666
2019.436188,0.875040
2020.326854,0.890666
2021.155017,0.828163
2022.045683,0.890666
2022.951974,0.906291
2023.858266,0.906291
2024.717680,0.859414
2025.639597,0.921917
2026.577140,0.937543
2027.514683,0.937543
2028.389723,0.875040
2029.264763,0.875040
2030.217932,0.953169
2031.155475,0.937543
2032.077392,0.921917
2032.936806,0.859414
2033.874349,0.937543
2034.811892,0.937543
2035.686932,0.875040
2036.577598,0.890666
2037.483889,0.906291
2038.390181,0.906291
2039.280847,0.890666
2040.124635,0.843789
2041.077804,0.953169
2042.015347,0.937543
2042.921638,0.906291
2043.781053,0.859414
2044.687344,0.906291
2045.593636,0.906291
2046.546804,0.953169
2047.421844,0.875040
2048.265633,0.843789
2049.234427,0.968794
2050.171970,0.937543
2051.093887,0.921917
2051.953302,0.859414
2052.922096,0.968794
2053.844013,0.921917
2054.750305,0.906291
2055.625345,0.875040
2056.516011,0.890666
2057.406676,0.890666
2058.328593,0.921917
2059.188008,0.859414
2060.109925,0.921917
2061.063094,0.953169
2062.031888,0.968794
2062.906928,0.875040
2063.828845,0.921917
2064.766388,0.937543
2065.735183,0.968794
2066.594597,0.859414
2067.532140,0.937543
2068.500934,0.968794
2069.422851,0.921917
2070.282266,0.859414
2071.235434,0.953169
2072.172977,0.937543
2073.079269,0.906291
2073.923057,0.843789
2074.829349,0.906291
2075.751266,0.921917
2076.673183,0.921917
2077.532598,0.859414
2078.392012,0.859414
2079.313929,0.921917
2080.267098,0.953169
2081.142138,0.875040
2081.985926,0.843789
2082.970346,0.984420
2083.907889,0.937543
2084.814181,0.906291
2085.720472,0.906291
2086.689267,0.968794
2087.658061,0.968794
2088.548727,0.890666
2089.423767,0.875040
2090.361310,0.937543
2091.267601,0.906291
2092.142641,0.875040
2093.033307,0.890666
2093.923973,0.890666
2094.877141,0.953169
2095.767807,0.890666
2096.674099,0.906291
2097.627267,0.953169
2098.580436,0.953169
2099.471102,0.890666
2100.361768,0.890666
2101.299310,0.937543
2102.252479,0.953169
2103.158771,0.906291
2104.002559,0.843789
2104.940102,0.937543
2105.830768,0.890666
2106.737059,0.906291
2107.596474,0.859414
2108.549642,0.953169
2109.487185,0.937543
2110.346600,0.859414
2111.237265,0.890666
2112.174808,0.937543
2113.065474,0.890666
2113.924888,0.859414
2114.831180,0.906291
2115.768723,0.937543
2116.690640,0.921917
2117.534429,0.843789
2118.425094,0.890666
2119.300134,0.875040
2120.175174,0.875040
2121.003337,0.828163
2121.862752,0.859414
2122.722166,0.859414
2123.612832,0.890666
2124.409743,0.796911
2125.253532,0.843789
2126.128572,0.875040
2127.034863,0.906291
2127.909904,0.875040
2128.753692,0.843789
2129.644358,0.890666
2130.566275,0.921917
2131.472567,0.906291
2132.331981,0.859414
2133.160144,0.828163
2134.082061,0.921917
2134.988353,0.906291
2135.879018,0.890666
2136.722807,0.843789
2137.629098,0.906291
2138.535390,0.906291
2139.441681,0.906291
2140.316721,0.875040
2141.191761,0.875040
2142.129304,0.937543
2143.066847,0.937543
2143.941887,0.875040
2144.832553,0.890666
2145.801347,0.968794
2146.723265,0.921917
2147.613930,0.890666
2148.457719,0.843789
2149.395262,0.937543
2150.317179,0.921917
2151.254722,0.937543
2152.098511,0.843789
2153.004802,0.906291
2153.879842,0.875040
2154.864262,0.984420
2155.723677,0.859414
2156.614342,0.890666
2157.583137,0.968794
2158.505054,0.921917
2159.364468,0.859414
2160.255134,0.890666
2161.177051,0.921917
2162.098969,0.921917
2162.974009,0.875040
2163.895926,0.921917
2164.802217,0.906291
2165.724134,0.921917
2166.567923,0.843789
2167.427337,0.859414
2168.349255,0.921917
2169.286798,0.937543
2170.161838,0.875040
2171.005626,0.843789
2171.927543,0.921917
2172.833835,0.906291
2173.740126,0.906291
2174.615166,0.875040
2175.474581,0.859414
2176.412124,0.937543
2177.334041,0.921917
2178.240332,0.906291
2179.099747,0.859414
2180.084167,0.984420
2181.021710,0.937543
2181.943627,0.921917
2182.787416,0.843789
2183.693707,0.906291
2184.646876,0.953169
2185.537541,0.890666
2186.381330,0.843789
2187.318873,0.937543
2188.240790,0.921917
2189.209584,0.968794
2190.068999,0.859414
2190.944039,0.875040
2191.803453,0.859414
2192.709745,0.906291
2193.616036,0.906291
2194.475451,0.859414
2195.444245,0.968794
2196.428665,0.984420
2197.334956,0.906291
2198.272499,0.937543
2199.256919,0.984420
2200.256965,1.000046
2201.147631,0.890666
2201.975794,0.828163
2202.928962,0.953169
2203.850880,0.921917
2204.788423,0.937543
2205.632211,0.843789
2206.569754,0.937543
2207.507297,0.937543
2208.429214,0.921917
2209.304254,0.875040
2210.163669,0.859414
2211.085586,0.921917
2211.976252,0.890666
2212.820040,0.843789
2213.679455,0.859414
2214.585746,0.906291
2215.538915,0.953169
2216.413955,0.875040
2217.242118,0.828163
2218.164035,0.921917
2219.085952,0.921917
2219.945366,0.859414
2220.804781,0.859414
2221.695446,0.890666
2222.601738,0.906291
2223.492404,0.890666
2224.304941,0.812537
2225.148730,0.843789
2226.055021,0.906291
2227.039441,0.984420
2227.976984,0.937543
2228.867650,0.890666
2229.883321,1.015671
2230.852116,0.968794
2231.820910,0.968794
2232.742827,0.921917
2233.649119,0.906291
2234.571036,0.921917
2235.430450,0.859414
2236.289865,0.859414
2237.227407,0.937543
2238.149325,0.921917
2239.008739,0.859414
2239.883779,0.875040
2240.805696,0.921917
2241.711988,0.906291
2242.587028,0.875040
2243.430816,0.843789
2244.321482,0.890666
2245.259025,0.937543
2246.134065,0.875040
2246.962228,0.828163
2247.884145,0.921917
2248.790437,0.906291
2249.712354,0.921917
2250.571768,0.859414
2251.384305,0.812537
2252.274971,0.890666
2253.165637,0.890666
2253.978174,0.812537
2254.821963,0.843789
2255.712629,0.890666
2256.665797,0.953169
2257.540837,0.875040
2258.384626,0.843789
2259.337795,0.953169
2260.322215,0.984420
2261.212880,0.890666
2262.041043,0.828163
2262.962960,0.921917
2263.931755,0.968794
2264.822421,0.890666
2265.681835,0.859414
2266.635004,0.953169
2267.556921,0.921917
2268.494464,0.937543
2269.338252,0.843789
2270.275795,0.937543
2271.197712,0.921917
2272.135255,0.937543
2272.963418,0.828163
2273.807207,0.843789
2274.682247,0.875040
2275.651041,0.968794
2276.526081,0.875040
2277.494876,0.968794
2278.354290,0.859414
2279.213704,0.859414
2280.026242,0.812537
2280.901282,0.875040
2281.838825,0.937543
2282.729490,0.890666
2283.635782,0.906291
2284.479570,0.843789
2298.870854,0.703157
2299.574011,0.703157
2300.292794,0.718783
2300.995951,0.703157
2301.699109,0.703157
2302.402266,0.703157
2303.074172,0.671906
2303.761703,0.687531
2304.433609,0.671906
2305.105515,0.671906
2305.761795,0.656280
2306.496203,0.734409
2307.277489,0.781286
2308.027523,0.750034
2308.840060,0.812537
2309.668223,0.828163
2310.527638,0.859414
2311.340175,0.812537
2312.137086,0.796911
2312.980875,0.843789
2313.809038,0.828163
2314.699704,0.890666
2315.621621,0.921917
2316.434158,0.812537
2317.215444,0.781286
2318.059232,0.843789
2318.949898,0.890666
2319.840564,0.890666
2320.637475,0.796911
2321.481264,0.843789
2322.325053,0.843789
2323.121964,0.796911
2323.918876,0.796911
2324.762664,0.843789
2325.653330,0.890666
2326.606499,0.953169
2327.434662,0.828163
2328.340953,0.906291
2329.262870,0.921917
2330.153536,0.890666
2330.981699,0.828163
2331.872365,0.890666
2332.888036,1.015671
2333.888082,1.000046
2334.731871,0.843789
2335.575659,0.843789
2336.497576,0.921917
2337.435119,0.937543
2338.310159,0.875040
2339.341457,1.031297
2340.419631,1.078174
2341.466554,1.046923
2342.388471,0.921917
2343.372891,0.984420
2344.388563,1.015671
2345.372983,0.984420
2346.263649,0.890666
2347.248069,0.984420
2348.294991,1.046923
2349.326289,1.031297
2350.248206,0.921917
2351.170123,0.921917
2352.123292,0.953169
2353.123338,1.000046
2354.107758,0.984420
2354.951546,0.843789
2355.826586,0.875040
2356.779755,0.953169
2357.701672,0.921917
2358.732969,1.031297
2359.904898,1.171929
2360.983072,1.078174
2361.967492,0.984420
2362.998790,1.031297
2364.030087,1.031297
2365.030133,1.000046
2365.936424,0.906291
2366.780213,0.843789
2367.639627,0.859414
2368.592796,0.953169
2369.624093,1.031297
2370.624139,1.000046
2371.733564,1.109426
2372.749236,1.015671
2373.686779,0.937543
2374.577445,0.890666
2375.577490,1.000046
2376.671290,1.093800
2377.702588,1.031297
2378.671382,0.968794
2379.687053,1.015671
2380.718351,1.031297
2381.718396,1.000046
2382.671565,0.953169
2383.687237,1.015671
2384.687282,1.000046
2385.671702,0.984420
2386.593620,0.921917
2387.421782,0.828163
2388.281197,0.859414
2389.234365,0.953169
2390.296914,1.062549
2391.296960,1.000046
2392.328257,1.031297
2393.375180,1.046923
2394.422103,1.046923
2395.437774,1.015671
2396.469072,1.031297
2397.500369,1.031297
2398.516040,1.015671
2399.484835,0.968794
2400.469255,0.984420
2401.469301,1.000046
2402.469346,1.000046
2403.391263,0.921917
2404.360058,0.968794
2405.328852,0.968794
2406.297647,0.968794
2407.203938,0.906291
2408.141481,0.937543
2409.110275,0.968794
2410.063444,0.953169
2410.969735,0.906291
2411.891653,0.921917
2412.860447,0.968794
2413.829241,0.968794
2414.751158,0.921917
2415.657450,0.906291
2416.610619,0.953169
2417.548162,0.937543
2418.470079,0.921917
2419.407622,0.937543
2420.392042,0.984420
2421.392087,1.000046
2422.329630,0.937543
2423.282799,0.953169
2424.267219,0.984420
2425.236013,0.968794
2426.157931,0.921917
2427.064222,0.906291
2428.048642,0.984420
2429.033062,0.984420
2429.954979,0.921917
2430.876897,0.921917
2431.798814,0.921917
2432.751982,0.953169
2433.658274,0.906291
2434.548940,0.890666
2435.502108,0.953169
2436.517780,1.015671
2437.455323,0.937543
2438.392866,0.937543
2439.408537,1.015671
2440.408583,1.000046
2441.314874,0.906291
2442.221166,0.906291
2443.189960,0.968794
2444.158755,0.968794
2445.096298,0.937543
2445.955712,0.859414
2446.862003,0.906291
2447.815172,0.953169
2448.815218,1.000046
2449.721509,0.906291
2450.674678,0.953169
2451.674724,1.000046
2452.659144,0.984420
2453.565435,0.906291
2454.487352,0.921917
2455.424895,0.937543
2456.378064,0.953169
2457.299981,0.921917
2458.159395,0.859414
2459.128190,0.968794
2460.112610,0.984420
2461.065778,0.953169
2461.925193,0.859414
2462.831484,0.906291
2463.784653,0.953169
2464.769073,0.984420
2465.659739,0.890666
2466.566030,0.906291
2467.534825,0.968794
2468.519245,0.984420
2469.425536,0.906291
2470.347453,0.921917
2471.300622,0.953169
2472.285042,0.984420
2473.175708,0.890666
2474.050748,0.875040
2474.988291,0.937543
2475.972711,0.984420
2476.894628,0.921917
2477.785294,0.890666
2478.738462,0.953169
2479.707257,0.968794
2480.691677,0.984420
2481.597968,0.906291
2482.566763,0.968794
2483.551183,0.984420
2484.519977,0.968794
2485.426269,0.906291
2486.316934,0.890666
2487.254477,0.937543
2488.192020,0.937543
2489.098312,0.906291
2489.957726,0.859414
2490.879643,0.921917
2491.817186,0.937543
2492.707852,0.890666
2493.614143,0.906291
2494.551686,0.937543
2495.504855,0.953169
2496.458024,0.953169
2497.333064,0.875040
2498.208104,0.875040
2499.192524,0.984420
2500.208195,1.015671
2501.130112,0.921917
2502.005152,0.875040
2502.989573,0.984420
2504.020870,1.031297
2505.005290,0.984420
2505.927207,0.921917
2506.911627,0.984420
2507.927299,1.015671
2508.864841,0.937543
2509.818010,0.953169
2510.818056,1.000046
2511.771224,0.953169
2512.661890,0.890666
2513.552556,0.890666
2514.490099,0.937543
2515.412016,0.921917
2516.302682,0.890666
2517.146471,0.843789
2518.084013,0.937543
2519.052808,0.968794
2519.990351,0.937543
2520.896642,0.906291
2521.802934,0.906291
2522.756102,0.953169
2523.693645,0.937543
2524.584311,0.890666
2525.584357,1.000046
2526.584403,1.000046
2527.553197,0.968794
2528.475114,0.921917
2529.459534,0.984420
2530.397077,0.937543
2531.318994,0.921917
2532.209660,0.890666
2533.162829,0.953169
2534.131623,0.968794
2535.084792,0.953169
2535.991083,0.906291
2536.897375,0.906291
2537.850543,0.953169
2538.850589,1.000046
2539.788132,0.937543
2540.647546,0.859414
2541.538212,0.890666
2542.460129,0.921917
2543.397672,0.937543
2544.272712,0.875040
2545.163378,0.890666
2546.116547,0.953169
2546.960335,0.843789
2547.897878,0.937543
2548.601035,0.703157
2549.288567,0.687531
2550.116730,0.828163
2551.038647,0.921917
2551.976190,0.937543
2552.773101,0.796911
2553.757521,0.984420
2554.804444,1.046923
2555.741987,0.937543
2556.585776,0.843789
2557.554570,0.968794
2558.538990,0.984420
2559.476533,0.937543
2560.335948,0.859414
2561.257865,0.921917
2562.242285,0.984420
2563.226705,0.984420
2564.148622,0.921917
2565.117416,0.968794
2566.086211,0.968794
2567.008128,0.921917
2567.898794,0.890666
2568.820711,0.921917
2569.742628,0.921917
2570.664545,0.921917
2571.555211,0.890666
2572.492754,0.937543
2573.445923,0.953169
2574.383466,0.937543
2575.258506,0.875040
2576.149171,0.890666
2577.055463,0.906291
2577.993006,0.937543
2578.883672,0.890666
2579.789963,0.906291
2580.774383,0.984420
2581.743177,0.968794
2582.665095,0.921917
2583.618263,0.953169
2584.602683,0.984420
2585.524601,0.921917
2586.384015,0.859414
2587.227803,0.843789
2588.118469,0.890666
2588.977884,0.859414
2589.743544,0.765660
2590.556081,0.812537
2591.446747,0.890666
2596.821993,1.062549
2597.775161,0.953169
2598.697078,0.921917
2599.634621,0.937543
2600.509661,0.875040
2601.400327,0.890666
2602.353496,0.953169
2603.353542,1.000046
2604.259833,0.906291
2605.181750,0.921917
2606.166170,0.984420
2607.150590,0.984420
2608.072508,0.921917
2608.978799,0.906291
2609.931968,0.953169
2610.916388,0.984420
2611.822679,0.906291
2612.666468,0.843789
2613.572759,0.906291
2614.541554,0.968794
2615.525974,0.984420
2616.447891,0.921917
2617.494814,1.046923
2618.526111,1.031297
2619.557408,1.031297
2620.494951,0.937543
2621.463746,0.968794
2622.448166,0.984420
2623.463837,1.015671
2624.401380,0.937543
2625.354549,0.953169
2626.385846,1.031297
2627.370266,0.984420
2628.307809,0.937543
2629.198475,0.890666
2630.151643,0.953169
2631.136063,0.984420
2632.104858,0.968794
2632.979898,0.875040
2633.917441,0.937543
2634.886235,0.968794
2635.808152,0.921917
2636.667567,0.859414
2637.589484,0.921917
2638.527027,0.937543
2639.511447,0.984420
2640.448990,0.937543
2641.324030,0.875040
2642.183444,0.859414
2643.089736,0.906291
2644.058530,0.968794
2644.933570,0.875040
2645.871113,0.937543
2646.824281,0.953169
2647.746199,0.921917
2648.621239,0.875040
2649.558782,0.937543
2650.527576,0.968794
2651.496370,0.968794
2652.402662,0.906291
2653.387082,0.984420
2654.371502,0.984420
2655.324671,0.953169
2656.246588,0.921917
2657.231008,0.984420
2658.231054,1.000046
2659.137345,0.906291
2660.059262,0.921917
2661.043682,0.984420
2662.043728,1.000046
2662.996897,0.953169
2663.871937,0.875040
2664.825105,0.953169
2665.778274,0.953169
2666.715817,0.937543
2667.622108,0.906291
2668.559651,0.937543
2669.544071,0.984420
2670.528491,0.984420
2671.434783,0.906291
2672.372326,0.937543
2673.356746,0.984420
2674.309915,0.953169
2675.184955,0.875040
2676.059995,0.875040
2676.997538,0.937543
2677.872578,0.875040
2678.747618,0.875040
2679.716412,0.968794
2680.700832,0.984420
2681.654001,0.953169
2682.544667,0.890666
2683.450958,0.906291
2684.404127,0.953169
2685.326044,0.921917
2686.247961,0.921917
2687.185504,0.937543
2688.154298,0.968794
2689.044964,0.890666
2689.982507,0.937543
2690.951301,0.968794
2691.873219,0.921917
2692.763884,0.890666
2693.685802,0.921917
2694.654596,0.968794
2695.592139,0.937543
2696.467179,0.875040
2697.373470,0.906291
2698.357890,0.984420
2699.311059,0.953169
2700.217350,0.906291
2701.123642,0.906291
2702.061185,0.937543
2703.014354,0.953169
2703.905019,0.890666
2704.795685,0.890666
2705.717602,0.921917
2706.655145,0.937543
2707.545811,0.890666
2708.498980,0.953169
2709.499025,1.000046
2710.467820,0.968794
2711.389737,0.921917
2712.264777,0.875040
2713.202320,0.937543
2714.186740,0.984420
2715.155534,0.968794
2716.046200,0.890666
2716.983743,0.937543
2717.921286,0.937543
2718.843203,0.921917
2719.733869,0.890666
2720.671412,0.937543
2721.624580,0.953169
2722.546498,0.921917
2723.390286,0.843789
2724.327829,0.937543
2725.202869,0.875040
2726.109161,0.906291
2726.952949,0.843789
2727.859241,0.906291
2728.749907,0.890666
2729.687449,0.937543
2730.546864,0.859414
2731.406278,0.859414
2732.359447,0.953169
2733.281364,0.921917
2734.187655,0.906291
2735.047070,0.859414
2735.984613,0.937543
2736.937781,0.953169
2737.844073,0.906291
2738.734739,0.890666
2739.719159,0.984420
2740.656702,0.937543
2741.609870,0.953169
2742.484910,0.875040
2743.391202,0.906291
2744.359996,0.968794
2745.281913,0.921917
2746.156953,0.875040
2747.047619,0.890666
2748.016413,0.968794
2748.969582,0.953169
2749.875874,0.906291
2750.829042,0.953169
2751.782211,0.953169
2752.766631,0.984420
2753.657297,0.890666
2754.594840,0.937543
2755.532382,0.937543
2756.469925,0.937543
2757.360591,0.890666
2758.251257,0.890666
2759.235677,0.984420
2760.157594,0.921917
2761.048260,0.890666
2762.017054,0.968794
2762.985849,0.968794
2763.892140,0.906291
2764.767180,0.875040
2765.720349,0.953169
2766.673517,0.953169
2767.595435,0.921917
2768.454849,0.859414
2769.408018,0.953169
2770.345561,0.937543
2771.220601,0.875040
2772.080015,0.859414
2773.001932,0.921917
2773.923849,0.921917
2774.845767,0.921917
2775.736432,0.890666
2776.689601,0.953169
2777.611518,0.921917
2778.517810,0.906291
2779.408475,0.890666
2780.377270,0.968794
2781.314813,0.937543
2782.236730,0.921917
2783.111770,0.875040
2784.064939,0.953169
2785.033733,0.968794
2785.971276,0.937543
2786.861942,0.890666
2787.799484,0.937543
2788.721402,0.921917
2789.643319,0.921917
2790.518359,0.875040
2791.440276,0.921917
2792.362193,0.921917
2793.299736,0.937543
2794.206028,0.906291
2795.127945,0.921917
2796.143616,1.015671
2797.112411,0.968794
2798.018702,0.906291
2798.956245,0.937543
2799.925040,0.968794
2800.893834,0.968794
2801.784500,0.890666
2802.737668,0.953169
2803.675211,0.937543
2804.644006,0.968794
2805.550297,0.906291
2806.456589,0.906291
2807.425383,0.968794
2808.394177,0.968794
2809.300469,0.906291
2810.222386,0.921917
2811.175555,0.953169
2812.113097,0.937543
2812.972512,0.859414
2813.878803,0.906291
2814.800720,0.921917
2815.738263,0.937543
2816.628929,0.890666
2817.519595,0.890666
2818.488389,0.968794
2819.441558,0.953169
2820.379101,0.937543
2821.269767,0.890666
2822.222935,0.953169
2823.222981,1.000046
2824.144898,0.921917
2825.035564,0.890666
2825.957481,0.921917
2826.926275,0.968794
2827.879444,0.953169
2828.770110,0.890666
2829.723279,0.953169
2830.676447,0.953169
2831.598364,0.921917
2832.473404,0.875040
2833.395322,0.921917
2834.348490,0.953169
2835.239156,0.890666
2836.176699,0.937543
2837.145493,0.968794
2838.114288,0.968794
2839.036205,0.921917
2839.911245,0.875040
2840.817536,0.906291
2841.770705,0.953169
2842.661371,0.890666
2843.552037,0.890666
2844.489579,0.937543
2845.458374,0.968794
2846.364665,0.906291
2847.317834,0.953169
2848.302254,0.984420
2849.224171,0.921917
2850.130463,0.906291
2851.083631,0.953169
2852.052426,0.968794
2852.989969,0.937543
2853.849383,0.859414
2854.786926,0.937543
2855.755720,0.968794
2856.693263,0.937543
2857.537052,0.843789
2858.458969,0.921917
2859.380886,0.921917
2860.287178,0.906291
2861.162218,0.875040
2862.115386,0.953169
2863.021678,0.906291
2863.912344,0.890666
2864.818635,0.906291
2865.771804,0.953169
2866.724972,0.953169
2867.646889,0.921917
2868.521930,0.875040
2869.475098,0.953169
2870.490770,1.015671
2871.475190,0.984420
2872.350230,0.875040
2873.287773,0.937543
2874.240941,0.953169
2875.194110,0.953169
2876.100401,0.906291
2877.037944,0.937543
2877.975487,0.937543
2878.913030,0.937543
2879.819322,0.906291
2880.803742,0.984420
2881.772536,0.968794
2882.725705,0.953169
2883.600745,0.875040
2884.538288,0.937543
2885.522708,0.984420
2886.382122,0.859414
2887.194659,0.812537
2888.116576,0.921917
2889.085371,0.968794
2890.085417,1.000046
2891.038585,0.953169
2892.054257,1.015671
2893.085554,1.031297
2894.038723,0.953169
2895.007517,0.968794
2896.007563,1.000046
2896.960731,0.953169
2897.804520,0.843789
2898.632683,0.828163
2899.460846,0.828163
2900.242131,0.781286
2901.023417,0.781286
2901.882832,0.859414
2902.867252,0.984420
2903.945426,1.078174
2904.929846,0.984420
2905.992395,1.062549
2907.023692,1.031297
2907.976861,0.953169
2908.914403,0.937543
2909.883198,0.968794
2910.867618,0.984420
2911.789535,0.921917
2912.695827,0.906291
2913.664621,0.968794
2914.649041,0.984420
2915.570958,0.921917
2916.492875,0.921917
2917.414793,0.921917
2918.352335,0.937543
2919.258627,0.906291
2920.071164,0.812537
2920.930578,0.859414
2921.805619,0.875040
2922.711910,0.906291
2923.602576,0.890666
2924.555744,0.953169
2925.540164,0.984420
2926.493333,0.953169
2927.368373,0.875040
2928.274665,0.906291
2929.305962,1.031297
2930.243505,0.937543
2931.212299,0.968794
2932.227971,1.015671
2933.274894,1.046923
2934.243688,0.968794
2935.165605,0.921917
2936.118774,0.953169
2937.087568,0.968794
2938.040737,0.953169
2938.915777,0.875040
2939.837694,0.921917
2940.728360,0.890666
2941.634651,0.906291
2942.494066,0.859414
2943.415983,0.921917
2944.353526,0.937543
2945.291069,0.937543
2946.212986,0.921917
2947.213032,1.000046
2948.181826,0.968794
2949.119369,0.937543
2949.994409,0.875040
2950.947577,0.953169
2951.931998,0.984420
2952.807038,0.875040
2953.682078,0.875040
2954.635246,0.953169
2955.635292,1.000046
2956.572835,0.937543
2957.541629,0.968794
2958.588552,1.046923
2959.541721,0.953169
2960.479264,0.937543
2961.479310,1.000046
2962.510607,1.031297
2963.479401,0.968794
2964.401318,0.921917
2965.448241,1.046923
2966.463913,1.015671
2967.448333,0.984420
2968.385876,0.937543
2969.354670,0.968794
2970.370342,1.015671
2971.354762,0.984420
2972.276679,0.921917
2973.214222,0.937543
2974.183016,0.968794
2975.167436,0.984420
2976.058102,0.890666
2976.995645,0.937543
2977.995691,1.000046
2978.933233,0.937543
2979.839525,0.906291
2980.777068,0.937543
2981.808365,1.031297
2982.777159,0.968794
2983.683451,0.906291
2984.605368,0.921917
2985.574162,0.968794
2986.574208,1.000046
2987.480500,0.906291
2988.402417,0.921917
2989.418088,1.015671
2990.371257,0.953169
2991.293174,0.921917
2992.246343,0.953169
2993.246389,1.000046
2994.246434,1.000046
2995.168352,0.921917
2996.043392,0.875040
2997.012186,0.968794
2997.934103,0.921917
2998.809143,0.875040
2999.590429,0.781286
3000.371715,0.781286
3001.184252,0.812537
3001.949912,0.765660
3002.762449,0.812537
3003.606238,0.843789
3004.606284,1.000046
3005.637581,1.031297
3006.528247,0.890666
3007.543918,1.015671
3008.637718,1.093800
3009.747144,1.109426
3010.762815,1.015671
3011.840990,1.078174
3012.872287,1.031297
3013.887959,1.015671
3014.825501,0.937543
3015.747419,0.921917
3016.700587,0.953169
3017.700633,1.000046
3018.685053,0.984420
3019.591345,0.906291
3020.528888,0.937543
3021.497682,0.968794
3022.466476,0.968794
3023.357142,0.890666
3024.247808,0.890666
3025.200976,0.953169
3026.232274,1.031297
3027.185442,0.953169
3028.091734,0.906291
3029.044902,0.953169
3030.060574,1.015671
3030.998117,0.937543
3031.888783,0.890666
3032.841951,0.953169
3033.841997,1.000046
3034.795166,0.953169
3035.670206,0.875040
3036.623374,0.953169
3037.592169,0.968794
3038.576589,0.984420
3039.451629,0.875040
3040.311043,0.859414
3041.217335,0.906291
3042.170503,0.953169
3043.076795,0.906291
3043.998712,0.921917
3044.967506,0.968794
3045.998803,1.031297
3046.920721,0.921917
3047.795761,0.875040
3048.795806,1.000046
3049.780226,0.984420
3050.749021,0.968794
3051.624061,0.875040
3052.592855,0.968794
3053.546024,0.953169
3054.467941,0.921917
3055.374233,0.906291
3056.327401,0.953169
3057.296196,0.968794
3058.202487,0.906291
3059.124404,0.921917
3060.061947,0.937543
3060.983864,0.921917
3061.874530,0.890666
3062.749570,0.875040
3063.718364,0.968794
3064.655907,0.937543
3065.546573,0.890666
3066.468490,0.921917
3067.437285,0.968794
3068.437330,1.000046
3069.327996,0.890666
3070.265539,0.937543
