Timestamp,EDA
17:21:54,0.8438379999999999
17:21:54,1.191116
17:21:54,1.62911
17:21:54,2.1068290000000003
17:21:55,2.594893
17:21:55,3.09248
17:21:55,3.607539
17:21:55,4.102712
17:21:56,4.599687
17:21:56,5.097704
17:21:56,5.596551
17:21:56,6.092747
17:21:57,6.2614540000000005
17:21:57,6.317794999999999
17:21:57,6.319076
17:21:57,6.321636
17:21:58,6.306271
17:21:58,6.284503
17:21:58,6.247368
17:21:58,6.296027
17:21:59,6.488099
17:21:59,6.560644
17:21:59,6.623388
17:21:59,6.6899729999999975
17:22:00,6.769363
17:22:00,7.090764
17:22:00,6.425622
17:22:00,5.921683
17:22:01,6.3831
17:22:01,6.594378999999999
17:22:01,5.948574
17:22:01,5.839732
17:22:02,5.732614
17:22:02,5.7531019999999975
17:22:02,5.779992
17:22:02,5.790236
17:22:03,5.804321
17:22:03,5.803041
17:22:03,5.8056019999999995
17:22:03,5.845297
17:22:04,5.883711
17:22:04,5.893955
17:22:04,5.946455
17:22:04,5.873467
17:22:05,5.859382
17:22:05,5.861943
17:22:05,5.865785
17:22:05,5.8529800000000005
17:22:06,5.8555410000000006
17:22:06,5.8555410000000006
17:22:06,5.846577
17:22:06,5.846577
17:22:07,5.844016000000001
17:22:07,5.840175
17:22:07,5.837614
17:22:07,5.836333
17:22:08,5.836333
17:22:08,5.832492
17:22:08,5.836333
17:22:08,5.833772
17:22:09,5.831212
17:22:09,5.833772
17:22:09,5.829931
17:22:09,5.824808999999999
17:22:10,5.822248
17:22:10,5.814565
17:22:10,5.814565
17:22:10,5.810724
17:22:11,5.8081629999999995
17:22:11,5.804321
17:22:11,5.799199
17:22:11,5.795358
17:22:12,5.7915160000000006
17:22:12,5.7915160000000006
17:22:12,5.786395
17:22:12,5.785114
17:22:13,5.77487
17:22:13,5.77487
17:22:13,5.771029
17:22:13,5.765907
17:22:14,5.759504
17:22:14,5.7531019999999975
17:22:14,5.750541
17:22:14,5.741578
17:22:15,5.737736
17:22:15,5.728773
17:22:15,5.7070050000000005
17:22:15,5.69548
17:22:16,5.689078
17:22:16,5.685236
17:22:16,5.686517
17:22:16,5.687797
17:22:17,5.710846
17:22:17,5.740297
17:22:17,5.758224
17:22:17,5.758224
17:22:18,5.759504
17:22:18,5.758224
17:22:18,5.746699
17:22:18,5.744139
17:22:19,5.7338949999999995
17:22:19,5.727492
17:22:19,5.726212
17:22:19,5.741578
17:22:20,5.796638
17:22:20,5.856821
17:22:20,5.895236
17:22:20,5.9131620000000025
17:22:21,5.897797
17:22:21,5.8901129999999995
17:22:21,5.8529800000000005
17:22:21,5.824808999999999
17:22:22,5.7889550000000005
17:22:22,5.750541
17:22:22,5.7095660000000015
17:22:22,5.686517
17:22:23,5.659626
17:22:23,5.6378580000000005
17:22:23,5.604566
17:22:23,5.338225
17:22:24,5.314213
17:22:24,5.311652
17:22:24,5.2796400000000006
17:22:24,5.2770790000000005
17:22:25,5.344944
17:22:25,5.493481
17:22:25,5.666346
17:22:25,5.776467
17:22:26,5.812321
17:22:26,5.805919
17:22:26,5.776467
17:22:26,5.734211
17:22:27,5.6778699999999995
17:22:27,5.610004
17:22:27,5.554944
17:22:27,5.4973220000000005
17:22:28,5.452505
17:22:28,5.419213
17:22:28,5.389761
17:22:28,5.371835
17:22:29,5.355188
17:22:29,5.3436639999999995
17:22:29,5.33214
17:22:29,5.320615
17:22:30,5.318055
17:22:30,5.310371
17:22:30,5.302689
17:22:30,5.292445
17:22:31,5.265555
17:22:31,5.239945
17:22:31,5.223299
17:22:31,5.211774
17:22:32,5.1951279999999995
17:22:32,5.197689
17:22:32,5.2104940000000015
17:22:32,5.2348230000000004
17:22:33,5.2642739999999995
17:22:33,5.293725
17:22:33,5.301408
17:22:33,5.297567
17:22:34,5.288603
17:22:34,5.275798
17:22:34,5.260433
17:22:34,5.243786
17:22:35,5.228421
17:22:35,5.196409
17:22:35,5.17336
17:22:35,5.1631160000000005
17:22:36,5.142628
17:22:36,5.137506
17:22:36,5.131104
17:22:36,5.132384
17:22:37,5.131104
17:22:37,5.1336650000000015
17:22:37,5.1336650000000015
17:22:37,5.123421
17:22:38,5.110616
17:22:38,5.104214
17:22:38,5.152872
17:22:38,5.246347
17:22:39,5.3436639999999995
17:22:39,5.402566
17:22:39,5.421773
17:22:39,5.400005
17:22:40,5.3615910000000016
17:22:40,5.321896
17:22:40,5.271957
17:22:40,5.224579
17:22:41,5.2104940000000015
17:22:41,5.241226
17:22:41,5.286042
17:22:41,5.307811
17:22:42,5.3090910000000004
17:22:42,5.293725
17:22:42,5.271957
17:22:42,5.238665
17:22:43,5.202811
17:22:43,5.168238
17:22:43,5.137506
17:22:43,5.110616
17:22:44,5.095251
17:22:44,5.082446
17:22:44,5.072202
17:22:44,5.065799
17:22:45,5.056836
17:22:45,5.0414699999999995
17:22:45,4.98897
17:22:45,4.9608
17:22:46,4.956958
17:22:46,4.964641
17:22:46,4.965922
17:22:46,4.965922
17:22:47,4.964641
17:22:47,4.96208
17:22:47,4.9608
17:22:47,4.955678
17:22:48,4.953117
17:22:48,4.949275
17:22:48,4.9428730000000005
17:22:48,4.947347
17:22:49,4.942225
17:22:49,4.939664
17:22:49,4.9345419999999995
17:22:49,4.9307
17:22:50,4.955029
17:22:50,5.001126999999999
17:22:50,5.06387
17:22:50,5.111248000000002
17:22:51,5.131736
17:22:51,5.135578
17:22:51,5.131736
17:22:51,5.11381
17:22:52,5.084358
17:22:52,5.044663
17:22:52,4.971676
17:22:52,4.923018
17:22:53,4.919176
17:22:53,4.911493
17:22:53,4.910213
17:22:53,4.898688
17:22:54,4.873079
17:22:54,4.79881
17:22:54,4.853871
17:22:54,4.888444
17:22:55,4.9307
17:22:55,5.01009
17:22:55,5.068993
17:22:55,5.099724
17:22:56,5.112529
17:22:56,5.102285
17:22:56,5.092041
17:22:56,5.130455
17:22:57,5.217528
17:22:57,5.286674
17:22:57,5.3058819999999995
17:22:57,5.290516
17:22:58,5.3084430000000005
17:22:58,5.339174
17:22:58,5.360943
17:22:58,5.344296
17:22:59,5.319967
17:22:59,5.355821
17:22:59,5.430089
17:22:59,5.4646620000000015
17:23:00,5.471712999999999
17:23:00,5.435859
17:23:00,5.383359
17:23:00,5.314213
17:23:01,5.230982
17:23:01,5.142628
17:23:01,5.067080000000002
17:23:01,5.008178
17:23:02,4.9608
17:23:02,4.930068
17:23:02,4.914054
17:23:02,4.893566000000001
17:23:03,4.882042
17:23:03,4.870518
17:23:03,4.858994
17:23:03,4.84875
17:23:04,4.846189
17:23:04,4.833384
17:23:04,4.826981
17:23:04,4.820579
17:23:05,4.812896
17:23:05,4.809054
17:23:05,4.806493
17:23:05,4.800091
17:23:06,4.791128
17:23:06,4.7860059999999995
17:23:06,4.777042
17:23:06,4.773201
17:23:07,4.76936
17:23:07,4.761677
17:23:07,4.760396
17:23:07,4.773201
17:23:08,4.806493
17:23:08,4.846189
17:23:08,4.869237
17:23:08,4.87692
17:23:09,4.87692
17:23:09,4.865396
17:23:09,4.846189
17:23:09,4.818018
17:23:10,4.788567
17:23:10,4.760396
17:23:10,4.741189
17:23:10,4.728383999999998
17:23:11,4.720701
17:23:11,4.71814
17:23:11,4.7091769999999995
17:23:11,4.715579
17:23:12,4.757835
17:23:12,4.847469
17:23:12,4.992164
17:23:12,5.135578
17:23:13,5.1829550000000015
17:23:13,5.184236
17:23:13,5.130455
17:23:13,5.1086870000000015
17:23:14,5.070273
17:23:14,4.975517
17:23:14,4.906371
17:23:14,4.846189
17:23:15,4.820579
17:23:15,4.775762
17:23:15,4.7539940000000005
17:23:15,4.734787
17:23:16,4.733505999999998
17:23:16,4.710457
17:23:16,4.707896
17:23:16,4.700213
17:23:17,4.695092
17:23:17,4.688689
17:23:17,4.656676999999998
17:23:17,4.651555
17:23:18,4.633628
17:23:18,4.643872
17:23:18,4.6374699999999995
17:23:18,4.636189
17:23:19,4.648994
17:23:19,4.655396
17:23:19,4.68997
17:23:19,4.696372
17:23:20,4.71814
17:23:20,4.728383999999998
17:23:20,4.737348
17:23:20,4.729664
17:23:21,4.729664
17:23:21,4.725823
17:23:21,4.715579
17:23:21,4.7091769999999995
17:23:22,4.698933
17:23:22,4.68997
17:23:22,4.6848480000000015
17:23:22,4.6822870000000005
17:23:23,4.6771650000000005
17:23:23,4.672043
17:23:23,4.670763
17:23:23,4.668201
17:23:24,4.66436
17:23:24,4.66436
17:23:24,4.660519
17:23:24,4.678445
17:23:25,4.669482
17:23:25,4.660519
17:23:25,4.656676999999998
17:23:25,4.650275
17:23:26,4.650275
17:23:26,4.646433
17:23:26,4.646433
17:23:26,4.643872
17:23:27,4.645153
17:23:27,4.648994
17:23:27,4.648994
17:23:27,4.659237999999998
17:23:28,4.661798999999999
17:23:28,4.659237999999998
17:23:28,4.661798999999999
17:23:28,4.66436
17:23:29,4.660519
17:23:29,4.663079
17:23:29,4.66564
17:23:29,4.657958
17:23:30,4.663079
17:23:30,4.659237999999998
17:23:30,4.657958
17:23:30,4.656676999999998
17:23:31,4.655396
17:23:31,4.647714
17:23:31,4.650275
17:23:31,4.645153
17:23:32,4.645153
17:23:32,4.641311
17:23:32,4.645153
17:23:32,4.641311
17:23:33,4.641311
17:23:33,4.6374699999999995
17:23:33,4.632348
17:23:33,4.632348
17:23:34,4.628506
17:23:34,4.631067
17:23:34,4.6208230000000015
17:23:34,4.623384
17:23:35,4.61186
17:23:35,4.614421
17:23:35,4.647714
17:23:35,4.693811
17:23:36,4.69125
17:23:36,4.657958
17:23:36,4.648994
17:23:36,4.659237999999998
17:23:37,4.688689
17:23:37,4.729664
17:23:37,4.760396
17:23:37,4.7591160000000015
17:23:38,4.7514330000000005
17:23:38,4.74503
17:23:38,4.750152
17:23:38,4.7565550000000005
17:23:39,4.739908
17:23:39,4.721982
17:23:39,4.705335
17:23:39,4.695092
17:23:40,4.681006
17:23:40,4.6848480000000015
17:23:40,4.686128
17:23:40,4.584969999999998
17:23:41,4.481251
17:23:41,4.5286290000000005
17:23:41,4.5337510000000005
17:23:41,4.5337510000000005
17:23:42,4.5363120000000015
17:23:42,4.5388730000000015
17:23:42,4.542714
17:23:42,4.556799
17:23:43,4.58369
17:23:43,4.6028970000000005
17:23:43,4.631067
17:23:43,4.6208230000000015
17:23:44,4.619543
17:23:44,4.6080190000000005
17:23:44,4.596494
17:23:44,4.661798999999999
17:23:45,4.819298000000002
17:23:45,5.131736
17:23:45,5.290516
17:23:45,5.344296
17:23:46,5.322528
17:23:46,5.240577
17:23:46,5.1701510000000015
17:23:46,5.103566000000002
17:23:47,5.053627
17:23:47,5.025456
17:23:47,4.919176
17:23:47,4.82442
17:23:48,4.814177
17:23:48,4.801372
17:23:48,4.76936
17:23:48,4.702775
17:23:49,4.673323
17:23:49,4.643872
17:23:49,4.604177
17:23:49,4.577287
17:23:50,4.551677
17:23:50,4.531189
17:23:50,4.485092
17:23:50,4.492775
17:23:51,4.485092
17:23:51,4.47997
17:23:51,4.465885
17:23:51,4.460763
17:23:52,4.4594830000000005
17:23:52,4.447958
17:23:52,4.461304
17:23:52,4.4523410000000005
17:23:53,4.448499
17:23:53,4.442097
17:23:53,4.442097
17:23:53,4.438256
17:23:54,4.434414
17:23:54,4.434414
17:23:54,4.428012
17:23:54,4.426731
17:23:55,4.419048
17:23:55,4.410085
17:23:55,4.401122
17:23:55,4.398561
17:23:56,4.394719
17:23:56,4.381914
17:23:56,4.361426
17:23:56,4.346061
17:23:57,4.338378
17:23:57,4.337098
17:23:57,4.2320980000000015
17:23:57,4.266671
17:23:58,4.367829
17:23:58,4.4741089999999994
17:23:58,4.511243
17:23:58,4.543255
17:23:59,4.558621
17:23:59,4.563743
17:23:59,4.5560599999999996
17:23:59,4.536853
17:24:00,4.511243
17:24:00,4.484353
17:24:00,4.462585
17:24:00,4.445939
17:24:01,4.443377
17:24:01,4.486914
17:24:01,4.591914
17:24:01,4.7148400000000015
17:24:02,4.804474
17:24:02,4.837766
17:24:02,4.831364
17:24:02,4.804474
17:24:03,4.762218
17:24:03,4.709718
17:24:03,4.654657
17:24:03,4.602158
17:24:04,4.557341
17:24:04,4.518926
17:24:04,4.492036
17:24:04,4.4741089999999994
17:24:05,4.454902
17:24:05,4.443377
17:24:05,4.433134
17:24:05,4.420329
17:24:06,4.430573000000001
17:24:06,4.435695
17:24:06,4.435695
17:24:06,4.398561
17:24:07,4.388317
17:24:07,4.462585
17:24:07,4.63545
17:24:07,4.764779
17:24:08,4.8902660000000004
17:24:08,4.95429
17:24:08,4.935822
17:24:08,4.914054
17:24:09,4.85131
17:24:09,4.774481
17:24:09,4.791128
17:24:09,4.737348
17:24:10,4.66564
17:24:10,4.591372
17:24:10,4.519665
17:24:10,4.4646040000000005
17:24:11,4.3852150000000005
17:24:11,4.379354
17:24:11,4.355024
17:24:11,4.329414
17:24:12,4.310207
17:24:12,4.2986830000000005
17:24:12,4.275633999999998
17:24:12,4.273073
17:24:13,4.271793
17:24:13,4.287158
17:24:13,4.2986830000000005
17:24:13,4.299963
17:24:14,4.293561
17:24:14,4.273073
17:24:14,4.260268
17:24:14,4.061794
17:24:15,4.248744
17:24:15,4.270512
17:24:15,4.261549
17:24:15,4.285878
17:24:16,4.376792
17:24:16,4.53045
17:24:16,4.695632
17:24:16,4.837766
17:24:17,4.897949
17:24:17,4.897949
17:24:17,4.864656
17:24:17,4.807034
17:24:18,4.731486
17:24:18,4.6456940000000015
17:24:18,4.561182
17:24:18,4.485633
17:24:19,4.430573000000001
17:24:19,4.389597
17:24:19,4.357585
17:24:19,4.329414
17:24:20,4.312768
17:24:20,4.2986830000000005
17:24:20,4.271793
17:24:20,4.235939
17:24:21,4.23722
17:24:21,4.214171
17:24:21,4.234659
17:24:21,4.205208
17:24:22,4.215452
17:24:22,4.221854
17:24:22,4.151427
17:24:22,4.242342
17:24:23,4.367829
17:24:23,4.471548
17:24:23,4.562462
17:24:23,4.508682
17:24:24,4.533011
17:24:24,4.457463
17:24:24,4.380634
17:24:24,4.338378
17:24:25,4.283317
17:24:25,4.207768
17:24:25,4.174476
17:24:25,4.128379
17:24:26,4.102769
17:24:26,4.1104519999999996
17:24:26,4.119415
17:24:26,4.136062
17:24:27,4.1322199999999984
17:24:27,4.168074
17:24:27,4.127098
17:24:27,4.134780999999999
17:24:28,4.121976
17:24:28,4.142464
17:24:28,4.1527080000000005
17:24:28,4.170635
17:24:29,4.175756
17:24:29,4.170635
17:24:29,4.178318
17:24:29,4.203926999999998
17:24:30,4.26411
17:24:30,4.141183
17:24:30,4.097647
17:24:30,4.113013
17:24:31,4.1821589999999995
17:24:31,4.189842
17:24:31,4.200086
17:24:31,4.207768
17:24:32,4.201366
17:24:32,4.138623
17:24:32,4.1322199999999984
17:24:32,4.101489
17:24:33,4.061794
17:24:33,4.010574
17:24:33,4.162952
17:24:33,4.010574
17:24:34,3.9158180000000002
17:24:34,4.072128
17:24:34,4.285968
17:24:34,4.462675
17:24:35,4.565023
17:24:35,4.502280000000002
17:24:35,4.579109
17:24:35,4.568865
17:24:36,4.626487
17:24:36,4.710999
17:24:36,4.799352
17:24:36,4.813437
17:24:37,4.755816
17:24:37,4.694351999999999
17:24:37,4.5957550000000005
17:24:37,4.518926
17:24:38,4.419048
17:24:38,4.326854
17:24:38,4.253866
17:24:38,4.191123
17:24:39,4.1501470000000005
17:24:39,4.120696
17:24:39,4.0963660000000015
17:24:39,4.0861230000000015
17:24:40,4.0758790000000005
17:24:40,4.0579519999999984
17:24:40,4.050269
17:24:40,4.038745
17:24:41,4.033623
17:24:41,4.040025
17:24:41,4.034904
17:24:41,4.034904
17:24:42,4.029781
17:24:42,4.029781
17:24:42,4.020818
17:24:42,4.002892
17:24:43,3.9977690000000004
17:24:43,4.0144160000000015
17:24:43,4.010574
17:24:43,3.993928
17:24:44,3.978562
17:24:44,3.9670379999999996
17:24:44,3.9619160000000004
17:24:44,3.947831
17:24:45,3.9645669999999997
17:24:45,3.974811
17:24:45,3.9824940000000004
17:24:45,3.970969
17:24:46,3.97225
17:24:46,3.97225
17:24:46,3.9645669999999997
17:24:46,3.969689
17:24:47,3.9671279999999998
17:24:47,4.0606029999999995
17:24:47,4.061884
17:24:47,4.019628
17:24:48,4.040115
17:24:48,4.023469
17:24:48,3.9876160000000014
17:24:48,3.9760910000000003
17:24:49,4.0042620000000015
17:24:49,3.996579
17:24:49,3.9952989999999997
17:24:49,3.9850550000000013
17:24:50,3.9632870000000002
17:24:50,3.978652
17:24:50,3.9325550000000002
17:24:50,3.928714
17:24:51,3.9133480000000014
17:24:51,3.928714
17:24:51,3.965847
17:24:51,4.037555
17:24:52,4.179688
17:24:52,4.2885290000000005
17:24:52,4.355114
17:24:52,4.376883
17:24:53,4.376883
17:24:53,4.3448709999999995
17:24:53,4.301334
17:24:53,4.282127
17:24:54,4.202737
17:24:54,4.136152
17:24:54,4.164322
17:24:54,4.18353
17:24:55,4.18481
17:24:55,4.15664
17:24:55,4.166883
17:24:55,4.1348709999999995
17:24:56,3.909506
17:24:56,3.848043
17:24:56,3.904384
17:24:56,3.8992620000000002
17:24:57,3.896702
17:24:57,4.059323
17:24:57,4.2014569999999996
17:24:57,4.376883
17:24:58,4.452431
17:24:58,4.480512
17:24:58,4.4024019999999995
17:24:58,4.297402
17:24:59,4.187281
17:24:59,4.121976
17:24:59,4.064354
17:24:59,4.00033
17:25:00,3.963196
17:25:00,3.932465
17:25:00,3.973531
17:25:00,3.9325550000000002
17:25:01,3.9760910000000003
17:25:01,4.031152
17:25:01,4.043957
17:25:01,4.02475
17:25:02,4.034994
17:25:02,4.038835
17:25:02,4.022189
17:25:02,3.99914
17:25:03,3.974811
17:25:03,3.950482
17:25:03,3.960726
17:25:03,3.969689
17:25:04,3.968409
17:25:04,3.9517620000000004
17:25:04,3.968409
17:25:04,3.9671279999999998
17:25:05,3.94664
17:25:05,3.947921
17:25:05,3.9492010000000004
17:25:05,3.944079
17:25:06,3.922311
17:25:06,3.9235919999999997
17:25:06,3.912067
17:25:06,3.896702
17:25:07,3.903104
17:25:07,3.9082260000000004
17:25:07,3.9133480000000014
17:25:07,3.917189
17:25:08,3.922311
17:25:08,3.924872
17:25:08,3.9351160000000003
17:25:08,3.944079
17:25:09,3.938957
17:25:09,3.94664
17:25:09,3.9517620000000004
17:25:09,3.958165
17:25:10,3.958165
17:25:10,3.953043
17:25:10,3.955604
17:25:10,3.958165
17:25:11,3.9594449999999997
17:25:11,3.9568839999999996
17:25:11,3.958165
17:25:11,3.960726
17:25:12,3.9568839999999996
17:25:12,3.9620059999999997
17:25:12,3.960726
17:25:12,3.9645669999999997
17:25:13,3.9850550000000013
17:25:13,4.013226
17:25:13,4.032433
17:25:13,4.061884
17:25:14,4.0554809999999994
17:25:14,4.046518
17:25:14,4.0477989999999995
17:25:14,4.018347
17:25:15,4.019628
17:25:15,4.010664
17:25:15,4.042676
17:25:15,4.05164
17:25:16,4.090055
17:25:16,4.0926160000000005
17:25:16,4.093896
17:25:16,4.15664
17:25:17,4.151517
17:25:17,4.1937739999999994
17:25:17,4.154078
17:25:17,4.1425540000000005
17:25:18,4.1527980000000015
17:25:18,4.172005
17:25:18,4.141273
17:25:18,4.113103
17:25:19,4.083652
17:25:19,4.0554809999999994
17:25:19,4.017067
17:25:19,4.015786
17:25:20,4.000421
17:25:20,4.0042620000000015
17:25:20,4.015786
17:25:20,4.006823000000002
17:25:21,4.036274
17:25:21,4.067006
17:25:21,4.1502370000000015
17:25:21,4.2142610000000005
17:25:22,4.255237
17:25:22,4.2987730000000015
17:25:22,4.332066
17:25:22,4.355114
17:25:23,4.3525529999999995
17:25:23,4.453712
17:25:23,4.522768
17:25:23,4.602158
17:25:24,4.603438
17:25:24,4.572706
17:25:24,4.504841000000001
17:25:24,4.4497800000000005
17:25:25,4.366549
17:25:25,4.279476
17:25:25,4.214171
17:25:25,4.156549
17:25:26,4.113013
17:25:26,4.064354
17:25:26,4.063073999999999
17:25:26,4.032342
17:25:27,4.05155
17:25:27,4.055391
17:25:27,4.042586
17:25:27,4.022099
17:25:28,4.0092940000000015
17:25:28,4.02466
17:25:28,4.010574
17:25:28,4.042586
17:25:29,4.022099
17:25:29,4.031062
17:25:29,4.005452
17:25:29,3.970879
17:25:30,3.988806
17:25:30,4.013135
17:25:30,4.0195370000000015
17:25:30,3.860758
17:25:31,3.922311
17:25:31,3.9760910000000003
17:25:31,4.02603
17:25:31,4.0285910000000005
17:25:32,3.9952989999999997
17:25:32,3.955604
17:25:32,3.927433
17:25:32,3.938957
17:25:33,3.9107870000000013
17:25:33,3.8877379999999997
17:25:33,3.9159089999999996
17:25:33,3.903104
17:25:34,3.8902989999999997
17:25:34,3.873653
17:25:34,3.886458
17:25:34,3.871092
17:25:35,3.8544449999999997
17:25:35,3.8582870000000002
17:25:35,3.853165
17:25:35,3.8544449999999997
17:25:36,3.9082260000000004
17:25:36,3.912067
17:25:36,3.86597
17:25:36,3.822433
17:25:37,3.841641000000001
17:25:37,3.94664
17:25:37,4.040115
17:25:37,4.136152
17:25:38,4.232188
17:25:38,4.23859
17:25:38,4.223225
17:25:38,4.154078
17:25:39,4.114383999999999
17:25:39,4.0606029999999995
17:25:39,4.040115
17:25:39,3.991457
17:25:40,3.9760910000000003
17:25:40,3.914628
17:25:40,3.823714
17:25:40,3.809629
17:25:41,3.798104
17:25:41,3.792982
17:25:41,3.800665
17:25:41,3.792982
17:25:42,3.8173120000000003
17:25:42,3.835238
17:25:42,3.876214
17:25:42,3.8595669999999997
17:25:43,3.851885
17:25:43,3.871092
17:25:43,3.86725
17:25:43,3.86725
17:25:44,3.853165
17:25:44,3.8442019999999997
17:25:44,3.841641000000001
17:25:44,3.833958
17:25:45,3.8301160000000003
17:25:45,3.831397
17:25:45,3.831397
17:25:45,3.832677
17:25:46,3.835238
17:25:46,3.8301160000000003
17:25:46,3.8301160000000003
17:25:46,3.832677
17:25:47,3.828836
17:25:47,3.832677
17:25:47,3.833958
17:25:47,3.837799
17:25:48,3.8442019999999997
17:25:48,3.8442019999999997
17:25:48,3.845482
17:25:48,3.841641000000001
17:25:49,3.848043
17:25:49,3.8442019999999997
17:25:49,3.848043
17:25:49,3.845482
17:25:50,3.845482
17:25:50,3.845482
17:25:50,3.848043
17:25:50,3.8467629999999997
17:25:51,3.8467629999999997
17:25:51,3.845482
17:25:51,3.837799
17:25:51,3.837799
17:25:52,3.874933
17:25:52,3.933836
17:25:52,3.8902989999999997
17:25:52,3.941518
17:25:53,3.97225
17:25:53,4.031152
17:25:53,4.042676
17:25:53,4.0452379999999994
17:25:54,4.010664
17:25:54,3.9978599999999997
17:25:54,4.059323
17:25:54,4.120786
17:25:55,4.1937739999999994
17:25:55,4.23603
17:25:55,4.233469
17:25:55,4.225786
17:25:56,4.2014569999999996
17:25:56,4.195054
17:25:56,4.196333999999999
17:25:56,4.154078
17:25:57,4.123347
17:25:57,4.074688
17:25:57,4.029872
17:25:57,3.9760910000000003
17:25:58,3.947921
17:25:58,3.9351160000000003
17:25:58,3.940238
17:25:58,3.9492010000000004
17:25:59,4.008103
17:25:59,4.023469
17:25:59,4.058043
17:25:59,4.042676
17:26:00,4.1374319999999996
17:26:00,4.319261
17:26:00,4.489565
17:26:00,4.641852
17:26:01,4.704596
17:26:01,4.685389
17:26:01,4.632889
17:26:01,4.60984
17:26:02,4.518926
17:26:02,4.462585
17:26:02,4.37167
17:26:02,4.297402
17:26:03,4.230817
17:26:03,4.21161
17:26:03,4.196244
17:26:03,4.177037
17:26:04,4.119415
17:26:04,4.10533
17:26:04,4.093806
17:26:04,4.072037
17:26:05,4.060512999999999
17:26:05,4.046428
17:26:05,4.05155
17:26:05,4.032342
17:26:06,4.037465
17:26:06,4.038745
17:26:06,4.037465
17:26:06,4.028501
17:26:07,4.022099
17:26:07,4.023379
17:26:07,4.02466
17:26:07,4.023379
17:26:08,4.073318
17:26:08,4.064354
17:26:08,3.9747209999999997
17:26:08,3.9516720000000003
17:26:09,4.0361839999999995
17:26:09,4.069477
17:26:09,4.0963660000000015
17:26:09,4.10533
17:26:10,4.0963660000000015
17:26:10,4.10661
17:26:10,4.087403
17:26:10,4.098927
17:26:11,4.128379
17:26:11,4.221854
17:26:11,4.2564269999999995
17:26:11,4.261549
17:26:12,4.220573
17:26:12,4.216732
17:26:12,4.228256
17:26:12,4.239781
17:26:13,4.280755999999999
17:26:13,4.331975
17:26:13,4.36911
17:26:13,4.398561
17:26:14,4.399841
17:26:14,4.426731
17:26:14,4.385756
17:26:14,4.358866
17:26:15,4.314049
17:26:15,4.280755999999999
17:26:15,4.246183
17:26:15,4.221854
17:26:16,4.203926999999998
17:26:16,4.197525
17:26:16,4.197525
17:26:16,4.192403
17:26:17,4.191123
17:26:17,4.180879
17:26:17,4.171915
17:26:17,4.165513
17:26:18,4.15911
17:26:18,4.161671
17:26:18,4.1603910000000015
17:26:18,4.165513
17:26:19,4.164232
17:26:19,4.169354
17:26:19,4.168074
17:26:19,4.169354
17:26:20,4.170635
17:26:20,4.170635
17:26:20,4.175756
17:26:20,4.173195
17:26:21,4.177037
17:26:21,4.1847199999999996
17:26:21,4.205208
17:26:21,4.2564269999999995
17:26:22,4.342219
17:26:22,4.415207
17:26:22,4.4741089999999994
17:26:22,4.497158
17:26:23,4.498438
17:26:23,4.486914
17:26:23,4.460024
17:26:23,4.433134
17:26:24,4.4024019999999995
17:26:24,4.3755120000000005
17:26:24,4.352462999999998
17:26:24,4.339658
17:26:25,4.324293
17:26:25,4.315329
17:26:25,4.308927
17:26:25,4.302525
17:26:26,4.292281
17:26:26,4.288439
17:26:26,4.28972
17:26:26,4.283317
17:26:27,4.288439
17:26:27,4.285878
17:26:27,4.288439
17:26:27,4.285878
17:26:28,4.285878
17:26:28,4.26411
17:26:28,4.2589879999999996
17:26:28,4.243622
17:26:29,4.243622
17:26:29,4.250025
17:26:29,4.275633999999998
17:26:29,4.276915
17:26:30,4.294841
17:26:30,4.273073
17:26:30,4.275633999999998
17:26:30,4.269232
17:26:31,4.278194999999998
17:26:31,4.270512
17:26:31,4.261549
17:26:31,4.291
17:26:32,4.2986830000000005
17:26:32,4.283317
17:26:32,4.253866
17:26:32,4.273073
17:26:33,4.260268
17:26:33,4.247464
17:26:33,4.284597
17:26:33,4.247464
17:26:34,4.285878
17:26:34,4.267951
17:26:34,4.262829
17:26:34,4.284597
17:26:35,4.247464
17:26:35,4.250025
17:26:35,4.233378
17:26:35,4.2385
17:26:36,4.250025
17:26:36,4.293561
17:26:36,4.351183
17:26:36,4.39728
17:26:37,4.413926999999998
17:26:37,4.419048
17:26:37,4.415207
17:26:37,4.403683
17:26:38,4.384475
17:26:38,4.3729510000000005
17:26:38,4.363987
17:26:38,4.357585
17:26:39,4.355024
17:26:39,4.349901999999998
17:26:39,4.340939
17:26:39,4.3306949999999995
17:26:40,4.31917
17:26:40,4.310207
17:26:40,4.299963
17:26:40,4.296122
17:26:41,4.288439
17:26:41,4.288439
17:26:41,4.296122
17:26:41,4.299963
17:26:42,4.3306949999999995
17:26:42,4.399841
17:26:42,4.4792309999999995
17:26:42,4.541975
17:26:43,4.568865
17:26:43,4.566304
17:26:43,4.538133
17:26:43,4.512524
17:26:44,4.460024
17:26:44,4.426731
17:26:44,4.394719
17:26:44,4.363987
17:26:45,4.3435
17:26:45,4.320451
17:26:45,4.299963
17:26:45,4.288439
17:26:46,4.278194999999998
17:26:46,4.273073
17:26:46,4.261549
17:26:46,4.2564269999999995
17:26:47,4.257708
17:26:47,4.315329
17:26:47,4.493316
17:26:47,4.71356
17:26:48,4.8749
17:26:48,4.98118
17:26:48,4.992164
17:26:48,4.884603
17:26:49,4.787286
17:26:49,4.710457
17:26:49,4.655396
17:26:49,4.570885
17:26:50,4.50558
17:26:50,4.588811
17:26:50,4.628506
17:26:50,4.812896
17:26:51,4.802651999999998
17:26:51,4.861554
17:26:51,4.779603
17:26:51,4.730944999999998
17:26:52,4.706616
17:26:52,4.555519
17:26:52,4.506861
17:26:52,4.348081
17:26:53,4.293561
17:26:53,4.250025
17:26:53,4.216732
17:26:53,4.221854
17:26:54,4.162952
17:26:54,4.1399029999999994
17:26:54,4.134780999999999
17:26:54,4.116854
17:26:55,4.127098
17:26:55,4.092525
17:26:55,4.074598
17:26:55,4.0784400000000005
17:26:56,4.077159
17:26:56,4.089964
17:26:56,4.077159
17:26:56,4.073318
17:26:57,4.063073999999999
17:26:57,4.063073999999999
17:26:57,4.054111
17:26:57,4.095086
17:26:58,4.171915
17:26:58,4.251305
17:26:58,4.307646
17:26:58,4.339658
17:26:59,4.3435
17:26:59,4.349901999999998
17:26:59,4.352462999999998
17:26:59,4.334537
17:27:00,4.311488
17:27:00,4.274354
17:27:00,4.248744
17:27:00,4.209048999999999
17:27:01,4.1821589999999995
17:27:01,4.1527080000000005
17:27:01,4.133501
17:27:01,4.120696
17:27:02,4.109171
17:27:02,4.100208
17:27:02,4.120696
17:27:02,4.1847199999999996
17:27:03,4.271793
17:27:03,4.3435
17:27:03,4.37039
17:27:03,4.37039
17:27:04,4.352462999999998
17:27:04,4.324293
17:27:04,4.288439
17:27:04,4.248744
17:27:05,4.216732
17:27:05,4.189842
17:27:05,4.174476
17:27:05,4.1603910000000015
17:27:06,4.1578300000000015
17:27:06,4.153988
17:27:06,4.151427
17:27:06,4.143744
17:27:07,4.142464
17:27:07,4.137341999999999
17:27:07,4.1527080000000005
17:27:07,4.1847199999999996
17:27:08,4.273073
17:27:08,4.357585
17:27:08,4.415207
17:27:08,4.45106
17:27:09,4.438256
17:27:09,4.408804
17:27:09,4.380634
17:27:09,4.390878
17:27:10,4.499719
17:27:10,4.649535
17:27:10,4.675145
17:27:10,4.710999
17:27:11,4.66234
17:27:11,4.566304
17:27:11,4.483072
17:27:11,4.389597
17:27:12,4.293561
17:27:12,4.205208
17:27:12,4.121976
17:27:12,4.061794
17:27:13,3.99905
17:27:13,3.9695989999999997
17:27:13,3.94527
17:27:13,3.942799
17:27:14,3.9325550000000002
17:27:14,3.937677
17:27:14,3.9351160000000003
17:27:14,3.924872
17:27:15,3.914628
17:27:15,3.873653
17:27:15,3.8390800000000014
17:27:15,3.8249940000000002
17:27:16,3.826275
17:27:16,3.8301160000000003
17:27:16,3.842921
17:27:16,3.795543
17:27:17,3.832677
17:27:17,3.857007
17:27:17,3.89414
17:27:17,3.897982
17:27:18,3.9082260000000004
17:27:18,3.9133480000000014
17:27:18,3.938957
17:27:18,3.9952989999999997
17:27:19,4.017067
17:27:19,4.054201
17:27:19,4.083652
17:27:19,4.116944
17:27:20,4.1323099999999995
17:27:20,4.1246279999999995
17:27:20,4.107981
17:27:20,4.090055
17:27:21,4.0734080000000015
17:27:21,4.087493
17:27:21,4.148957
17:27:21,4.2219440000000015
17:27:22,4.284688
17:27:22,4.321822
17:27:22,4.338468
17:27:22,4.330785
17:27:23,4.301334
17:27:23,4.257798
17:27:23,4.220664
17:27:23,4.18609
17:27:24,4.15792
17:27:24,4.141273
17:27:24,4.123347
17:27:24,4.114383999999999
17:27:25,4.10542
17:27:25,4.097737
17:27:25,4.093896
17:27:25,4.088774
17:27:26,4.084932
17:27:26,4.083652
17:27:26,4.083652
17:27:26,4.0759690000000015
17:27:27,4.07725
17:27:27,4.0759690000000015
17:27:27,4.074688
17:27:27,4.07725
17:27:28,4.081091000000002
17:27:28,4.081091000000002
17:27:28,4.084932
17:27:28,4.081091000000002
17:27:29,4.0785300000000015
17:27:29,4.082372
17:27:29,4.087493
17:27:29,4.102859
17:27:30,4.101579
17:27:30,3.996579
17:27:30,4.050358999999999
17:27:30,4.087493
17:27:31,4.041396
17:27:31,4.18481
17:27:31,4.269322
17:27:31,4.2885290000000005
17:27:32,4.320541
17:27:32,4.323102
17:27:32,4.3576760000000005
17:27:32,4.342308999999998
17:27:33,4.330785
17:27:33,4.341029
17:27:33,4.301334
17:27:33,4.321822
17:27:34,4.2885290000000005
17:27:34,4.297493
17:27:34,4.279566
17:27:34,4.2782860000000005
17:27:35,4.274444
17:27:35,4.250115
17:27:35,4.261639
17:27:35,4.257798
17:27:36,4.257798
17:27:36,4.261639
17:27:36,4.252676
17:27:36,4.253956
17:27:37,4.2488339999999996
17:27:37,4.242432
17:27:37,4.244993
17:27:37,4.243712
17:27:38,4.233469
17:27:38,4.2270660000000015
17:27:38,4.260358999999999
17:27:38,4.333346
17:27:39,4.405053
17:27:39,4.4396260000000005
17:27:39,4.448499
17:27:39,4.445939
17:27:40,4.42289
17:27:40,4.393439
17:27:40,4.357585
17:27:40,4.324293
17:27:41,4.288439
17:27:41,4.262829
17:27:41,4.244903
17:27:41,4.233378
17:27:42,4.221854
17:27:42,4.218012
17:27:42,4.207768
17:27:42,4.207768
17:27:43,4.200086
17:27:43,4.197525
17:27:43,4.198805
17:27:43,4.196244
17:27:44,4.194964
17:27:44,4.191123
17:27:44,4.193683
17:27:44,4.194964
17:27:45,4.203926999999998
17:27:45,4.205208
17:27:45,4.201366
17:27:45,4.198805
17:27:46,4.198805
17:27:46,4.207768
17:27:46,4.223135
17:27:46,4.2564269999999995
17:27:47,4.292281
17:27:47,4.31661
17:27:47,4.3306949999999995
17:27:47,4.326854
17:27:48,4.31789
17:27:48,4.307646
17:27:48,4.28972
17:27:48,4.278194999999998
17:27:49,4.271793
17:27:49,4.267951
17:27:49,4.291
17:27:49,4.363987
17:27:50,4.466426
17:27:50,4.541975
17:27:50,4.573987000000002
17:27:50,4.567585
17:27:51,4.545816
17:27:51,4.507401
17:27:51,4.462585
17:27:51,4.421608999999999
17:27:52,4.380634
17:27:52,4.34478
17:27:52,4.321732
17:27:52,4.305085
17:27:53,4.285878
17:27:53,4.280755999999999
17:27:53,4.280755999999999
17:27:53,4.292281
17:27:54,4.305085
17:27:54,4.308927
17:27:54,4.3038050000000005
17:27:54,4.296122
17:27:55,4.291
17:27:55,4.287158
17:27:55,4.351183
17:27:55,4.5240480000000005
17:27:56,4.710999
17:27:56,4.878742
17:27:56,4.9350830000000006
17:27:56,4.87692
17:27:57,4.835945
17:27:57,4.752713
17:27:57,4.670763
17:27:57,4.546556
17:27:58,4.427471
17:27:58,4.362707
17:27:58,4.267951
17:27:58,4.228256
17:27:59,4.165513
17:27:59,4.1552690000000005
17:27:59,4.113013
17:27:59,4.0758790000000005
17:28:00,4.070757
17:28:00,4.0579519999999984
17:28:00,4.074598
17:28:00,4.059233
17:28:01,4.087403
17:28:01,4.040025
17:28:01,4.043867
17:28:01,4.020818
17:28:02,4.042586
17:28:02,4.033623
17:28:02,4.0144160000000015
17:28:02,4.023379
17:28:03,4.0195370000000015
17:28:03,4.060512999999999
17:28:03,4.054111
17:28:03,4.107891
17:28:04,4.147586
17:28:04,4.192403
17:28:04,4.209048999999999
17:28:04,4.214171
17:28:05,4.203926999999998
17:28:05,4.1847199999999996
17:28:05,4.166793
17:28:05,4.180879
17:28:06,4.257708
17:28:06,4.351183
17:28:06,4.416487
17:28:06,4.440816000000001
17:28:07,4.435695
17:28:07,4.410085
17:28:07,4.367829
17:28:07,4.31661
17:28:08,4.26539
17:28:08,4.228256
17:28:08,4.194964
17:28:08,4.170635
17:28:09,4.1552690000000005
17:28:09,4.145025
17:28:09,4.1322199999999984
17:28:09,4.127098
17:28:10,4.120696
17:28:10,4.111732
17:28:10,4.107891
17:28:10,4.10533
17:28:11,4.101489
17:28:11,4.098927
17:28:11,4.098927
17:28:11,4.095086
17:28:12,4.0963660000000015
17:28:12,4.093806
17:28:12,4.091245
17:28:12,4.091245
17:28:13,4.091245
17:28:13,4.088684
17:28:13,4.0835620000000015
17:28:13,4.0861230000000015
17:28:14,4.084842
17:28:14,4.082281
17:28:14,4.082281
17:28:14,4.084842
17:28:15,4.093806
17:28:15,4.113013
17:28:15,4.127098
17:28:15,4.136062
17:28:16,4.146306
17:28:16,4.141183
17:28:16,4.145025
17:28:16,4.166793
17:28:17,4.250025
17:28:17,4.352462999999998
17:28:17,4.448499
17:28:17,4.492036
17:28:18,4.50356
17:28:18,4.489475
17:28:18,4.488194
17:28:18,4.5240480000000005
17:28:19,4.53045
17:28:19,4.526609
17:28:19,4.495877
17:28:19,4.467707
17:28:20,4.429292
17:28:20,4.37167
17:28:20,4.3281339999999995
17:28:20,4.2986830000000005
17:28:21,4.26539
17:28:21,4.246183
17:28:21,4.206487999999999
17:28:21,4.192403
17:28:22,4.178318
17:28:22,4.171915
17:28:22,4.1821589999999995
17:28:22,4.178318
17:28:23,4.193683
17:28:23,4.220573
17:28:23,4.257708
17:28:23,4.28972
17:28:24,4.311488
17:28:24,4.311488
17:28:24,4.2986830000000005
17:28:24,4.287158
17:28:25,4.269232
17:28:25,4.246183
17:28:25,4.2244150000000005
17:28:25,4.21033
17:28:26,4.193683
17:28:26,4.186
17:28:26,4.180879
17:28:26,4.253866
17:28:27,4.412646
17:28:27,4.579109
17:28:27,4.709718
17:28:27,4.759657
17:28:28,4.76734
17:28:28,4.71356
17:28:28,4.703316
17:28:28,4.775023
17:28:29,4.832644
17:28:29,4.844169
17:28:29,4.762218
17:28:29,4.672584
17:28:30,4.5957550000000005
17:28:30,4.494597
17:28:30,4.4523410000000005
17:28:30,4.4741089999999994
17:28:31,4.499719
17:28:31,4.509963
17:28:31,4.494597
17:28:31,4.462585
17:28:32,4.412646
17:28:32,4.347341
17:28:32,4.270512
17:28:32,4.206487999999999
17:28:33,4.2589879999999996
17:28:33,4.323012
17:28:33,4.425451
17:28:33,4.589353
17:28:34,4.678987
17:28:34,4.703316
17:28:34,4.639291
17:28:34,4.612401
17:28:35,4.547097
17:28:35,4.485633
17:28:35,4.488194
17:28:35,4.509963
17:28:36,4.613682
17:28:36,4.614962
17:28:36,4.567585
17:28:36,4.515085
17:28:37,4.436975
17:28:37,4.3435
17:28:37,4.270512
17:28:37,4.215452
17:28:38,4.164232
17:28:38,4.142464
17:28:38,4.10533
17:28:38,4.089964
17:28:39,4.0810010000000005
17:28:39,4.0810010000000005
17:28:39,4.077159
17:28:39,4.069477
17:28:40,4.070757
17:28:40,4.063073999999999
17:28:40,4.0681959999999995
17:28:40,4.0681959999999995
17:28:41,4.0681959999999995
17:28:41,4.095086
17:28:41,4.179598
17:28:41,4.31661
17:28:42,4.448499
17:28:42,4.533011
17:28:42,4.607279
17:28:42,4.603438
17:28:43,4.571426
17:28:43,4.565023
17:28:43,4.602158
17:28:43,4.60984
17:28:44,4.573987000000002
17:28:44,4.490756
17:28:44,4.439536
17:28:44,4.393439
17:28:45,4.374231
17:28:45,4.337098
17:28:45,4.291
17:28:45,4.261549
17:28:46,4.291
17:28:46,4.353744
17:28:46,4.408804
17:28:46,4.467707
17:28:47,4.522768
17:28:47,4.488194
17:28:47,4.445939
17:28:47,4.403683
17:28:48,4.380634
17:28:48,4.353744
17:28:48,4.310207
17:28:48,4.31661
17:28:49,4.399841
17:28:49,4.543255
17:28:49,4.68923
17:28:49,4.759657
17:28:50,4.7763029999999995
17:28:50,4.748132
17:28:50,4.68923
17:28:50,4.604718
17:28:51,4.5214870000000005
17:28:51,4.443377
17:28:51,4.380634
17:28:51,4.353744
17:28:52,4.355024
17:28:52,4.458743
17:28:52,4.5957550000000005
17:28:52,4.707157
17:28:53,4.760937
17:28:53,4.7148400000000015
17:28:53,4.690511
17:28:53,4.6252059999999995
17:28:54,4.5483769999999994
17:28:54,4.492036
17:28:54,4.439536
17:28:54,4.497158
17:28:55,4.594474
17:28:55,4.659779
17:28:55,4.68795
17:28:55,4.671303
17:28:56,4.629047
17:28:56,4.579109
17:28:56,4.518926
17:28:56,4.456182
17:28:57,4.413926999999998
17:28:57,4.3729510000000005
17:28:57,4.338378
17:28:57,4.31917
17:28:58,4.3012440000000005
17:28:58,4.28972
17:28:58,4.283317
17:28:58,4.285878
17:28:59,4.275633999999998
17:28:59,4.279476
17:28:59,4.273073
17:28:59,4.270512
17:29:00,4.285878
17:29:00,4.326854
17:29:00,4.385756
17:29:00,4.425451
17:29:01,4.444658
17:29:01,4.443377
17:29:01,4.434414
17:29:01,4.415207
17:29:02,4.390878
17:29:02,4.367829
17:29:02,4.356305
17:29:02,4.347341
17:29:03,4.340939
17:29:03,4.339658
17:29:03,4.3332559999999996
17:29:03,4.3332559999999996
17:29:04,4.321732
17:29:04,4.321732
17:29:04,4.31789
17:29:04,4.334537
17:29:05,4.329414
17:29:05,4.434414
17:29:05,4.563743
17:29:05,4.7442910000000005
17:29:06,4.904351
17:29:06,4.92612
17:29:06,4.876181
17:29:06,4.835205
17:29:07,4.84929
17:29:07,4.754535
17:29:07,4.695632
17:29:07,4.508682
17:29:08,4.589353
17:29:08,4.605999
17:29:08,4.703316
17:29:08,4.737888
17:29:09,4.703316
17:29:09,4.681547
17:29:09,4.728925
17:29:09,4.740449
17:29:10,4.55478
17:29:10,4.593194
17:29:10,4.760937
17:29:10,4.9402050000000015
17:29:11,4.914054
17:29:11,4.90381
17:29:11,4.938383
17:29:11,4.926858999999999
17:29:12,4.692531
17:29:12,4.6182620000000005
17:29:12,4.5337510000000005
17:29:12,4.547836
17:29:13,4.427471
17:29:13,4.4472190000000005
17:29:13,4.461304
17:29:13,4.4741089999999994
17:29:14,4.475389
17:29:14,4.390878
17:29:14,4.401122
17:29:14,4.385756
17:29:15,4.425451
17:29:15,4.381914
17:29:15,4.314049
17:29:15,4.31917
17:29:16,4.355024
17:29:16,4.399841
17:29:16,4.39728
17:29:16,4.419048
17:29:17,4.453621
17:29:17,4.477951
17:29:17,4.489475
17:29:17,4.486914
17:29:18,4.466426
17:29:18,4.445939
17:29:18,4.419048
17:29:18,4.408804
17:29:19,4.439536
17:29:19,4.538133
17:29:19,4.671303
17:29:19,4.780145
17:29:20,4.819839
17:29:20,4.808315
17:29:20,4.772461
17:29:20,4.7148400000000015
17:29:21,4.655938
17:29:21,4.597035
17:29:21,4.549657
17:29:21,4.517645
17:29:22,4.502280000000002
17:29:22,4.483072
17:29:22,4.468987
17:29:22,4.45106
17:29:23,4.456182
17:29:23,4.458743
17:29:23,4.457463
17:29:23,4.454902
17:29:24,4.458743
17:29:24,4.460024
17:29:24,4.471548
17:29:24,4.494597
17:29:25,4.516365
17:29:25,4.526609
17:29:25,4.531731
17:29:25,4.53045
17:29:26,4.522768
17:29:26,4.552218
17:29:26,4.5214870000000005
17:29:26,4.406243
17:29:27,4.348622
17:29:27,4.401122
17:29:27,4.4523410000000005
17:29:27,4.428012
17:29:28,4.392158
17:29:28,4.416487
17:29:28,4.484353
17:29:28,4.617523
17:29:29,4.63417
17:29:29,4.6303279999999996
17:29:29,4.611121
17:29:29,4.58295
17:29:30,4.557341
17:29:30,4.525329
17:29:30,4.483072
17:29:30,4.457463
17:29:31,4.424169999999998
17:29:31,4.410085
17:29:31,4.39728
17:29:31,4.389597
17:29:32,4.385756
17:29:32,4.387036
17:29:32,4.379354
17:29:32,4.387036
17:29:33,4.384475
17:29:33,4.384475
17:29:33,4.385756
17:29:33,4.385756
17:29:34,4.385756
17:29:34,4.381914
17:29:34,4.383195
17:29:34,4.374231
17:29:35,4.374231
17:29:35,4.374231
17:29:35,4.374231
17:29:35,4.385756
17:29:36,4.421608999999999
17:29:36,4.475389
17:29:36,4.516365
17:29:36,4.536853
17:29:37,4.543255
17:29:37,4.539414
17:29:37,4.527889
17:29:37,4.512524
17:29:38,4.490756
17:29:38,4.471548
17:29:38,4.457463
17:29:38,4.448499
17:29:39,4.443377
17:29:39,4.438256
17:29:39,4.435695
17:29:39,4.429292
17:29:40,4.430573000000001
17:29:40,4.426731
17:29:40,4.420329
17:29:40,4.4049629999999995
17:29:41,4.399841
17:29:41,4.412646
17:29:41,4.522768
17:29:41,4.638011
17:29:42,4.694351999999999
17:29:42,4.736608
17:29:42,4.749413
17:29:42,4.7417300000000004
17:29:43,4.7442910000000005
17:29:43,4.722523000000002
17:29:43,4.666182
17:29:43,4.621365
17:29:44,4.58167
17:29:44,4.5534989999999995
17:29:44,4.531731
17:29:44,4.513804
17:29:45,4.498438
17:29:45,4.525329
17:29:45,4.543255
17:29:45,4.527889
17:29:46,4.518926
17:29:46,4.512524
17:29:46,4.584230000000002
17:29:46,4.708437
17:29:47,4.859534
17:29:47,4.992705
17:29:47,5.049785
17:29:47,5.070273
17:29:48,5.067712
17:29:48,5.036981
17:29:48,4.961432
17:29:48,4.875639
17:29:49,4.792408
17:29:49,4.7194199999999995
17:29:49,4.6797260000000005
17:29:49,4.640031
17:29:50,4.619543
17:29:50,4.591372
17:29:50,4.587530999999999
17:29:50,4.576006
17:29:51,4.577287
17:29:51,4.591372
17:29:51,4.61186
17:29:51,4.6182620000000005
17:29:52,4.623384
17:29:52,4.614421
17:29:52,4.610579
17:29:52,4.600336
17:29:53,4.590091999999999
17:29:53,4.582408999999998
17:29:53,4.590091999999999
17:29:53,4.625946
17:29:54,4.686128
17:29:54,4.74503
17:29:54,4.771921
17:29:54,4.777042
17:29:55,4.7642370000000005
17:29:55,4.736067
17:29:55,4.704055
17:29:55,4.6771650000000005
17:29:56,4.647714
17:29:56,4.628506
17:29:56,4.614421
17:29:56,4.601616
17:29:57,4.592653
17:29:57,4.588811
17:29:57,4.587530999999999
17:29:57,4.587530999999999
17:29:58,4.581129
17:29:58,4.587530999999999
17:29:58,4.576006
17:29:58,4.559361
17:29:59,4.574726
17:29:59,4.595214
17:29:59,4.704055
17:29:59,4.801372
17:30:00,4.9294199999999995
17:30:00,4.965273000000002
17:30:00,4.949908
17:30:00,4.920456
17:30:01,4.82314
17:30:01,4.732225
17:30:01,4.6054580000000005
17:30:01,4.668201
17:30:02,4.654116
17:30:02,4.672043
17:30:02,4.58625
17:30:02,4.550397
17:30:03,4.501739
17:30:03,4.513262999999999
17:30:03,4.485092
17:30:03,4.519665
17:30:04,4.5286290000000005
17:30:04,4.514544
17:30:04,4.5286290000000005
17:30:04,4.537592
17:30:05,4.591372
17:30:05,4.640031
17:30:05,4.7539940000000005
17:30:05,4.7642370000000005
17:30:06,4.755274
17:30:06,4.720701
17:30:06,4.696372
17:30:06,4.678445
17:30:07,4.641311
17:30:07,4.595214
17:30:07,4.55808
17:30:07,4.522226
17:30:08,4.495336
17:30:08,4.47997
17:30:08,4.468446
17:30:08,4.460763
17:30:09,4.463324
17:30:09,4.4594830000000005
17:30:09,4.454359999999999
17:30:09,4.445397
17:30:10,4.460024
17:30:10,4.4523410000000005
17:30:10,4.465146
17:30:10,4.462585
17:30:11,4.429292
17:30:11,4.431853
17:30:11,4.458743
17:30:11,4.5560599999999996
17:30:12,4.649535
17:30:12,4.780145
17:30:12,4.790389
17:30:12,4.864656
17:30:13,4.769901
17:30:13,4.678987
17:30:13,4.678987
17:30:13,4.648255000000002
17:30:14,4.6277669999999995
17:30:14,4.5957550000000005
17:30:14,4.571426
17:30:14,4.538133
17:30:15,4.522768
17:30:15,4.5214870000000005
17:30:15,4.526609
17:30:15,4.507401
17:30:16,4.526609
17:30:16,4.543255
17:30:16,4.576548000000002
17:30:16,4.60984
17:30:17,4.646974
17:30:17,4.704596
17:30:17,4.707157
17:30:17,4.690511
17:30:18,4.650816000000002
17:30:18,4.6226449999999994
17:30:18,4.602158
17:30:18,4.579109
17:30:19,4.570145
17:30:19,4.5560599999999996
17:30:19,4.547097
17:30:19,4.544536
17:30:20,4.538133
17:30:20,4.536853
17:30:20,4.533011
17:30:20,4.531731
17:30:21,4.527889
17:30:21,4.5240480000000005
17:30:21,4.522768
17:30:21,4.517645
17:30:22,4.517645
17:30:22,4.516365
17:30:22,4.512524
17:30:22,4.511243
17:30:23,4.512524
17:30:23,4.508682
17:30:23,4.508682
17:30:23,4.506121
17:30:24,4.508682
17:30:24,4.506121
17:30:24,4.506121
17:30:24,4.504841000000001
17:30:25,4.504841000000001
17:30:25,4.50356
17:30:25,4.507401
17:30:25,4.512524
17:30:26,4.533011
17:30:26,4.590633
17:30:26,4.655938
17:30:26,4.6994739999999995
17:30:27,4.725084
17:30:27,4.7417300000000004
17:30:27,4.7442910000000005
17:30:27,4.731486
17:30:28,4.707157
17:30:28,4.676425
17:30:28,4.644413
17:30:28,4.623926
17:30:29,4.593194
17:30:29,4.593194
17:30:29,4.694351999999999
17:30:29,4.837766
17:30:30,4.95301
17:30:30,5.0062489999999995
17:30:30,4.944786
17:30:30,4.912774
17:30:31,4.821859
17:30:31,4.810335
17:30:31,4.791128
17:30:31,4.714299
17:30:32,4.675884
17:30:32,4.6374699999999995
17:30:32,4.6131410000000015
17:30:32,4.581129
17:30:33,4.547836
17:30:33,4.554238
17:30:33,4.628506
17:30:33,4.761677
17:30:34,4.774481
17:30:34,4.858994
17:30:34,4.839786
17:30:34,4.871798
17:30:35,4.79753
17:30:35,4.737348
17:30:35,4.688689
17:30:35,4.654116
17:30:36,4.701494
17:30:36,4.792408
17:30:36,4.846189
17:30:36,4.892286
17:30:37,4.891006
17:30:37,4.865396
17:30:37,4.832103
17:30:37,4.782164
17:30:38,4.728383999999998
17:30:38,4.6848480000000015
17:30:38,4.648994
17:30:38,4.646433
17:30:39,4.63875
17:30:39,4.633628
17:30:39,4.636189
17:30:39,4.645153
17:30:40,4.6874080000000005
17:30:40,4.757835
17:30:40,4.82442
17:30:40,4.875639
17:30:41,4.874358999999999
17:30:41,4.864115
17:30:41,4.846189
17:30:41,4.875639
17:30:42,4.992164
17:30:42,5.125334
17:30:42,5.206004
17:30:42,5.220089
17:30:43,5.199602
17:30:43,5.173992
17:30:43,5.129175
17:30:43,5.071554
17:30:44,4.996005
17:30:44,4.939664
17:30:44,4.894847
17:30:44,4.867957
17:30:45,4.853871
17:30:45,4.84875
17:30:45,4.847469
17:30:45,4.85131
17:30:46,4.8410660000000005
17:30:46,4.8410660000000005
17:30:46,4.843627
17:30:46,4.844908
17:30:47,4.842347
17:30:47,4.839786
17:30:47,4.85003
17:30:47,4.885883
17:30:48,4.9870410000000005
17:30:48,5.112529
17:30:48,5.19448
17:30:48,5.24826
17:30:49,5.267467
17:30:49,5.266187
17:30:49,5.158626
17:30:49,5.0984440000000015
17:30:50,5.120212
17:30:50,5.200882
17:30:50,5.27515
17:30:50,5.254663
17:30:51,5.227772
17:30:51,5.202163
17:30:51,5.150943
17:30:51,5.203443
17:30:52,5.163748
17:30:52,5.180395
17:30:52,5.144541
17:30:52,5.104846
17:30:53,5.081797
17:30:53,5.060029
17:30:53,5.0357
17:30:53,5.022895
17:30:54,5.011371
17:30:54,4.9870410000000005
17:30:54,4.953749
17:30:54,4.914054
17:30:55,4.935822
17:30:55,4.960152
17:30:55,4.888444
17:30:55,4.819298000000002
17:30:56,4.844908
17:30:56,4.878201
17:30:56,4.866676
17:30:56,4.832103
17:30:57,4.858994
17:30:57,4.761677
17:30:57,4.724543
17:30:57,4.69125
17:30:58,4.700213
17:30:58,4.69125
17:30:58,4.696372
17:30:58,4.69125
17:30:59,4.692531
17:30:59,4.686128
17:30:59,4.6771650000000005
17:30:59,4.686128
17:31:00,4.74503
17:31:00,4.8602739999999995
17:31:00,4.960152
17:31:00,5.029297
17:31:01,5.060029
17:31:01,5.052346
17:31:01,5.025456
17:31:01,4.979359
17:31:02,4.921737
17:31:02,4.862835
17:31:02,4.812896
17:31:02,4.77064
17:31:03,4.747591000000001
17:31:03,4.725823
17:31:03,4.707896
17:31:03,4.697652
17:31:04,4.686128
17:31:04,4.6822870000000005
17:31:04,4.675884
17:31:04,4.673323
17:31:05,4.669482
17:31:05,4.673323
17:31:05,4.673323
17:31:05,4.666921
17:31:06,4.659237999999998
17:31:06,4.66564
17:31:06,4.669482
17:31:06,4.700213
17:31:07,4.787286
17:31:07,4.9050910000000005
17:31:07,5.0190529999999995
17:31:07,5.0830779999999995
17:31:08,5.092041
17:31:08,5.070273
17:31:08,5.004968
17:31:08,4.924298
17:31:09,4.85131
17:31:09,4.777042
17:31:09,4.71686
17:31:09,4.674604
17:31:10,4.654116
17:31:10,4.704055
17:31:10,4.821859
17:31:10,4.965273000000002
17:31:11,5.060029
17:31:11,5.094602
17:31:11,5.109968
17:31:11,5.071554
17:31:12,5.0062489999999995
17:31:12,4.924298
17:31:12,4.869237
17:31:12,4.812896
17:31:13,4.7642370000000005
17:31:13,4.730944999999998
17:31:13,4.710457
17:31:13,4.696372
17:31:14,4.686128
17:31:14,4.669482
17:31:14,4.666921
17:31:14,4.668201
17:31:15,4.661798999999999
17:31:15,4.668201
17:31:15,4.666921
17:31:15,4.669482
17:31:16,4.669482
17:31:16,4.670763
17:31:16,4.66436
17:31:16,4.669482
17:31:17,4.669482
17:31:17,4.678445
17:31:17,4.672043
17:31:17,4.673323
17:31:18,4.6848480000000015
17:31:18,4.696372
17:31:18,4.725823
17:31:18,4.7642370000000005
17:31:19,4.788567
17:31:19,4.728383999999998
17:31:19,4.760396
17:31:19,4.7539940000000005
17:31:20,4.7539940000000005
17:31:20,4.761677
17:31:20,4.7514330000000005
17:31:20,4.748872
17:31:21,4.728383999999998
17:31:21,4.706616
17:31:21,4.705335
17:31:21,4.710457
17:31:22,4.697652
17:31:22,4.698933
17:31:22,4.701494
17:31:22,4.702775
17:31:23,4.715579
17:31:23,4.704055
17:31:23,4.673323
17:31:23,4.633628
17:31:24,4.601616
17:31:24,4.559361
17:31:24,4.511982
17:31:24,4.517104
17:31:25,4.573446
17:31:25,4.632348
17:31:25,4.6182620000000005
17:31:25,4.738628
17:31:26,4.800091
17:31:26,4.847469
17:31:26,4.814177
17:31:26,4.814177
17:31:27,4.826981
17:31:27,4.829542
17:31:27,4.79753
17:31:27,4.721982
17:31:28,4.663079
17:31:28,4.6374699999999995
17:31:28,4.628506
17:31:28,4.642591
17:31:29,4.6080190000000005
17:31:29,4.587530999999999
17:31:29,4.578568
17:31:29,4.6080190000000005
17:31:30,4.6182620000000005
17:31:30,4.627226
17:31:30,4.640031
17:31:30,4.645153
17:31:31,4.654116
17:31:31,4.656676999999998
17:31:31,4.657958
17:31:31,4.66436
17:31:32,4.661798999999999
17:31:32,4.656676999999998
17:31:32,4.652835
17:31:32,4.654116
17:31:33,4.654116
17:31:33,4.655396
17:31:33,4.652835
17:31:33,4.655396
17:31:34,4.656676999999998
17:31:34,4.66564
17:31:34,4.683567
17:31:34,4.702775
17:31:35,4.71686
17:31:35,4.715579
17:31:35,4.704055
17:31:35,4.697652
17:31:36,4.678445
17:31:36,4.688689
17:31:36,4.739908
17:31:36,4.843627
17:31:37,4.998566
17:31:37,5.099724
17:31:37,5.184236
17:31:37,5.176553
17:31:38,5.186797
17:31:38,5.1227730000000005
17:31:38,5.090761
17:31:38,5.0088099999999995
17:31:39,4.894847
17:31:39,4.862835
17:31:39,4.821859
17:31:39,4.803933
17:31:40,4.775762
17:31:40,4.768079
17:31:40,4.755274
17:31:40,4.74503
17:31:41,4.739908
17:31:41,4.739908
17:31:41,4.734787
17:31:41,4.729664
17:31:42,4.727104
17:31:42,4.729664
17:31:42,4.733505999999998
17:31:42,4.736067
17:31:43,4.737348
17:31:43,4.742469
17:31:43,4.739908
17:31:43,4.7591160000000015
17:31:44,4.821859
17:31:44,4.919176
17:31:44,5.0062489999999995
17:31:44,5.06259
17:31:45,5.0779559999999995
17:31:45,5.085639
17:31:45,5.052346
17:31:45,5.002408
17:31:46,4.951188
17:31:46,4.907651
17:31:46,4.888444
17:31:46,4.882042
17:31:47,4.875639
17:31:47,4.870518
17:31:47,4.865396
17:31:47,4.84875
17:31:48,4.8410660000000005
17:31:48,4.826981
17:31:48,4.816737
17:31:48,4.805213
17:31:49,4.79753
17:31:49,4.789847
17:31:49,4.787286
17:31:49,4.782164
17:31:50,4.77064
17:31:50,4.768079
17:31:50,4.74503
17:31:50,4.721982
17:31:51,4.714299
17:31:51,4.7117379999999995
17:31:51,4.713018
17:31:51,4.7117379999999995
17:31:52,4.714299
17:31:52,4.7539940000000005
17:31:52,4.843627
17:31:52,4.967834
17:31:53,5.085639
17:31:53,5.158626
17:31:53,5.1752720000000005
17:31:53,5.158626
17:31:54,5.125334
17:31:54,5.081797
17:31:54,5.025456
17:31:54,4.980639
17:31:55,4.939664
17:31:55,4.916615
17:31:55,4.901249
17:31:55,4.8999690000000005
17:31:56,4.907651
17:31:56,4.891006
17:31:56,4.901249
17:31:56,4.897408
17:31:57,4.867957
17:31:57,4.87692
17:31:57,4.819298000000002
17:31:57,4.816737
17:31:58,4.794969
17:31:58,4.706616
17:31:58,4.537592
17:31:58,4.568324
17:31:59,4.572165
17:31:59,4.66436
17:31:59,4.8602739999999995
17:31:59,4.775762
17:32:00,4.737348
17:32:00,4.782164
17:32:00,4.7667980000000005
17:32:00,4.698933
17:32:01,4.747591000000001
17:32:01,4.7194199999999995
17:32:01,4.706616
17:32:01,4.654116
17:32:02,4.6208230000000015
17:32:02,4.573446
17:32:02,4.773201
17:32:02,4.885883
17:32:03,4.980639
17:32:03,5.039541000000002
17:32:03,5.028017
17:32:03,5.053627
17:32:04,5.085639
17:32:04,4.9319809999999995
17:32:04,4.631067
17:32:04,5.148383
17:32:05,5.117651
17:32:05,5.007529
17:32:05,4.948627
17:32:05,5.044663
17:32:06,5.068993
17:32:06,5.0805169999999995
17:32:06,5.19576
17:32:06,5.27387
17:32:07,5.2367360000000005
17:32:07,5.097163
17:32:07,5.2367360000000005
17:32:07,5.140699
17:32:08,5.293076999999999
17:32:08,5.527405
17:32:08,5.4973220000000005
17:32:08,4.947995
17:32:09,4.958871
17:32:09,5.150943
17:32:09,5.3007599999999995
17:32:09,5.27515
17:32:10,5.24826
17:32:10,5.309723
17:32:10,5.253382
17:32:10,5.234175
17:32:11,5.253382
17:32:11,5.371186
17:32:11,5.496674
17:32:11,5.5511019999999975
17:32:12,5.342384
17:32:12,4.82891
17:32:12,4.953749
17:32:12,5.103566000000002
17:32:13,5.216248
17:32:13,5.221369999999999
17:32:13,5.2290529999999995
17:32:13,5.46082
17:32:14,5.715004
17:32:14,5.620248
17:32:14,5.6509800000000014
17:32:14,5.2642739999999995
17:32:15,5.134945
17:32:15,5.223299
17:32:15,5.248908999999999
17:32:15,5.268116
17:32:16,5.260433
17:32:16,5.2693959999999995
17:32:16,5.2796400000000006
17:32:16,5.295006
17:32:17,5.303969
17:32:17,5.296286
17:32:17,5.310371
17:32:17,5.391042
17:32:18,5.4768339999999975
17:32:18,5.164396
17:32:18,5.184883999999999
17:32:18,5.178482
17:32:19,5.298847
17:32:19,5.320615
17:32:19,5.410248999999999
17:32:19,5.233542
17:32:20,5.143909
17:32:20,5.2348230000000004
17:32:20,4.790495
17:32:20,4.768079
17:32:21,4.870518
17:32:21,5.350699
17:32:21,5.419845
17:32:21,5.422406
17:32:22,5.409601
17:32:22,5.400638
17:32:22,5.38143
17:32:22,5.343016
17:32:23,5.025456
17:32:23,5.117651
17:32:23,5.173992
17:32:23,5.145822
17:32:24,5.209846
17:32:24,5.334053
17:32:24,5.3903940000000015
17:32:24,5.400638
17:32:25,5.4646620000000015
17:32:25,5.530615
17:32:25,5.539578
17:32:25,5.51781
17:32:26,5.538298
17:32:26,5.525493
17:32:26,5.59848
17:32:26,5.727809
17:32:27,5.846894
17:32:27,5.931406
17:32:27,5.941649
17:32:27,5.925967
17:32:28,5.886272
17:32:28,5.844016000000001
17:32:28,5.7787120000000005
17:32:28,5.700602
17:32:29,5.618651
17:32:29,5.56231
17:32:29,5.530298
17:32:29,5.511091
17:32:30,5.498286
17:32:30,5.480359
17:32:30,5.5367
17:32:30,5.577676
17:32:31,5.584078
17:32:31,5.593041
17:32:31,5.5879199999999996
17:32:31,5.6071269999999975
17:32:32,5.603285
17:32:32,5.650663
17:32:32,5.715968
17:32:32,5.792797
17:32:33,5.833772
17:32:33,5.845297
17:32:33,5.842736
17:32:33,5.822248
17:32:34,5.8056019999999995
17:32:34,5.779992
17:32:34,5.760785
17:32:34,5.740297
17:32:35,5.726212
17:32:35,5.715968
17:32:35,5.715968
17:32:35,5.708285
17:32:36,5.7121260000000005
17:32:36,5.7146870000000005
17:32:36,5.72237
17:32:36,5.723651
17:32:37,5.737736
17:32:37,5.74798
17:32:37,5.759504
17:32:37,5.782553
17:32:38,5.823528
17:32:38,5.878589
17:32:38,5.9131620000000025
17:32:38,5.929809
17:32:39,5.93237
17:32:39,5.928528
17:32:39,5.9221260000000004
17:32:39,5.90676
17:32:40,5.896516
17:32:40,5.884992
17:32:40,5.8773089999999995
17:32:40,5.873467
17:32:41,5.870906
17:32:41,5.872187
17:32:41,5.8798699999999995
17:32:41,5.872187
17:32:42,5.88115
17:32:42,5.8798699999999995
17:32:42,5.895236
17:32:42,5.95926
17:32:43,6.089869
17:32:43,6.210234
17:32:43,6.280661
17:32:43,6.292185
17:32:44,6.275539
17:32:44,6.244807
17:32:44,6.2025510000000015
17:32:44,6.1474910000000005
17:32:45,6.097551999999999
17:32:45,6.037369
17:32:45,6.1359660000000025
17:32:45,6.132125
17:32:46,6.107796
17:32:46,6.107796
17:32:46,6.1180400000000015
17:32:46,6.182064
17:32:47,6.308832
17:32:47,6.424075
17:32:47,6.4919400000000005
17:32:47,6.565766
17:32:48,6.5644860000000005
17:32:48,6.543998
17:32:48,6.5081440000000015
17:32:48,6.463327
17:32:49,6.401865
17:32:49,6.3621690000000015
17:32:49,6.351925
17:32:49,6.374974
17:32:50,6.400583999999999
17:32:50,6.4185099999999995
17:32:50,6.412108
17:32:50,6.4057059999999995
17:32:51,6.409547
17:32:51,6.413389
17:32:51,6.424913
17:32:51,6.436438
17:32:52,6.447962
17:32:52,6.455645
17:32:52,6.463327
17:32:52,6.463327
17:32:53,6.44412
17:32:53,6.395462
17:32:53,6.44412
17:32:53,6.446681
17:32:54,6.476132
17:32:54,6.4236330000000015
17:32:54,6.47101
17:32:54,6.454364
17:32:55,6.478693
17:32:55,6.565766
17:32:55,6.686131
17:32:55,6.7821679999999995
17:32:56,6.833386999999999
17:32:56,6.8410699999999975
17:32:56,6.820582000000001
17:32:56,6.818021000000001
17:32:57,6.851314
17:32:57,6.8666800000000014
17:32:57,6.857716
17:32:57,6.823142999999999
17:32:58,6.8218630000000005
17:32:58,6.792412
17:32:58,6.76168
17:32:58,6.797534
17:32:59,6.440279
17:32:59,6.350645
17:32:59,6.3339989999999995
17:32:59,6.371133
17:33:00,6.453084
17:33:00,6.433877
17:33:00,6.561925
17:33:00,6.6618020000000016
17:33:01,6.7296679999999975
17:33:01,6.656681
17:33:01,6.714302
17:33:01,6.7450339999999995
17:33:02,6.7821679999999995
17:33:02,6.800095
17:33:02,6.887167
17:33:02,6.996008
17:33:03,7.1209240000000005
17:33:03,7.069705
17:33:03,7.178546000000001
17:33:03,7.223363000000001
17:33:04,7.2015949999999975
17:33:04,7.100436999999999
17:33:04,7.064583
17:33:04,7.026169
17:33:05,6.903242999999999
17:33:05,6.9442179999999984
17:33:05,6.852023
17:33:05,6.89812
17:33:06,6.822572
17:33:06,6.89812
17:33:06,6.8878770000000005
17:33:06,6.933974
17:33:07,6.899400999999999
17:33:07,6.889157000000001
17:33:07,6.9070839999999984
17:33:07,6.910925
17:33:08,6.916047
17:33:08,6.940376
17:33:08,6.999279
17:33:08,7.074827
17:33:09,7.13501
