,Timestamp,EDA
0,1560288110.75,0.8438379999999999
1,1560288111.0,1.191116
2,1560288111.25,1.62911
3,1560288111.5,2.1068290000000003
4,1560288111.75,2.594893
5,1560288112.0,3.09248
6,1560288112.25,3.607539
7,1560288112.5,4.102712
8,1560288112.75,4.599687
9,1560288113.0,5.097704
10,1560288113.25,5.596551
11,1560288113.5,6.092747
12,1560288113.75,6.2614540000000005
13,1560288114.0,6.3177949999999985
14,1560288114.25,6.319076
15,1560288114.5,6.321636
16,1560288114.75,6.306271
17,1560288115.0,6.284503
18,1560288115.25,6.247368
19,1560288115.5,6.296027
20,1560288115.75,6.488099
21,1560288116.0,6.560644
22,1560288116.25,6.623388
23,1560288116.5,6.689972999999998
24,1560288116.75,6.769363
25,1560288117.0,7.090764
26,1560288117.25,6.425622
27,1560288117.5,5.921683
28,1560288117.75,6.3831
29,1560288118.0,6.594378999999999
30,1560288118.25,5.948574
31,1560288118.5,5.839732
32,1560288118.75,5.732614
33,1560288119.0,5.753101999999998
34,1560288119.25,5.779992
35,1560288119.5,5.790236
36,1560288119.75,5.804321
37,1560288120.0,5.803041
38,1560288120.25,5.805602
39,1560288120.5,5.845297
40,1560288120.75,5.883711
41,1560288121.0,5.893955
42,1560288121.25,5.946455
43,1560288121.5,5.873467
44,1560288121.75,5.859382
45,1560288122.0,5.861943
46,1560288122.25,5.865785
47,1560288122.5,5.8529800000000005
48,1560288122.75,5.8555410000000006
49,1560288123.0,5.8555410000000006
50,1560288123.25,5.846577
51,1560288123.5,5.846577
52,1560288123.75,5.844016000000001
53,1560288124.0,5.840175
54,1560288124.25,5.837614
55,1560288124.5,5.836333
56,1560288124.75,5.836333
57,1560288125.0,5.832492
58,1560288125.25,5.836333
59,1560288125.5,5.833772
60,1560288125.75,5.831212
61,1560288126.0,5.833772
62,1560288126.25,5.829931
63,1560288126.5,5.824808999999999
64,1560288126.75,5.822248
65,1560288127.0,5.814565
66,1560288127.25,5.814565
67,1560288127.5,5.810724
68,1560288127.75,5.808163
69,1560288128.0,5.804321
70,1560288128.25,5.799199
71,1560288128.5,5.795358
72,1560288128.75,5.7915160000000006
73,1560288129.0,5.7915160000000006
74,1560288129.25,5.786395
75,1560288129.5,5.785114
76,1560288129.75,5.77487
77,1560288130.0,5.77487
78,1560288130.25,5.771029
79,1560288130.5,5.765907
80,1560288130.75,5.759504
81,1560288131.0,5.753101999999998
82,1560288131.25,5.750541
83,1560288131.5,5.741578
84,1560288131.75,5.737736
85,1560288132.0,5.728773
86,1560288132.25,5.7070050000000005
87,1560288132.5,5.69548
88,1560288132.75,5.689078
89,1560288133.0,5.685236
90,1560288133.25,5.686517
91,1560288133.5,5.687797
92,1560288133.75,5.710846
93,1560288134.0,5.740297
94,1560288134.25,5.758224
95,1560288134.5,5.758224
96,1560288134.75,5.759504
97,1560288135.0,5.758224
98,1560288135.25,5.746699
99,1560288135.5,5.744139
100,1560288135.75,5.733895
101,1560288136.0,5.727492
102,1560288136.25,5.726212
103,1560288136.5,5.741578
104,1560288136.75,5.796638
105,1560288137.0,5.856821
106,1560288137.25,5.895236
107,1560288137.5,5.913162000000002
108,1560288137.75,5.897797
109,1560288138.0,5.890113
110,1560288138.25,5.8529800000000005
111,1560288138.5,5.824808999999999
112,1560288138.75,5.7889550000000005
113,1560288139.0,5.750541
114,1560288139.25,5.7095660000000015
115,1560288139.5,5.686517
116,1560288139.75,5.659626
117,1560288140.0,5.6378580000000005
118,1560288140.25,5.604566
119,1560288140.5,5.338225
120,1560288140.75,5.314213
121,1560288141.0,5.311652
122,1560288141.25,5.2796400000000006
123,1560288141.5,5.2770790000000005
124,1560288141.75,5.344944
125,1560288142.0,5.493481
126,1560288142.25,5.666346
127,1560288142.5,5.776467
128,1560288142.75,5.812321
129,1560288143.0,5.805919
130,1560288143.25,5.776467
131,1560288143.5,5.734211
132,1560288143.75,5.67787
133,1560288144.0,5.610004
134,1560288144.25,5.554944
135,1560288144.5,5.4973220000000005
136,1560288144.75,5.452505
137,1560288145.0,5.419213
138,1560288145.25,5.389761
139,1560288145.5,5.371835
140,1560288145.75,5.355188
141,1560288146.0,5.343664
142,1560288146.25,5.33214
143,1560288146.5,5.320615
144,1560288146.75,5.318055
145,1560288147.0,5.310371
146,1560288147.25,5.302689
147,1560288147.5,5.292445
148,1560288147.75,5.265555
149,1560288148.0,5.239945
150,1560288148.25,5.223299
151,1560288148.5,5.211774
152,1560288148.75,5.195128
153,1560288149.0,5.197689
154,1560288149.25,5.2104940000000015
155,1560288149.5,5.234823
156,1560288149.75,5.264274
157,1560288150.0,5.293725
158,1560288150.25,5.301408
159,1560288150.5,5.297567
160,1560288150.75,5.288603
161,1560288151.0,5.275798
162,1560288151.25,5.260433
163,1560288151.5,5.243786
164,1560288151.75,5.228421
165,1560288152.0,5.196409
166,1560288152.25,5.17336
167,1560288152.5,5.1631160000000005
168,1560288152.75,5.142628
169,1560288153.0,5.137506
170,1560288153.25,5.131104
171,1560288153.5,5.132384
172,1560288153.75,5.131104
173,1560288154.0,5.1336650000000015
174,1560288154.25,5.1336650000000015
175,1560288154.5,5.123421
176,1560288154.75,5.110616
177,1560288155.0,5.104214
178,1560288155.25,5.152872
179,1560288155.5,5.246347
180,1560288155.75,5.343664
181,1560288156.0,5.402566
182,1560288156.25,5.421773
183,1560288156.5,5.400005
184,1560288156.75,5.3615910000000016
185,1560288157.0,5.321896
186,1560288157.25,5.271957
187,1560288157.5,5.224579
188,1560288157.75,5.2104940000000015
189,1560288158.0,5.241226
190,1560288158.25,5.286042
191,1560288158.5,5.307811
192,1560288158.75,5.309091
193,1560288159.0,5.293725
194,1560288159.25,5.271957
195,1560288159.5,5.238665
196,1560288159.75,5.202811
197,1560288160.0,5.168238
198,1560288160.25,5.137506
199,1560288160.5,5.110616
200,1560288160.75,5.095251
201,1560288161.0,5.082446
202,1560288161.25,5.072202
203,1560288161.5,5.065799
204,1560288161.75,5.056836
205,1560288162.0,5.04147
206,1560288162.25,4.98897
207,1560288162.5,4.9608
208,1560288162.75,4.956958
209,1560288163.0,4.964641
210,1560288163.25,4.965922
211,1560288163.5,4.965922
212,1560288163.75,4.964641
213,1560288164.0,4.96208
214,1560288164.25,4.9608
215,1560288164.5,4.955678
216,1560288164.75,4.953117
217,1560288165.0,4.949275
218,1560288165.25,4.9428730000000005
219,1560288165.5,4.947347
220,1560288165.75,4.942225
221,1560288166.0,4.939664
222,1560288166.25,4.934542
223,1560288166.5,4.9307
224,1560288166.75,4.955029
225,1560288167.0,5.0011269999999985
226,1560288167.25,5.06387
227,1560288167.5,5.111248000000002
228,1560288167.75,5.131736
229,1560288168.0,5.135578
230,1560288168.25,5.131736
231,1560288168.5,5.11381
232,1560288168.75,5.084358
233,1560288169.0,5.044663
234,1560288169.25,4.971676
235,1560288169.5,4.923018
236,1560288169.75,4.919176
237,1560288170.0,4.911493
238,1560288170.25,4.910213
239,1560288170.5,4.898688
240,1560288170.75,4.873079
241,1560288171.0,4.79881
242,1560288171.25,4.853871
243,1560288171.5,4.888444
244,1560288171.75,4.9307
245,1560288172.0,5.01009
246,1560288172.25,5.068993
247,1560288172.5,5.099724
248,1560288172.75,5.112529
249,1560288173.0,5.102285
250,1560288173.25,5.092041
251,1560288173.5,5.130455
252,1560288173.75,5.217528
253,1560288174.0,5.286674
254,1560288174.25,5.305882
255,1560288174.5,5.290516
256,1560288174.75,5.3084430000000005
257,1560288175.0,5.339174
258,1560288175.25,5.360943
259,1560288175.5,5.344296
260,1560288175.75,5.319967
261,1560288176.0,5.355821
262,1560288176.25,5.430089
263,1560288176.5,5.4646620000000015
264,1560288176.75,5.4717129999999985
265,1560288177.0,5.435859
266,1560288177.25,5.383359
267,1560288177.5,5.314213
268,1560288177.75,5.230982
269,1560288178.0,5.142628
270,1560288178.25,5.067080000000002
271,1560288178.5,5.008178
272,1560288178.75,4.9608
273,1560288179.0,4.930068
274,1560288179.25,4.914054
275,1560288179.5,4.893566000000001
276,1560288179.75,4.882042
277,1560288180.0,4.870518
278,1560288180.25,4.858994
279,1560288180.5,4.84875
280,1560288180.75,4.846189
281,1560288181.0,4.833384
282,1560288181.25,4.826981
283,1560288181.5,4.820579
284,1560288181.75,4.812896
285,1560288182.0,4.809054
286,1560288182.25,4.806493
287,1560288182.5,4.800091
288,1560288182.75,4.791128
289,1560288183.0,4.786006
290,1560288183.25,4.777042
291,1560288183.5,4.773201
292,1560288183.75,4.76936
293,1560288184.0,4.761677
294,1560288184.25,4.760396
295,1560288184.5,4.773201
296,1560288184.75,4.806493
297,1560288185.0,4.846189
298,1560288185.25,4.869237
299,1560288185.5,4.87692
300,1560288185.75,4.87692
301,1560288186.0,4.865396
302,1560288186.25,4.846189
303,1560288186.5,4.818018
304,1560288186.75,4.788567
305,1560288187.0,4.760396
306,1560288187.25,4.741189
307,1560288187.5,4.728383999999998
308,1560288187.75,4.720701
309,1560288188.0,4.71814
310,1560288188.25,4.709177
311,1560288188.5,4.715579
312,1560288188.75,4.757835
313,1560288189.0,4.847469
314,1560288189.25,4.992164
315,1560288189.5,5.135578
316,1560288189.75,5.1829550000000015
317,1560288190.0,5.184236
318,1560288190.25,5.130455
319,1560288190.5,5.1086870000000015
320,1560288190.75,5.070273
321,1560288191.0,4.975517
322,1560288191.25,4.906371
323,1560288191.5,4.846189
324,1560288191.75,4.820579
325,1560288192.0,4.775762
326,1560288192.25,4.7539940000000005
327,1560288192.5,4.734787
328,1560288192.75,4.733505999999998
329,1560288193.0,4.710457
330,1560288193.25,4.707896
331,1560288193.5,4.700213
332,1560288193.75,4.695092
333,1560288194.0,4.688689
334,1560288194.25,4.656676999999998
335,1560288194.5,4.651555
336,1560288194.75,4.633628
337,1560288195.0,4.643872
338,1560288195.25,4.63747
339,1560288195.5,4.636189
340,1560288195.75,4.648994
341,1560288196.0,4.655396
342,1560288196.25,4.68997
343,1560288196.5,4.696372
344,1560288196.75,4.71814
345,1560288197.0,4.728383999999998
346,1560288197.25,4.737348
347,1560288197.5,4.729664
348,1560288197.75,4.729664
349,1560288198.0,4.725823
350,1560288198.25,4.715579
351,1560288198.5,4.709177
352,1560288198.75,4.698933
353,1560288199.0,4.68997
354,1560288199.25,4.6848480000000015
355,1560288199.5,4.6822870000000005
356,1560288199.75,4.6771650000000005
357,1560288200.0,4.672043
358,1560288200.25,4.670763
359,1560288200.5,4.668201
360,1560288200.75,4.66436
361,1560288201.0,4.66436
362,1560288201.25,4.660519
363,1560288201.5,4.678445
364,1560288201.75,4.669482
365,1560288202.0,4.660519
366,1560288202.25,4.656676999999998
367,1560288202.5,4.650275
368,1560288202.75,4.650275
369,1560288203.0,4.646433
370,1560288203.25,4.646433
371,1560288203.5,4.643872
372,1560288203.75,4.645153
373,1560288204.0,4.648994
374,1560288204.25,4.648994
375,1560288204.5,4.659237999999998
376,1560288204.75,4.6617989999999985
377,1560288205.0,4.659237999999998
378,1560288205.25,4.6617989999999985
379,1560288205.5,4.66436
380,1560288205.75,4.660519
381,1560288206.0,4.663079
382,1560288206.25,4.66564
383,1560288206.5,4.657958
384,1560288206.75,4.663079
385,1560288207.0,4.659237999999998
386,1560288207.25,4.657958
387,1560288207.5,4.656676999999998
388,1560288207.75,4.655396
389,1560288208.0,4.647714
390,1560288208.25,4.650275
391,1560288208.5,4.645153
392,1560288208.75,4.645153
393,1560288209.0,4.641311
394,1560288209.25,4.645153
395,1560288209.5,4.641311
396,1560288209.75,4.641311
397,1560288210.0,4.63747
398,1560288210.25,4.632348
399,1560288210.5,4.632348
400,1560288210.75,4.628506
401,1560288211.0,4.631067
402,1560288211.25,4.6208230000000015
403,1560288211.5,4.623384
404,1560288211.75,4.61186
405,1560288212.0,4.614421
406,1560288212.25,4.647714
407,1560288212.5,4.693811
408,1560288212.75,4.69125
409,1560288213.0,4.657958
410,1560288213.25,4.648994
411,1560288213.5,4.659237999999998
412,1560288213.75,4.688689
413,1560288214.0,4.729664
414,1560288214.25,4.760396
415,1560288214.5,4.7591160000000015
416,1560288214.75,4.7514330000000005
417,1560288215.0,4.74503
418,1560288215.25,4.750152
419,1560288215.5,4.7565550000000005
420,1560288215.75,4.739908
421,1560288216.0,4.721982
422,1560288216.25,4.705335
423,1560288216.5,4.695092
424,1560288216.75,4.681006
425,1560288217.0,4.6848480000000015
426,1560288217.25,4.686128
427,1560288217.5,4.584969999999998
428,1560288217.75,4.481251
429,1560288218.0,4.5286290000000005
430,1560288218.25,4.5337510000000005
431,1560288218.5,4.5337510000000005
432,1560288218.75,4.5363120000000015
433,1560288219.0,4.5388730000000015
434,1560288219.25,4.542714
435,1560288219.5,4.556799
436,1560288219.75,4.58369
437,1560288220.0,4.6028970000000005
438,1560288220.25,4.631067
439,1560288220.5,4.6208230000000015
440,1560288220.75,4.619543
441,1560288221.0,4.6080190000000005
442,1560288221.25,4.596494
443,1560288221.5,4.6617989999999985
444,1560288221.75,4.819298000000002
445,1560288222.0,5.131736
446,1560288222.25,5.290516
447,1560288222.5,5.344296
448,1560288222.75,5.322528
449,1560288223.0,5.240577
450,1560288223.25,5.1701510000000015
451,1560288223.5,5.103566000000002
452,1560288223.75,5.053627
453,1560288224.0,5.025456
454,1560288224.25,4.919176
455,1560288224.5,4.82442
456,1560288224.75,4.814177
457,1560288225.0,4.801372
458,1560288225.25,4.76936
459,1560288225.5,4.702775
460,1560288225.75,4.673323
461,1560288226.0,4.643872
462,1560288226.25,4.604177
463,1560288226.5,4.577287
464,1560288226.75,4.551677
465,1560288227.0,4.531189
466,1560288227.25,4.485092
467,1560288227.5,4.492775
468,1560288227.75,4.485092
469,1560288228.0,4.47997
470,1560288228.25,4.465885
471,1560288228.5,4.460763
472,1560288228.75,4.4594830000000005
473,1560288229.0,4.447958
474,1560288229.25,4.461304
475,1560288229.5,4.4523410000000005
476,1560288229.75,4.448499
477,1560288230.0,4.442097
478,1560288230.25,4.442097
479,1560288230.5,4.438256
480,1560288230.75,4.434414
481,1560288231.0,4.434414
482,1560288231.25,4.428012
483,1560288231.5,4.426731
484,1560288231.75,4.419048
485,1560288232.0,4.410085
486,1560288232.25,4.401122
487,1560288232.5,4.398561
488,1560288232.75,4.394719
489,1560288233.0,4.381914
490,1560288233.25,4.361426
491,1560288233.5,4.346061
492,1560288233.75,4.338378
493,1560288234.0,4.337098
494,1560288234.25,4.2320980000000015
495,1560288234.5,4.266671
496,1560288234.75,4.367829
497,1560288235.0,4.474109
498,1560288235.25,4.511243
499,1560288235.5,4.543255
500,1560288235.75,4.558621
501,1560288236.0,4.563743
502,1560288236.25,4.55606
503,1560288236.5,4.536853
504,1560288236.75,4.511243
505,1560288237.0,4.484353
506,1560288237.25,4.462585
507,1560288237.5,4.445939
508,1560288237.75,4.443377
509,1560288238.0,4.486914
510,1560288238.25,4.591914
511,1560288238.5,4.7148400000000015
512,1560288238.75,4.804474
513,1560288239.0,4.837766
514,1560288239.25,4.831364
515,1560288239.5,4.804474
516,1560288239.75,4.762218
517,1560288240.0,4.709718
518,1560288240.25,4.654657
519,1560288240.5,4.602158
520,1560288240.75,4.557341
521,1560288241.0,4.518926
522,1560288241.25,4.492036
523,1560288241.5,4.474109
524,1560288241.75,4.454902
525,1560288242.0,4.443377
526,1560288242.25,4.433134
527,1560288242.5,4.420329
528,1560288242.75,4.430573000000001
529,1560288243.0,4.435695
530,1560288243.25,4.435695
531,1560288243.5,4.398561
532,1560288243.75,4.388317
533,1560288244.0,4.462585
534,1560288244.25,4.63545
535,1560288244.5,4.764779
536,1560288244.75,4.890266
537,1560288245.0,4.95429
538,1560288245.25,4.935822
539,1560288245.5,4.914054
540,1560288245.75,4.85131
541,1560288246.0,4.774481
542,1560288246.25,4.791128
543,1560288246.5,4.737348
544,1560288246.75,4.66564
545,1560288247.0,4.591372
546,1560288247.25,4.519665
547,1560288247.5,4.4646040000000005
548,1560288247.75,4.3852150000000005
549,1560288248.0,4.379354
550,1560288248.25,4.355024
551,1560288248.5,4.329414
552,1560288248.75,4.310207
553,1560288249.0,4.2986830000000005
554,1560288249.25,4.275633999999998
555,1560288249.5,4.273073
556,1560288249.75,4.271793
557,1560288250.0,4.287158
558,1560288250.25,4.2986830000000005
559,1560288250.5,4.299963
560,1560288250.75,4.293561
561,1560288251.0,4.273073
562,1560288251.25,4.260268
563,1560288251.5,4.061794
564,1560288251.75,4.248744
565,1560288252.0,4.270512
566,1560288252.25,4.261549
567,1560288252.5,4.285878
568,1560288252.75,4.376792
569,1560288253.0,4.53045
570,1560288253.25,4.695632
571,1560288253.5,4.837766
572,1560288253.75,4.897949
573,1560288254.0,4.897949
574,1560288254.25,4.864656
575,1560288254.5,4.807034
576,1560288254.75,4.731486
577,1560288255.0,4.6456940000000015
578,1560288255.25,4.561182
579,1560288255.5,4.485633
580,1560288255.75,4.430573000000001
581,1560288256.0,4.389597
582,1560288256.25,4.357585
583,1560288256.5,4.329414
584,1560288256.75,4.312768
585,1560288257.0,4.2986830000000005
586,1560288257.25,4.271793
587,1560288257.5,4.235939
588,1560288257.75,4.23722
589,1560288258.0,4.214171
590,1560288258.25,4.234659
591,1560288258.5,4.205208
592,1560288258.75,4.215452
593,1560288259.0,4.221854
594,1560288259.25,4.151427
595,1560288259.5,4.242342
596,1560288259.75,4.367829
597,1560288260.0,4.471548
598,1560288260.25,4.562462
599,1560288260.5,4.508682
600,1560288260.75,4.533011
601,1560288261.0,4.457463
602,1560288261.25,4.380634
603,1560288261.5,4.338378
604,1560288261.75,4.283317
605,1560288262.0,4.207768
606,1560288262.25,4.174476
607,1560288262.5,4.128379
608,1560288262.75,4.102769
609,1560288263.0,4.110452
610,1560288263.25,4.119415
611,1560288263.5,4.136062
612,1560288263.75,4.1322199999999984
613,1560288264.0,4.168074
614,1560288264.25,4.127098
615,1560288264.5,4.1347809999999985
616,1560288264.75,4.121976
617,1560288265.0,4.142464
618,1560288265.25,4.1527080000000005
619,1560288265.5,4.170635
620,1560288265.75,4.175756
621,1560288266.0,4.170635
622,1560288266.25,4.178318
623,1560288266.5,4.203926999999998
624,1560288266.75,4.26411
625,1560288267.0,4.141183
626,1560288267.25,4.097647
627,1560288267.5,4.113013
628,1560288267.75,4.182159
629,1560288268.0,4.189842
630,1560288268.25,4.200086
631,1560288268.5,4.207768
632,1560288268.75,4.201366
633,1560288269.0,4.138623
634,1560288269.25,4.1322199999999984
635,1560288269.5,4.101489
636,1560288269.75,4.061794
637,1560288270.0,4.010574
638,1560288270.25,4.162952
639,1560288270.5,4.010574
640,1560288270.75,3.915818
641,1560288271.0,4.072128
642,1560288271.25,4.285968
643,1560288271.5,4.462675
644,1560288271.75,4.565023
645,1560288272.0,4.502280000000002
646,1560288272.25,4.579109
647,1560288272.5,4.568865
648,1560288272.75,4.626487
649,1560288273.0,4.710999
650,1560288273.25,4.799352
651,1560288273.5,4.813437
652,1560288273.75,4.755816
653,1560288274.0,4.6943519999999985
654,1560288274.25,4.5957550000000005
655,1560288274.5,4.518926
656,1560288274.75,4.419048
657,1560288275.0,4.326854
658,1560288275.25,4.253866
659,1560288275.5,4.191123
660,1560288275.75,4.1501470000000005
661,1560288276.0,4.120696
662,1560288276.25,4.0963660000000015
663,1560288276.5,4.0861230000000015
664,1560288276.75,4.0758790000000005
665,1560288277.0,4.0579519999999984
666,1560288277.25,4.050269
667,1560288277.5,4.038745
668,1560288277.75,4.033623
669,1560288278.0,4.040025
670,1560288278.25,4.034904
671,1560288278.5,4.034904
672,1560288278.75,4.029781
673,1560288279.0,4.029781
674,1560288279.25,4.020818
675,1560288279.5,4.002892
676,1560288279.75,3.997769
677,1560288280.0,4.0144160000000015
678,1560288280.25,4.010574
679,1560288280.5,3.993928
680,1560288280.75,3.978562
681,1560288281.0,3.967038
682,1560288281.25,3.961916
683,1560288281.5,3.947831
684,1560288281.75,3.964567
685,1560288282.0,3.974811
686,1560288282.25,3.982494
687,1560288282.5,3.970969
688,1560288282.75,3.97225
689,1560288283.0,3.97225
690,1560288283.25,3.964567
691,1560288283.5,3.969689
692,1560288283.75,3.967128
693,1560288284.0,4.060603
694,1560288284.25,4.061884
695,1560288284.5,4.019628
696,1560288284.75,4.040115
697,1560288285.0,4.023469
698,1560288285.25,3.987616000000001
699,1560288285.5,3.976091
700,1560288285.75,4.0042620000000015
701,1560288286.0,3.996579
702,1560288286.25,3.995299
703,1560288286.5,3.985055000000001
704,1560288286.75,3.963287
705,1560288287.0,3.978652
706,1560288287.25,3.932555
707,1560288287.5,3.928714
708,1560288287.75,3.913348000000001
709,1560288288.0,3.928714
710,1560288288.25,3.965847
711,1560288288.5,4.037555
712,1560288288.75,4.179688
713,1560288289.0,4.2885290000000005
714,1560288289.25,4.355114
715,1560288289.5,4.376883
716,1560288289.75,4.376883
717,1560288290.0,4.344871
718,1560288290.25,4.301334
719,1560288290.5,4.282127
720,1560288290.75,4.202737
721,1560288291.0,4.136152
722,1560288291.25,4.164322
723,1560288291.5,4.18353
724,1560288291.75,4.18481
725,1560288292.0,4.15664
726,1560288292.25,4.166883
727,1560288292.5,4.134871
728,1560288292.75,3.909506
729,1560288293.0,3.848043
730,1560288293.25,3.904384
731,1560288293.5,3.899262
732,1560288293.75,3.896702
733,1560288294.0,4.059323
734,1560288294.25,4.201457
735,1560288294.5,4.376883
736,1560288294.75,4.452431
737,1560288295.0,4.480512
738,1560288295.25,4.402402
739,1560288295.5,4.297402
740,1560288295.75,4.187281
741,1560288296.0,4.121976
742,1560288296.25,4.064354
743,1560288296.5,4.00033
744,1560288296.75,3.963196
745,1560288297.0,3.932465
746,1560288297.25,3.973531
747,1560288297.5,3.932555
748,1560288297.75,3.976091
749,1560288298.0,4.031152
750,1560288298.25,4.043957
751,1560288298.5,4.02475
752,1560288298.75,4.034994
753,1560288299.0,4.038835
754,1560288299.25,4.022189
755,1560288299.5,3.99914
756,1560288299.75,3.974811
757,1560288300.0,3.950482
758,1560288300.25,3.960726
759,1560288300.5,3.969689
760,1560288300.75,3.968409
761,1560288301.0,3.951762
762,1560288301.25,3.968409
763,1560288301.5,3.967128
764,1560288301.75,3.94664
765,1560288302.0,3.947921
766,1560288302.25,3.949201
767,1560288302.5,3.944079
768,1560288302.75,3.922311
769,1560288303.0,3.923592
770,1560288303.25,3.912067
771,1560288303.5,3.896702
772,1560288303.75,3.903104
773,1560288304.0,3.908226
774,1560288304.25,3.913348000000001
775,1560288304.5,3.917189
776,1560288304.75,3.922311
777,1560288305.0,3.924872
778,1560288305.25,3.935116
779,1560288305.5,3.944079
780,1560288305.75,3.938957
781,1560288306.0,3.94664
782,1560288306.25,3.951762
783,1560288306.5,3.958165
784,1560288306.75,3.958165
785,1560288307.0,3.953043
786,1560288307.25,3.955604
787,1560288307.5,3.958165
788,1560288307.75,3.959445
789,1560288308.0,3.956884
790,1560288308.25,3.958165
791,1560288308.5,3.960726
792,1560288308.75,3.956884
793,1560288309.0,3.962006
794,1560288309.25,3.960726
795,1560288309.5,3.964567
796,1560288309.75,3.985055000000001
797,1560288310.0,4.013226
798,1560288310.25,4.032433
799,1560288310.5,4.061884
800,1560288310.75,4.055481
801,1560288311.0,4.046518
802,1560288311.25,4.047799
803,1560288311.5,4.018347
804,1560288311.75,4.019628
805,1560288312.0,4.010664
806,1560288312.25,4.042676
807,1560288312.5,4.05164
808,1560288312.75,4.090055
809,1560288313.0,4.0926160000000005
810,1560288313.25,4.093896
811,1560288313.5,4.15664
812,1560288313.75,4.151517
813,1560288314.0,4.193774
814,1560288314.25,4.154078
815,1560288314.5,4.1425540000000005
816,1560288314.75,4.1527980000000015
817,1560288315.0,4.172005
818,1560288315.25,4.141273
819,1560288315.5,4.113103
820,1560288315.75,4.083652
821,1560288316.0,4.055481
822,1560288316.25,4.017067
823,1560288316.5,4.015786
824,1560288316.75,4.000421
825,1560288317.0,4.0042620000000015
826,1560288317.25,4.015786
827,1560288317.5,4.006823000000002
828,1560288317.75,4.036274
829,1560288318.0,4.067006
830,1560288318.25,4.1502370000000015
831,1560288318.5,4.2142610000000005
832,1560288318.75,4.255237
833,1560288319.0,4.2987730000000015
834,1560288319.25,4.332066
835,1560288319.5,4.355114
836,1560288319.75,4.352553
837,1560288320.0,4.453712
838,1560288320.25,4.522768
839,1560288320.5,4.602158
840,1560288320.75,4.603438
841,1560288321.0,4.572706
842,1560288321.25,4.504841000000001
843,1560288321.5,4.4497800000000005
844,1560288321.75,4.366549
845,1560288322.0,4.279476
846,1560288322.25,4.214171
847,1560288322.5,4.156549
848,1560288322.75,4.113013
849,1560288323.0,4.064354
850,1560288323.25,4.0630739999999985
851,1560288323.5,4.032342
852,1560288323.75,4.05155
853,1560288324.0,4.055391
854,1560288324.25,4.042586
855,1560288324.5,4.022099
856,1560288324.75,4.0092940000000015
857,1560288325.0,4.02466
858,1560288325.25,4.010574
859,1560288325.5,4.042586
860,1560288325.75,4.022099
861,1560288326.0,4.031062
862,1560288326.25,4.005452
863,1560288326.5,3.970879
864,1560288326.75,3.988806
865,1560288327.0,4.013135
866,1560288327.25,4.0195370000000015
867,1560288327.5,3.860758
868,1560288327.75,3.922311
869,1560288328.0,3.976091
870,1560288328.25,4.02603
871,1560288328.5,4.0285910000000005
872,1560288328.75,3.995299
873,1560288329.0,3.955604
874,1560288329.25,3.927433
875,1560288329.5,3.938957
876,1560288329.75,3.910787000000001
877,1560288330.0,3.887738
878,1560288330.25,3.915909
879,1560288330.5,3.903104
880,1560288330.75,3.890299
881,1560288331.0,3.873653
882,1560288331.25,3.886458
883,1560288331.5,3.871092
884,1560288331.75,3.854445
885,1560288332.0,3.858287
886,1560288332.25,3.853165
887,1560288332.5,3.854445
888,1560288332.75,3.908226
889,1560288333.0,3.912067
890,1560288333.25,3.86597
891,1560288333.5,3.822433
892,1560288333.75,3.841641000000001
893,1560288334.0,3.94664
894,1560288334.25,4.040115
895,1560288334.5,4.136152
896,1560288334.75,4.232188
897,1560288335.0,4.23859
898,1560288335.25,4.223225
899,1560288335.5,4.154078
900,1560288335.75,4.1143839999999985
901,1560288336.0,4.060603
902,1560288336.25,4.040115
903,1560288336.5,3.991457
904,1560288336.75,3.976091
905,1560288337.0,3.914628
906,1560288337.25,3.823714
907,1560288337.5,3.809629
908,1560288337.75,3.798104
909,1560288338.0,3.792982
910,1560288338.25,3.800665
911,1560288338.5,3.792982
912,1560288338.75,3.817312
913,1560288339.0,3.835238
914,1560288339.25,3.876214
915,1560288339.5,3.859567
916,1560288339.75,3.851885
917,1560288340.0,3.871092
918,1560288340.25,3.86725
919,1560288340.5,3.86725
920,1560288340.75,3.853165
921,1560288341.0,3.844202
922,1560288341.25,3.841641000000001
923,1560288341.5,3.833958
924,1560288341.75,3.830116
925,1560288342.0,3.831397
926,1560288342.25,3.831397
927,1560288342.5,3.832677
928,1560288342.75,3.835238
929,1560288343.0,3.830116
930,1560288343.25,3.830116
931,1560288343.5,3.832677
932,1560288343.75,3.828836
933,1560288344.0,3.832677
934,1560288344.25,3.833958
935,1560288344.5,3.837799
936,1560288344.75,3.844202
937,1560288345.0,3.844202
938,1560288345.25,3.845482
939,1560288345.5,3.841641000000001
940,1560288345.75,3.848043
941,1560288346.0,3.844202
942,1560288346.25,3.848043
943,1560288346.5,3.845482
944,1560288346.75,3.845482
945,1560288347.0,3.845482
946,1560288347.25,3.848043
947,1560288347.5,3.846763
948,1560288347.75,3.846763
949,1560288348.0,3.845482
950,1560288348.25,3.837799
951,1560288348.5,3.837799
952,1560288348.75,3.874933
953,1560288349.0,3.933836
954,1560288349.25,3.890299
955,1560288349.5,3.941518
956,1560288349.75,3.97225
957,1560288350.0,4.031152
958,1560288350.25,4.042676
959,1560288350.5,4.045238
960,1560288350.75,4.010664
961,1560288351.0,3.99786
962,1560288351.25,4.059323
963,1560288351.5,4.120786
964,1560288351.75,4.193774
965,1560288352.0,4.23603
966,1560288352.25,4.233469
967,1560288352.5,4.225786
968,1560288352.75,4.201457
969,1560288353.0,4.195054
970,1560288353.25,4.1963339999999985
971,1560288353.5,4.154078
972,1560288353.75,4.123347
973,1560288354.0,4.074688
974,1560288354.25,4.029872
975,1560288354.5,3.976091
976,1560288354.75,3.947921
977,1560288355.0,3.935116
978,1560288355.25,3.940238
979,1560288355.5,3.949201
980,1560288355.75,4.008103
981,1560288356.0,4.023469
982,1560288356.25,4.058043
983,1560288356.5,4.042676
984,1560288356.75,4.137432
985,1560288357.0,4.319261
986,1560288357.25,4.489565
987,1560288357.5,4.641852
988,1560288357.75,4.704596
989,1560288358.0,4.685389
990,1560288358.25,4.632889
991,1560288358.5,4.60984
992,1560288358.75,4.518926
993,1560288359.0,4.462585
994,1560288359.25,4.37167
995,1560288359.5,4.297402
996,1560288359.75,4.230817
997,1560288360.0,4.21161
998,1560288360.25,4.196244
999,1560288360.5,4.177037
1000,1560288360.75,4.119415
1001,1560288361.0,4.10533
1002,1560288361.25,4.093806
1003,1560288361.5,4.072037
1004,1560288361.75,4.0605129999999985
1005,1560288362.0,4.046428
1006,1560288362.25,4.05155
1007,1560288362.5,4.032342
1008,1560288362.75,4.037465
1009,1560288363.0,4.038745
1010,1560288363.25,4.037465
1011,1560288363.5,4.028501
1012,1560288363.75,4.022099
1013,1560288364.0,4.023379
1014,1560288364.25,4.02466
1015,1560288364.5,4.023379
1016,1560288364.75,4.073318
1017,1560288365.0,4.064354
1018,1560288365.25,3.974721
1019,1560288365.5,3.951672
1020,1560288365.75,4.036184
1021,1560288366.0,4.069477
1022,1560288366.25,4.0963660000000015
1023,1560288366.5,4.10533
1024,1560288366.75,4.0963660000000015
1025,1560288367.0,4.10661
1026,1560288367.25,4.087403
1027,1560288367.5,4.098927
1028,1560288367.75,4.128379
1029,1560288368.0,4.221854
1030,1560288368.25,4.256427
1031,1560288368.5,4.261549
1032,1560288368.75,4.220573
1033,1560288369.0,4.216732
1034,1560288369.25,4.228256
1035,1560288369.5,4.239781
1036,1560288369.75,4.2807559999999985
1037,1560288370.0,4.331975
1038,1560288370.25,4.36911
1039,1560288370.5,4.398561
1040,1560288370.75,4.399841
1041,1560288371.0,4.426731
1042,1560288371.25,4.385756
1043,1560288371.5,4.358866
1044,1560288371.75,4.314049
1045,1560288372.0,4.2807559999999985
1046,1560288372.25,4.246183
1047,1560288372.5,4.221854
1048,1560288372.75,4.203926999999998
1049,1560288373.0,4.197525
1050,1560288373.25,4.197525
1051,1560288373.5,4.192403
1052,1560288373.75,4.191123
1053,1560288374.0,4.180879
1054,1560288374.25,4.171915
1055,1560288374.5,4.165513
1056,1560288374.75,4.15911
1057,1560288375.0,4.161671
1058,1560288375.25,4.1603910000000015
1059,1560288375.5,4.165513
1060,1560288375.75,4.164232
1061,1560288376.0,4.169354
1062,1560288376.25,4.168074
1063,1560288376.5,4.169354
1064,1560288376.75,4.170635
1065,1560288377.0,4.170635
1066,1560288377.25,4.175756
1067,1560288377.5,4.173195
1068,1560288377.75,4.177037
1069,1560288378.0,4.18472
1070,1560288378.25,4.205208
1071,1560288378.5,4.256427
1072,1560288378.75,4.342219
1073,1560288379.0,4.415207
1074,1560288379.25,4.474109
1075,1560288379.5,4.497158
1076,1560288379.75,4.498438
1077,1560288380.0,4.486914
1078,1560288380.25,4.460024
1079,1560288380.5,4.433134
1080,1560288380.75,4.402402
1081,1560288381.0,4.3755120000000005
1082,1560288381.25,4.352462999999998
1083,1560288381.5,4.339658
1084,1560288381.75,4.324293
1085,1560288382.0,4.315329
1086,1560288382.25,4.308927
1087,1560288382.5,4.302525
1088,1560288382.75,4.292281
1089,1560288383.0,4.288439
1090,1560288383.25,4.28972
1091,1560288383.5,4.283317
1092,1560288383.75,4.288439
1093,1560288384.0,4.285878
1094,1560288384.25,4.288439
1095,1560288384.5,4.285878
1096,1560288384.75,4.285878
1097,1560288385.0,4.26411
1098,1560288385.25,4.258988
1099,1560288385.5,4.243622
1100,1560288385.75,4.243622
1101,1560288386.0,4.250025
1102,1560288386.25,4.275633999999998
1103,1560288386.5,4.276915
1104,1560288386.75,4.294841
1105,1560288387.0,4.273073
1106,1560288387.25,4.275633999999998
1107,1560288387.5,4.269232
1108,1560288387.75,4.278194999999998
1109,1560288388.0,4.270512
1110,1560288388.25,4.261549
1111,1560288388.5,4.291
1112,1560288388.75,4.2986830000000005
1113,1560288389.0,4.283317
1114,1560288389.25,4.253866
1115,1560288389.5,4.273073
1116,1560288389.75,4.260268
1117,1560288390.0,4.247464
1118,1560288390.25,4.284597
1119,1560288390.5,4.247464
1120,1560288390.75,4.285878
1121,1560288391.0,4.267951
1122,1560288391.25,4.262829
1123,1560288391.5,4.284597
1124,1560288391.75,4.247464
1125,1560288392.0,4.250025
1126,1560288392.25,4.233378
1127,1560288392.5,4.2385
1128,1560288392.75,4.250025
1129,1560288393.0,4.293561
1130,1560288393.25,4.351183
1131,1560288393.5,4.39728
1132,1560288393.75,4.413926999999998
1133,1560288394.0,4.419048
1134,1560288394.25,4.415207
1135,1560288394.5,4.403683
1136,1560288394.75,4.384475
1137,1560288395.0,4.3729510000000005
1138,1560288395.25,4.363987
1139,1560288395.5,4.357585
1140,1560288395.75,4.355024
1141,1560288396.0,4.349901999999998
1142,1560288396.25,4.340939
1143,1560288396.5,4.330695
1144,1560288396.75,4.31917
1145,1560288397.0,4.310207
1146,1560288397.25,4.299963
1147,1560288397.5,4.296122
1148,1560288397.75,4.288439
1149,1560288398.0,4.288439
1150,1560288398.25,4.296122
1151,1560288398.5,4.299963
1152,1560288398.75,4.330695
1153,1560288399.0,4.399841
1154,1560288399.25,4.479231
1155,1560288399.5,4.541975
1156,1560288399.75,4.568865
1157,1560288400.0,4.566304
1158,1560288400.25,4.538133
1159,1560288400.5,4.512524
1160,1560288400.75,4.460024
1161,1560288401.0,4.426731
1162,1560288401.25,4.394719
1163,1560288401.5,4.363987
1164,1560288401.75,4.3435
1165,1560288402.0,4.320451
1166,1560288402.25,4.299963
1167,1560288402.5,4.288439
1168,1560288402.75,4.278194999999998
1169,1560288403.0,4.273073
1170,1560288403.25,4.261549
1171,1560288403.5,4.256427
1172,1560288403.75,4.257708
1173,1560288404.0,4.315329
1174,1560288404.25,4.493316
1175,1560288404.5,4.71356
1176,1560288404.75,4.8749
1177,1560288405.0,4.98118
1178,1560288405.25,4.992164
1179,1560288405.5,4.884603
1180,1560288405.75,4.787286
1181,1560288406.0,4.710457
1182,1560288406.25,4.655396
1183,1560288406.5,4.570885
1184,1560288406.75,4.50558
1185,1560288407.0,4.588811
1186,1560288407.25,4.628506
1187,1560288407.5,4.812896
1188,1560288407.75,4.802651999999998
1189,1560288408.0,4.861554
1190,1560288408.25,4.779603
1191,1560288408.5,4.730944999999998
1192,1560288408.75,4.706616
1193,1560288409.0,4.555519
1194,1560288409.25,4.506861
1195,1560288409.5,4.348081
1196,1560288409.75,4.293561
1197,1560288410.0,4.250025
1198,1560288410.25,4.216732
1199,1560288410.5,4.221854
1200,1560288410.75,4.162952
1201,1560288411.0,4.139903
1202,1560288411.25,4.1347809999999985
1203,1560288411.5,4.116854
1204,1560288411.75,4.127098
1205,1560288412.0,4.092525
1206,1560288412.25,4.074598
1207,1560288412.5,4.0784400000000005
1208,1560288412.75,4.077159
1209,1560288413.0,4.089964
1210,1560288413.25,4.077159
1211,1560288413.5,4.073318
1212,1560288413.75,4.0630739999999985
1213,1560288414.0,4.0630739999999985
1214,1560288414.25,4.054111
1215,1560288414.5,4.095086
1216,1560288414.75,4.171915
1217,1560288415.0,4.251305
1218,1560288415.25,4.307646
1219,1560288415.5,4.339658
1220,1560288415.75,4.3435
1221,1560288416.0,4.349901999999998
1222,1560288416.25,4.352462999999998
1223,1560288416.5,4.334537
1224,1560288416.75,4.311488
1225,1560288417.0,4.274354
1226,1560288417.25,4.248744
1227,1560288417.5,4.2090489999999985
1228,1560288417.75,4.182159
1229,1560288418.0,4.1527080000000005
1230,1560288418.25,4.133501
1231,1560288418.5,4.120696
1232,1560288418.75,4.109171
1233,1560288419.0,4.100208
1234,1560288419.25,4.120696
1235,1560288419.5,4.18472
1236,1560288419.75,4.271793
1237,1560288420.0,4.3435
1238,1560288420.25,4.37039
1239,1560288420.5,4.37039
1240,1560288420.75,4.352462999999998
1241,1560288421.0,4.324293
1242,1560288421.25,4.288439
1243,1560288421.5,4.248744
1244,1560288421.75,4.216732
1245,1560288422.0,4.189842
1246,1560288422.25,4.174476
1247,1560288422.5,4.1603910000000015
1248,1560288422.75,4.1578300000000015
1249,1560288423.0,4.153988
1250,1560288423.25,4.151427
1251,1560288423.5,4.143744
1252,1560288423.75,4.142464
1253,1560288424.0,4.1373419999999985
1254,1560288424.25,4.1527080000000005
1255,1560288424.5,4.18472
1256,1560288424.75,4.273073
1257,1560288425.0,4.357585
1258,1560288425.25,4.415207
1259,1560288425.5,4.45106
1260,1560288425.75,4.438256
1261,1560288426.0,4.408804
1262,1560288426.25,4.380634
1263,1560288426.5,4.390878
1264,1560288426.75,4.499719
1265,1560288427.0,4.649535
1266,1560288427.25,4.675145
1267,1560288427.5,4.710999
1268,1560288427.75,4.66234
1269,1560288428.0,4.566304
1270,1560288428.25,4.483072
1271,1560288428.5,4.389597
1272,1560288428.75,4.293561
1273,1560288429.0,4.205208
1274,1560288429.25,4.121976
1275,1560288429.5,4.061794
1276,1560288429.75,3.99905
1277,1560288430.0,3.969599
1278,1560288430.25,3.94527
1279,1560288430.5,3.942799
1280,1560288430.75,3.932555
1281,1560288431.0,3.937677
1282,1560288431.25,3.935116
1283,1560288431.5,3.924872
1284,1560288431.75,3.914628
1285,1560288432.0,3.873653
1286,1560288432.25,3.839080000000001
1287,1560288432.5,3.824994
1288,1560288432.75,3.826275
1289,1560288433.0,3.830116
1290,1560288433.25,3.842921
1291,1560288433.5,3.795543
1292,1560288433.75,3.832677
1293,1560288434.0,3.857007
1294,1560288434.25,3.89414
1295,1560288434.5,3.897982
1296,1560288434.75,3.908226
1297,1560288435.0,3.913348000000001
1298,1560288435.25,3.938957
1299,1560288435.5,3.995299
1300,1560288435.75,4.017067
1301,1560288436.0,4.054201
1302,1560288436.25,4.083652
1303,1560288436.5,4.116944
1304,1560288436.75,4.13231
1305,1560288437.0,4.124628
1306,1560288437.25,4.107981
1307,1560288437.5,4.090055
1308,1560288437.75,4.0734080000000015
1309,1560288438.0,4.087493
1310,1560288438.25,4.148957
1311,1560288438.5,4.2219440000000015
1312,1560288438.75,4.284688
1313,1560288439.0,4.321822
1314,1560288439.25,4.338468
1315,1560288439.5,4.330785
1316,1560288439.75,4.301334
1317,1560288440.0,4.257798
1318,1560288440.25,4.220664
1319,1560288440.5,4.18609
1320,1560288440.75,4.15792
1321,1560288441.0,4.141273
1322,1560288441.25,4.123347
1323,1560288441.5,4.1143839999999985
1324,1560288441.75,4.10542
1325,1560288442.0,4.097737
1326,1560288442.25,4.093896
1327,1560288442.5,4.088774
1328,1560288442.75,4.084932
1329,1560288443.0,4.083652
1330,1560288443.25,4.083652
1331,1560288443.5,4.0759690000000015
1332,1560288443.75,4.07725
1333,1560288444.0,4.0759690000000015
1334,1560288444.25,4.074688
1335,1560288444.5,4.07725
1336,1560288444.75,4.081091000000002
1337,1560288445.0,4.081091000000002
1338,1560288445.25,4.084932
1339,1560288445.5,4.081091000000002
1340,1560288445.75,4.0785300000000015
1341,1560288446.0,4.082372
1342,1560288446.25,4.087493
1343,1560288446.5,4.102859
1344,1560288446.75,4.101579
1345,1560288447.0,3.996579
1346,1560288447.25,4.0503589999999985
1347,1560288447.5,4.087493
1348,1560288447.75,4.041396
1349,1560288448.0,4.18481
1350,1560288448.25,4.269322
1351,1560288448.5,4.2885290000000005
1352,1560288448.75,4.320541
1353,1560288449.0,4.323102
1354,1560288449.25,4.3576760000000005
1355,1560288449.5,4.342308999999998
1356,1560288449.75,4.330785
1357,1560288450.0,4.341029
1358,1560288450.25,4.301334
1359,1560288450.5,4.321822
1360,1560288450.75,4.2885290000000005
1361,1560288451.0,4.297493
1362,1560288451.25,4.279566
1363,1560288451.5,4.2782860000000005
1364,1560288451.75,4.274444
1365,1560288452.0,4.250115
1366,1560288452.25,4.261639
1367,1560288452.5,4.257798
1368,1560288452.75,4.257798
1369,1560288453.0,4.261639
1370,1560288453.25,4.252676
1371,1560288453.5,4.253956
1372,1560288453.75,4.248834
1373,1560288454.0,4.242432
1374,1560288454.25,4.244993
1375,1560288454.5,4.243712
1376,1560288454.75,4.233469
1377,1560288455.0,4.2270660000000015
1378,1560288455.25,4.2603589999999985
1379,1560288455.5,4.333346
1380,1560288455.75,4.405053
1381,1560288456.0,4.4396260000000005
1382,1560288456.25,4.448499
1383,1560288456.5,4.445939
1384,1560288456.75,4.42289
1385,1560288457.0,4.393439
1386,1560288457.25,4.357585
1387,1560288457.5,4.324293
1388,1560288457.75,4.288439
1389,1560288458.0,4.262829
1390,1560288458.25,4.244903
1391,1560288458.5,4.233378
1392,1560288458.75,4.221854
1393,1560288459.0,4.218012
1394,1560288459.25,4.207768
1395,1560288459.5,4.207768
1396,1560288459.75,4.200086
1397,1560288460.0,4.197525
1398,1560288460.25,4.198805
1399,1560288460.5,4.196244
1400,1560288460.75,4.194964
1401,1560288461.0,4.191123
1402,1560288461.25,4.193683
1403,1560288461.5,4.194964
1404,1560288461.75,4.203926999999998
1405,1560288462.0,4.205208
1406,1560288462.25,4.201366
1407,1560288462.5,4.198805
1408,1560288462.75,4.198805
1409,1560288463.0,4.207768
1410,1560288463.25,4.223135
1411,1560288463.5,4.256427
1412,1560288463.75,4.292281
1413,1560288464.0,4.31661
1414,1560288464.25,4.330695
1415,1560288464.5,4.326854
1416,1560288464.75,4.31789
1417,1560288465.0,4.307646
1418,1560288465.25,4.28972
1419,1560288465.5,4.278194999999998
1420,1560288465.75,4.271793
1421,1560288466.0,4.267951
1422,1560288466.25,4.291
1423,1560288466.5,4.363987
1424,1560288466.75,4.466426
1425,1560288467.0,4.541975
1426,1560288467.25,4.573987000000002
1427,1560288467.5,4.567585
1428,1560288467.75,4.545816
1429,1560288468.0,4.507401
1430,1560288468.25,4.462585
1431,1560288468.5,4.421608999999999
1432,1560288468.75,4.380634
1433,1560288469.0,4.34478
1434,1560288469.25,4.321732
1435,1560288469.5,4.305085
1436,1560288469.75,4.285878
1437,1560288470.0,4.2807559999999985
1438,1560288470.25,4.2807559999999985
1439,1560288470.5,4.292281
1440,1560288470.75,4.305085
1441,1560288471.0,4.308927
1442,1560288471.25,4.3038050000000005
1443,1560288471.5,4.296122
1444,1560288471.75,4.291
1445,1560288472.0,4.287158
1446,1560288472.25,4.351183
1447,1560288472.5,4.5240480000000005
1448,1560288472.75,4.710999
1449,1560288473.0,4.878742
1450,1560288473.25,4.9350830000000006
1451,1560288473.5,4.87692
1452,1560288473.75,4.835945
1453,1560288474.0,4.752713
1454,1560288474.25,4.670763
1455,1560288474.5,4.546556
1456,1560288474.75,4.427471
1457,1560288475.0,4.362707
1458,1560288475.25,4.267951
1459,1560288475.5,4.228256
1460,1560288475.75,4.165513
1461,1560288476.0,4.1552690000000005
1462,1560288476.25,4.113013
1463,1560288476.5,4.0758790000000005
1464,1560288476.75,4.070757
1465,1560288477.0,4.0579519999999984
1466,1560288477.25,4.074598
1467,1560288477.5,4.059233
1468,1560288477.75,4.087403
1469,1560288478.0,4.040025
1470,1560288478.25,4.043867
1471,1560288478.5,4.020818
1472,1560288478.75,4.042586
1473,1560288479.0,4.033623
1474,1560288479.25,4.0144160000000015
1475,1560288479.5,4.023379
1476,1560288479.75,4.0195370000000015
1477,1560288480.0,4.0605129999999985
1478,1560288480.25,4.054111
1479,1560288480.5,4.107891
1480,1560288480.75,4.147586
1481,1560288481.0,4.192403
1482,1560288481.25,4.2090489999999985
1483,1560288481.5,4.214171
1484,1560288481.75,4.203926999999998
1485,1560288482.0,4.18472
1486,1560288482.25,4.166793
1487,1560288482.5,4.180879
1488,1560288482.75,4.257708
1489,1560288483.0,4.351183
1490,1560288483.25,4.416487
1491,1560288483.5,4.440816000000001
1492,1560288483.75,4.435695
1493,1560288484.0,4.410085
1494,1560288484.25,4.367829
1495,1560288484.5,4.31661
1496,1560288484.75,4.26539
1497,1560288485.0,4.228256
1498,1560288485.25,4.194964
1499,1560288485.5,4.170635
1500,1560288485.75,4.1552690000000005
1501,1560288486.0,4.145025
1502,1560288486.25,4.1322199999999984
1503,1560288486.5,4.127098
1504,1560288486.75,4.120696
1505,1560288487.0,4.111732
1506,1560288487.25,4.107891
1507,1560288487.5,4.10533
1508,1560288487.75,4.101489
1509,1560288488.0,4.098927
1510,1560288488.25,4.098927
1511,1560288488.5,4.095086
1512,1560288488.75,4.0963660000000015
1513,1560288489.0,4.093806
1514,1560288489.25,4.091245
1515,1560288489.5,4.091245
1516,1560288489.75,4.091245
1517,1560288490.0,4.088684
1518,1560288490.25,4.0835620000000015
1519,1560288490.5,4.0861230000000015
1520,1560288490.75,4.084842
1521,1560288491.0,4.082281
1522,1560288491.25,4.082281
1523,1560288491.5,4.084842
1524,1560288491.75,4.093806
1525,1560288492.0,4.113013
1526,1560288492.25,4.127098
1527,1560288492.5,4.136062
1528,1560288492.75,4.146306
1529,1560288493.0,4.141183
1530,1560288493.25,4.145025
1531,1560288493.5,4.166793
1532,1560288493.75,4.250025
1533,1560288494.0,4.352462999999998
1534,1560288494.25,4.448499
1535,1560288494.5,4.492036
1536,1560288494.75,4.50356
1537,1560288495.0,4.489475
1538,1560288495.25,4.488194
1539,1560288495.5,4.5240480000000005
1540,1560288495.75,4.53045
1541,1560288496.0,4.526609
1542,1560288496.25,4.495877
1543,1560288496.5,4.467707
1544,1560288496.75,4.429292
1545,1560288497.0,4.37167
1546,1560288497.25,4.328134
1547,1560288497.5,4.2986830000000005
1548,1560288497.75,4.26539
1549,1560288498.0,4.246183
1550,1560288498.25,4.2064879999999985
1551,1560288498.5,4.192403
1552,1560288498.75,4.178318
1553,1560288499.0,4.171915
1554,1560288499.25,4.182159
1555,1560288499.5,4.178318
1556,1560288499.75,4.193683
1557,1560288500.0,4.220573
1558,1560288500.25,4.257708
1559,1560288500.5,4.28972
1560,1560288500.75,4.311488
1561,1560288501.0,4.311488
1562,1560288501.25,4.2986830000000005
1563,1560288501.5,4.287158
1564,1560288501.75,4.269232
1565,1560288502.0,4.246183
1566,1560288502.25,4.2244150000000005
1567,1560288502.5,4.21033
1568,1560288502.75,4.193683
1569,1560288503.0,4.186
1570,1560288503.25,4.180879
1571,1560288503.5,4.253866
1572,1560288503.75,4.412646
1573,1560288504.0,4.579109
1574,1560288504.25,4.709718
1575,1560288504.5,4.759657
1576,1560288504.75,4.76734
1577,1560288505.0,4.71356
1578,1560288505.25,4.703316
1579,1560288505.5,4.775023
1580,1560288505.75,4.832644
1581,1560288506.0,4.844169
1582,1560288506.25,4.762218
1583,1560288506.5,4.672584
1584,1560288506.75,4.5957550000000005
1585,1560288507.0,4.494597
1586,1560288507.25,4.4523410000000005
1587,1560288507.5,4.474109
1588,1560288507.75,4.499719
1589,1560288508.0,4.509963
1590,1560288508.25,4.494597
1591,1560288508.5,4.462585
1592,1560288508.75,4.412646
1593,1560288509.0,4.347341
1594,1560288509.25,4.270512
1595,1560288509.5,4.2064879999999985
1596,1560288509.75,4.258988
1597,1560288510.0,4.323012
1598,1560288510.25,4.425451
1599,1560288510.5,4.589353
1600,1560288510.75,4.678987
1601,1560288511.0,4.703316
1602,1560288511.25,4.639291
1603,1560288511.5,4.612401
1604,1560288511.75,4.547097
1605,1560288512.0,4.485633
1606,1560288512.25,4.488194
1607,1560288512.5,4.509963
1608,1560288512.75,4.613682
1609,1560288513.0,4.614962
1610,1560288513.25,4.567585
1611,1560288513.5,4.515085
1612,1560288513.75,4.436975
1613,1560288514.0,4.3435
1614,1560288514.25,4.270512
1615,1560288514.5,4.215452
1616,1560288514.75,4.164232
1617,1560288515.0,4.142464
1618,1560288515.25,4.10533
1619,1560288515.5,4.089964
1620,1560288515.75,4.0810010000000005
1621,1560288516.0,4.0810010000000005
1622,1560288516.25,4.077159
1623,1560288516.5,4.069477
1624,1560288516.75,4.070757
1625,1560288517.0,4.0630739999999985
1626,1560288517.25,4.068196
1627,1560288517.5,4.068196
1628,1560288517.75,4.068196
1629,1560288518.0,4.095086
1630,1560288518.25,4.179598
1631,1560288518.5,4.31661
1632,1560288518.75,4.448499
1633,1560288519.0,4.533011
1634,1560288519.25,4.607279
1635,1560288519.5,4.603438
1636,1560288519.75,4.571426
1637,1560288520.0,4.565023
1638,1560288520.25,4.602158
1639,1560288520.5,4.60984
1640,1560288520.75,4.573987000000002
1641,1560288521.0,4.490756
1642,1560288521.25,4.439536
1643,1560288521.5,4.393439
1644,1560288521.75,4.374231
1645,1560288522.0,4.337098
1646,1560288522.25,4.291
1647,1560288522.5,4.261549
1648,1560288522.75,4.291
1649,1560288523.0,4.353744
1650,1560288523.25,4.408804
1651,1560288523.5,4.467707
1652,1560288523.75,4.522768
1653,1560288524.0,4.488194
1654,1560288524.25,4.445939
1655,1560288524.5,4.403683
1656,1560288524.75,4.380634
1657,1560288525.0,4.353744
1658,1560288525.25,4.310207
1659,1560288525.5,4.31661
1660,1560288525.75,4.399841
1661,1560288526.0,4.543255
1662,1560288526.25,4.68923
1663,1560288526.5,4.759657
1664,1560288526.75,4.776303
1665,1560288527.0,4.748132
1666,1560288527.25,4.68923
1667,1560288527.5,4.604718
1668,1560288527.75,4.5214870000000005
1669,1560288528.0,4.443377
1670,1560288528.25,4.380634
1671,1560288528.5,4.353744
1672,1560288528.75,4.355024
1673,1560288529.0,4.458743
1674,1560288529.25,4.5957550000000005
1675,1560288529.5,4.707157
1676,1560288529.75,4.760937
1677,1560288530.0,4.7148400000000015
1678,1560288530.25,4.690511
1679,1560288530.5,4.625206
1680,1560288530.75,4.548377
1681,1560288531.0,4.492036
1682,1560288531.25,4.439536
1683,1560288531.5,4.497158
1684,1560288531.75,4.594474
1685,1560288532.0,4.659779
1686,1560288532.25,4.68795
1687,1560288532.5,4.671303
1688,1560288532.75,4.629047
1689,1560288533.0,4.579109
1690,1560288533.25,4.518926
1691,1560288533.5,4.456182
1692,1560288533.75,4.413926999999998
1693,1560288534.0,4.3729510000000005
1694,1560288534.25,4.338378
1695,1560288534.5,4.31917
1696,1560288534.75,4.3012440000000005
1697,1560288535.0,4.28972
1698,1560288535.25,4.283317
1699,1560288535.5,4.285878
1700,1560288535.75,4.275633999999998
1701,1560288536.0,4.279476
1702,1560288536.25,4.273073
1703,1560288536.5,4.270512
1704,1560288536.75,4.285878
1705,1560288537.0,4.326854
1706,1560288537.25,4.385756
1707,1560288537.5,4.425451
1708,1560288537.75,4.444658
1709,1560288538.0,4.443377
1710,1560288538.25,4.434414
1711,1560288538.5,4.415207
1712,1560288538.75,4.390878
1713,1560288539.0,4.367829
1714,1560288539.25,4.356305
1715,1560288539.5,4.347341
1716,1560288539.75,4.340939
1717,1560288540.0,4.339658
1718,1560288540.25,4.333256
1719,1560288540.5,4.333256
1720,1560288540.75,4.321732
1721,1560288541.0,4.321732
1722,1560288541.25,4.31789
1723,1560288541.5,4.334537
1724,1560288541.75,4.329414
1725,1560288542.0,4.434414
1726,1560288542.25,4.563743
1727,1560288542.5,4.7442910000000005
1728,1560288542.75,4.904351
1729,1560288543.0,4.92612
1730,1560288543.25,4.876181
1731,1560288543.5,4.835205
1732,1560288543.75,4.84929
1733,1560288544.0,4.754535
1734,1560288544.25,4.695632
1735,1560288544.5,4.508682
1736,1560288544.75,4.589353
1737,1560288545.0,4.605999
1738,1560288545.25,4.703316
1739,1560288545.5,4.737888
1740,1560288545.75,4.703316
1741,1560288546.0,4.681547
1742,1560288546.25,4.728925
1743,1560288546.5,4.740449
1744,1560288546.75,4.55478
1745,1560288547.0,4.593194
1746,1560288547.25,4.760937
1747,1560288547.5,4.9402050000000015
1748,1560288547.75,4.914054
1749,1560288548.0,4.90381
1750,1560288548.25,4.938383
1751,1560288548.5,4.9268589999999985
1752,1560288548.75,4.692531
1753,1560288549.0,4.6182620000000005
1754,1560288549.25,4.5337510000000005
1755,1560288549.5,4.547836
1756,1560288549.75,4.427471
1757,1560288550.0,4.4472190000000005
1758,1560288550.25,4.461304
1759,1560288550.5,4.474109
1760,1560288550.75,4.475389
1761,1560288551.0,4.390878
1762,1560288551.25,4.401122
1763,1560288551.5,4.385756
1764,1560288551.75,4.425451
1765,1560288552.0,4.381914
1766,1560288552.25,4.314049
1767,1560288552.5,4.31917
1768,1560288552.75,4.355024
1769,1560288553.0,4.399841
1770,1560288553.25,4.39728
1771,1560288553.5,4.419048
1772,1560288553.75,4.453621
1773,1560288554.0,4.477951
1774,1560288554.25,4.489475
1775,1560288554.5,4.486914
1776,1560288554.75,4.466426
1777,1560288555.0,4.445939
1778,1560288555.25,4.419048
1779,1560288555.5,4.408804
1780,1560288555.75,4.439536
1781,1560288556.0,4.538133
1782,1560288556.25,4.671303
1783,1560288556.5,4.780145
1784,1560288556.75,4.819839
1785,1560288557.0,4.808315
1786,1560288557.25,4.772461
1787,1560288557.5,4.7148400000000015
1788,1560288557.75,4.655938
1789,1560288558.0,4.597035
1790,1560288558.25,4.549657
1791,1560288558.5,4.517645
1792,1560288558.75,4.502280000000002
1793,1560288559.0,4.483072
1794,1560288559.25,4.468987
1795,1560288559.5,4.45106
1796,1560288559.75,4.456182
1797,1560288560.0,4.458743
1798,1560288560.25,4.457463
1799,1560288560.5,4.454902
1800,1560288560.75,4.458743
1801,1560288561.0,4.460024
1802,1560288561.25,4.471548
1803,1560288561.5,4.494597
1804,1560288561.75,4.516365
1805,1560288562.0,4.526609
1806,1560288562.25,4.531731
1807,1560288562.5,4.53045
1808,1560288562.75,4.522768
1809,1560288563.0,4.552218
1810,1560288563.25,4.5214870000000005
1811,1560288563.5,4.406243
1812,1560288563.75,4.348622
1813,1560288564.0,4.401122
1814,1560288564.25,4.4523410000000005
1815,1560288564.5,4.428012
1816,1560288564.75,4.392158
1817,1560288565.0,4.416487
1818,1560288565.25,4.484353
1819,1560288565.5,4.617523
1820,1560288565.75,4.63417
1821,1560288566.0,4.630328
1822,1560288566.25,4.611121
1823,1560288566.5,4.58295
1824,1560288566.75,4.557341
1825,1560288567.0,4.525329
1826,1560288567.25,4.483072
1827,1560288567.5,4.457463
1828,1560288567.75,4.424169999999998
1829,1560288568.0,4.410085
1830,1560288568.25,4.39728
1831,1560288568.5,4.389597
1832,1560288568.75,4.385756
1833,1560288569.0,4.387036
1834,1560288569.25,4.379354
1835,1560288569.5,4.387036
1836,1560288569.75,4.384475
1837,1560288570.0,4.384475
1838,1560288570.25,4.385756
1839,1560288570.5,4.385756
1840,1560288570.75,4.385756
1841,1560288571.0,4.381914
1842,1560288571.25,4.383195
1843,1560288571.5,4.374231
1844,1560288571.75,4.374231
1845,1560288572.0,4.374231
1846,1560288572.25,4.374231
1847,1560288572.5,4.385756
1848,1560288572.75,4.421608999999999
1849,1560288573.0,4.475389
1850,1560288573.25,4.516365
1851,1560288573.5,4.536853
1852,1560288573.75,4.543255
1853,1560288574.0,4.539414
1854,1560288574.25,4.527889
1855,1560288574.5,4.512524
1856,1560288574.75,4.490756
1857,1560288575.0,4.471548
1858,1560288575.25,4.457463
1859,1560288575.5,4.448499
1860,1560288575.75,4.443377
1861,1560288576.0,4.438256
1862,1560288576.25,4.435695
1863,1560288576.5,4.429292
1864,1560288576.75,4.430573000000001
1865,1560288577.0,4.426731
1866,1560288577.25,4.420329
1867,1560288577.5,4.404963
1868,1560288577.75,4.399841
1869,1560288578.0,4.412646
1870,1560288578.25,4.522768
1871,1560288578.5,4.638011
1872,1560288578.75,4.6943519999999985
1873,1560288579.0,4.736608
1874,1560288579.25,4.749413
1875,1560288579.5,4.74173
1876,1560288579.75,4.7442910000000005
1877,1560288580.0,4.722523000000002
1878,1560288580.25,4.666182
1879,1560288580.5,4.621365
1880,1560288580.75,4.58167
1881,1560288581.0,4.553499
1882,1560288581.25,4.531731
1883,1560288581.5,4.513804
1884,1560288581.75,4.498438
1885,1560288582.0,4.525329
1886,1560288582.25,4.543255
1887,1560288582.5,4.527889
1888,1560288582.75,4.518926
1889,1560288583.0,4.512524
1890,1560288583.25,4.584230000000002
1891,1560288583.5,4.708437
1892,1560288583.75,4.859534
1893,1560288584.0,4.992705
1894,1560288584.25,5.049785
1895,1560288584.5,5.070273
1896,1560288584.75,5.067712
1897,1560288585.0,5.036981
1898,1560288585.25,4.961432
1899,1560288585.5,4.875639
1900,1560288585.75,4.792408
1901,1560288586.0,4.71942
1902,1560288586.25,4.6797260000000005
1903,1560288586.5,4.640031
1904,1560288586.75,4.619543
1905,1560288587.0,4.591372
1906,1560288587.25,4.5875309999999985
1907,1560288587.5,4.576006
1908,1560288587.75,4.577287
1909,1560288588.0,4.591372
1910,1560288588.25,4.61186
1911,1560288588.5,4.6182620000000005
1912,1560288588.75,4.623384
1913,1560288589.0,4.614421
1914,1560288589.25,4.610579
1915,1560288589.5,4.600336
1916,1560288589.75,4.5900919999999985
1917,1560288590.0,4.582408999999998
1918,1560288590.25,4.5900919999999985
1919,1560288590.5,4.625946
1920,1560288590.75,4.686128
1921,1560288591.0,4.74503
1922,1560288591.25,4.771921
1923,1560288591.5,4.777042
1924,1560288591.75,4.7642370000000005
1925,1560288592.0,4.736067
1926,1560288592.25,4.704055
1927,1560288592.5,4.6771650000000005
1928,1560288592.75,4.647714
1929,1560288593.0,4.628506
1930,1560288593.25,4.614421
1931,1560288593.5,4.601616
1932,1560288593.75,4.592653
1933,1560288594.0,4.588811
1934,1560288594.25,4.5875309999999985
1935,1560288594.5,4.5875309999999985
1936,1560288594.75,4.581129
1937,1560288595.0,4.5875309999999985
1938,1560288595.25,4.576006
1939,1560288595.5,4.559361
1940,1560288595.75,4.574726
1941,1560288596.0,4.595214
1942,1560288596.25,4.704055
1943,1560288596.5,4.801372
1944,1560288596.75,4.92942
1945,1560288597.0,4.965273000000002
1946,1560288597.25,4.949908
1947,1560288597.5,4.920456
1948,1560288597.75,4.82314
1949,1560288598.0,4.732225
1950,1560288598.25,4.6054580000000005
1951,1560288598.5,4.668201
1952,1560288598.75,4.654116
1953,1560288599.0,4.672043
1954,1560288599.25,4.58625
1955,1560288599.5,4.550397
1956,1560288599.75,4.501739
1957,1560288600.0,4.5132629999999985
1958,1560288600.25,4.485092
1959,1560288600.5,4.519665
1960,1560288600.75,4.5286290000000005
1961,1560288601.0,4.514544
1962,1560288601.25,4.5286290000000005
1963,1560288601.5,4.537592
1964,1560288601.75,4.591372
1965,1560288602.0,4.640031
1966,1560288602.25,4.7539940000000005
1967,1560288602.5,4.7642370000000005
1968,1560288602.75,4.755274
1969,1560288603.0,4.720701
1970,1560288603.25,4.696372
1971,1560288603.5,4.678445
1972,1560288603.75,4.641311
1973,1560288604.0,4.595214
1974,1560288604.25,4.55808
1975,1560288604.5,4.522226
1976,1560288604.75,4.495336
1977,1560288605.0,4.47997
1978,1560288605.25,4.468446
1979,1560288605.5,4.460763
1980,1560288605.75,4.463324
1981,1560288606.0,4.4594830000000005
1982,1560288606.25,4.4543599999999985
1983,1560288606.5,4.445397
1984,1560288606.75,4.460024
1985,1560288607.0,4.4523410000000005
1986,1560288607.25,4.465146
1987,1560288607.5,4.462585
1988,1560288607.75,4.429292
1989,1560288608.0,4.431853
1990,1560288608.25,4.458743
1991,1560288608.5,4.55606
1992,1560288608.75,4.649535
1993,1560288609.0,4.780145
1994,1560288609.25,4.790389
1995,1560288609.5,4.864656
1996,1560288609.75,4.769901
1997,1560288610.0,4.678987
1998,1560288610.25,4.678987
1999,1560288610.5,4.648255000000002
2000,1560288610.75,4.627767
2001,1560288611.0,4.5957550000000005
2002,1560288611.25,4.571426
2003,1560288611.5,4.538133
2004,1560288611.75,4.522768
2005,1560288612.0,4.5214870000000005
2006,1560288612.25,4.526609
2007,1560288612.5,4.507401
2008,1560288612.75,4.526609
2009,1560288613.0,4.543255
2010,1560288613.25,4.576548000000002
2011,1560288613.5,4.60984
2012,1560288613.75,4.646974
2013,1560288614.0,4.704596
2014,1560288614.25,4.707157
2015,1560288614.5,4.690511
2016,1560288614.75,4.650816000000002
2017,1560288615.0,4.622645
2018,1560288615.25,4.602158
2019,1560288615.5,4.579109
2020,1560288615.75,4.570145
2021,1560288616.0,4.55606
2022,1560288616.25,4.547097
2023,1560288616.5,4.544536
2024,1560288616.75,4.538133
2025,1560288617.0,4.536853
2026,1560288617.25,4.533011
2027,1560288617.5,4.531731
2028,1560288617.75,4.527889
2029,1560288618.0,4.5240480000000005
2030,1560288618.25,4.522768
2031,1560288618.5,4.517645
2032,1560288618.75,4.517645
2033,1560288619.0,4.516365
2034,1560288619.25,4.512524
2035,1560288619.5,4.511243
2036,1560288619.75,4.512524
2037,1560288620.0,4.508682
2038,1560288620.25,4.508682
2039,1560288620.5,4.506121
2040,1560288620.75,4.508682
2041,1560288621.0,4.506121
2042,1560288621.25,4.506121
2043,1560288621.5,4.504841000000001
2044,1560288621.75,4.504841000000001
2045,1560288622.0,4.50356
2046,1560288622.25,4.507401
2047,1560288622.5,4.512524
2048,1560288622.75,4.533011
2049,1560288623.0,4.590633
2050,1560288623.25,4.655938
2051,1560288623.5,4.699474
2052,1560288623.75,4.725084
2053,1560288624.0,4.74173
2054,1560288624.25,4.7442910000000005
2055,1560288624.5,4.731486
2056,1560288624.75,4.707157
2057,1560288625.0,4.676425
2058,1560288625.25,4.644413
2059,1560288625.5,4.623926
2060,1560288625.75,4.593194
2061,1560288626.0,4.593194
2062,1560288626.25,4.6943519999999985
2063,1560288626.5,4.837766
2064,1560288626.75,4.95301
2065,1560288627.0,5.006249
2066,1560288627.25,4.944786
2067,1560288627.5,4.912774
2068,1560288627.75,4.821859
2069,1560288628.0,4.810335
2070,1560288628.25,4.791128
2071,1560288628.5,4.714299
2072,1560288628.75,4.675884
2073,1560288629.0,4.63747
2074,1560288629.25,4.6131410000000015
2075,1560288629.5,4.581129
2076,1560288629.75,4.547836
2077,1560288630.0,4.554238
2078,1560288630.25,4.628506
2079,1560288630.5,4.761677
2080,1560288630.75,4.774481
2081,1560288631.0,4.858994
2082,1560288631.25,4.839786
2083,1560288631.5,4.871798
2084,1560288631.75,4.79753
2085,1560288632.0,4.737348
2086,1560288632.25,4.688689
2087,1560288632.5,4.654116
2088,1560288632.75,4.701494
2089,1560288633.0,4.792408
2090,1560288633.25,4.846189
2091,1560288633.5,4.892286
2092,1560288633.75,4.891006
2093,1560288634.0,4.865396
2094,1560288634.25,4.832103
2095,1560288634.5,4.782164
2096,1560288634.75,4.728383999999998
2097,1560288635.0,4.6848480000000015
2098,1560288635.25,4.648994
2099,1560288635.5,4.646433
2100,1560288635.75,4.63875
2101,1560288636.0,4.633628
2102,1560288636.25,4.636189
2103,1560288636.5,4.645153
2104,1560288636.75,4.6874080000000005
2105,1560288637.0,4.757835
2106,1560288637.25,4.82442
2107,1560288637.5,4.875639
2108,1560288637.75,4.874358999999999
2109,1560288638.0,4.864115
2110,1560288638.25,4.846189
2111,1560288638.5,4.875639
2112,1560288638.75,4.992164
2113,1560288639.0,5.125334
2114,1560288639.25,5.206004
2115,1560288639.5,5.220089
2116,1560288639.75,5.199602
2117,1560288640.0,5.173992
2118,1560288640.25,5.129175
2119,1560288640.5,5.071554
2120,1560288640.75,4.996005
2121,1560288641.0,4.939664
2122,1560288641.25,4.894847
2123,1560288641.5,4.867957
2124,1560288641.75,4.853871
2125,1560288642.0,4.84875
2126,1560288642.25,4.847469
2127,1560288642.5,4.85131
2128,1560288642.75,4.8410660000000005
2129,1560288643.0,4.8410660000000005
2130,1560288643.25,4.843627
2131,1560288643.5,4.844908
2132,1560288643.75,4.842347
2133,1560288644.0,4.839786
2134,1560288644.25,4.85003
2135,1560288644.5,4.885883
2136,1560288644.75,4.9870410000000005
2137,1560288645.0,5.112529
2138,1560288645.25,5.19448
2139,1560288645.5,5.24826
2140,1560288645.75,5.267467
2141,1560288646.0,5.266187
2142,1560288646.25,5.158626
2143,1560288646.5,5.0984440000000015
2144,1560288646.75,5.120212
2145,1560288647.0,5.200882
2146,1560288647.25,5.27515
2147,1560288647.5,5.254663
2148,1560288647.75,5.227772
2149,1560288648.0,5.202163
2150,1560288648.25,5.150943
2151,1560288648.5,5.203443
2152,1560288648.75,5.163748
2153,1560288649.0,5.180395
2154,1560288649.25,5.144541
2155,1560288649.5,5.104846
2156,1560288649.75,5.081797
2157,1560288650.0,5.060029
2158,1560288650.25,5.0357
2159,1560288650.5,5.022895
2160,1560288650.75,5.011371
2161,1560288651.0,4.9870410000000005
2162,1560288651.25,4.953749
2163,1560288651.5,4.914054
2164,1560288651.75,4.935822
2165,1560288652.0,4.960152
2166,1560288652.25,4.888444
2167,1560288652.5,4.819298000000002
2168,1560288652.75,4.844908
2169,1560288653.0,4.878201
2170,1560288653.25,4.866676
2171,1560288653.5,4.832103
2172,1560288653.75,4.858994
2173,1560288654.0,4.761677
2174,1560288654.25,4.724543
2175,1560288654.5,4.69125
2176,1560288654.75,4.700213
2177,1560288655.0,4.69125
2178,1560288655.25,4.696372
2179,1560288655.5,4.69125
2180,1560288655.75,4.692531
2181,1560288656.0,4.686128
2182,1560288656.25,4.6771650000000005
2183,1560288656.5,4.686128
2184,1560288656.75,4.74503
2185,1560288657.0,4.860274
2186,1560288657.25,4.960152
2187,1560288657.5,5.029297
2188,1560288657.75,5.060029
2189,1560288658.0,5.052346
2190,1560288658.25,5.025456
2191,1560288658.5,4.979359
2192,1560288658.75,4.921737
2193,1560288659.0,4.862835
2194,1560288659.25,4.812896
2195,1560288659.5,4.77064
2196,1560288659.75,4.747591000000001
2197,1560288660.0,4.725823
2198,1560288660.25,4.707896
2199,1560288660.5,4.697652
2200,1560288660.75,4.686128
2201,1560288661.0,4.6822870000000005
2202,1560288661.25,4.675884
2203,1560288661.5,4.673323
2204,1560288661.75,4.669482
2205,1560288662.0,4.673323
2206,1560288662.25,4.673323
2207,1560288662.5,4.666921
2208,1560288662.75,4.659237999999998
2209,1560288663.0,4.66564
2210,1560288663.25,4.669482
2211,1560288663.5,4.700213
2212,1560288663.75,4.787286
2213,1560288664.0,4.9050910000000005
2214,1560288664.25,5.019053
2215,1560288664.5,5.083078
2216,1560288664.75,5.092041
2217,1560288665.0,5.070273
2218,1560288665.25,5.004968
2219,1560288665.5,4.924298
2220,1560288665.75,4.85131
2221,1560288666.0,4.777042
2222,1560288666.25,4.71686
2223,1560288666.5,4.674604
2224,1560288666.75,4.654116
2225,1560288667.0,4.704055
2226,1560288667.25,4.821859
2227,1560288667.5,4.965273000000002
2228,1560288667.75,5.060029
2229,1560288668.0,5.094602
2230,1560288668.25,5.109968
2231,1560288668.5,5.071554
2232,1560288668.75,5.006249
2233,1560288669.0,4.924298
2234,1560288669.25,4.869237
2235,1560288669.5,4.812896
2236,1560288669.75,4.7642370000000005
2237,1560288670.0,4.730944999999998
2238,1560288670.25,4.710457
2239,1560288670.5,4.696372
2240,1560288670.75,4.686128
2241,1560288671.0,4.669482
2242,1560288671.25,4.666921
2243,1560288671.5,4.668201
2244,1560288671.75,4.6617989999999985
2245,1560288672.0,4.668201
2246,1560288672.25,4.666921
2247,1560288672.5,4.669482
2248,1560288672.75,4.669482
2249,1560288673.0,4.670763
2250,1560288673.25,4.66436
2251,1560288673.5,4.669482
2252,1560288673.75,4.669482
2253,1560288674.0,4.678445
2254,1560288674.25,4.672043
2255,1560288674.5,4.673323
2256,1560288674.75,4.6848480000000015
2257,1560288675.0,4.696372
2258,1560288675.25,4.725823
2259,1560288675.5,4.7642370000000005
2260,1560288675.75,4.788567
2261,1560288676.0,4.728383999999998
2262,1560288676.25,4.760396
2263,1560288676.5,4.7539940000000005
2264,1560288676.75,4.7539940000000005
2265,1560288677.0,4.761677
2266,1560288677.25,4.7514330000000005
2267,1560288677.5,4.748872
2268,1560288677.75,4.728383999999998
2269,1560288678.0,4.706616
2270,1560288678.25,4.705335
2271,1560288678.5,4.710457
2272,1560288678.75,4.697652
2273,1560288679.0,4.698933
2274,1560288679.25,4.701494
2275,1560288679.5,4.702775
2276,1560288679.75,4.715579
2277,1560288680.0,4.704055
2278,1560288680.25,4.673323
2279,1560288680.5,4.633628
2280,1560288680.75,4.601616
2281,1560288681.0,4.559361
2282,1560288681.25,4.511982
2283,1560288681.5,4.517104
2284,1560288681.75,4.573446
2285,1560288682.0,4.632348
2286,1560288682.25,4.6182620000000005
2287,1560288682.5,4.738628
2288,1560288682.75,4.800091
2289,1560288683.0,4.847469
2290,1560288683.25,4.814177
2291,1560288683.5,4.814177
2292,1560288683.75,4.826981
2293,1560288684.0,4.829542
2294,1560288684.25,4.79753
2295,1560288684.5,4.721982
2296,1560288684.75,4.663079
2297,1560288685.0,4.63747
2298,1560288685.25,4.628506
2299,1560288685.5,4.642591
2300,1560288685.75,4.6080190000000005
2301,1560288686.0,4.5875309999999985
2302,1560288686.25,4.578568
2303,1560288686.5,4.6080190000000005
2304,1560288686.75,4.6182620000000005
2305,1560288687.0,4.627226
2306,1560288687.25,4.640031
2307,1560288687.5,4.645153
2308,1560288687.75,4.654116
2309,1560288688.0,4.656676999999998
2310,1560288688.25,4.657958
2311,1560288688.5,4.66436
2312,1560288688.75,4.6617989999999985
2313,1560288689.0,4.656676999999998
2314,1560288689.25,4.652835
2315,1560288689.5,4.654116
2316,1560288689.75,4.654116
2317,1560288690.0,4.655396
2318,1560288690.25,4.652835
2319,1560288690.5,4.655396
2320,1560288690.75,4.656676999999998
2321,1560288691.0,4.66564
2322,1560288691.25,4.683567
2323,1560288691.5,4.702775
2324,1560288691.75,4.71686
2325,1560288692.0,4.715579
2326,1560288692.25,4.704055
2327,1560288692.5,4.697652
2328,1560288692.75,4.678445
2329,1560288693.0,4.688689
2330,1560288693.25,4.739908
2331,1560288693.5,4.843627
2332,1560288693.75,4.998566
2333,1560288694.0,5.099724
2334,1560288694.25,5.184236
2335,1560288694.5,5.176553
2336,1560288694.75,5.186797
2337,1560288695.0,5.1227730000000005
2338,1560288695.25,5.090761
2339,1560288695.5,5.00881
2340,1560288695.75,4.894847
2341,1560288696.0,4.862835
2342,1560288696.25,4.821859
2343,1560288696.5,4.803933
2344,1560288696.75,4.775762
2345,1560288697.0,4.768079
2346,1560288697.25,4.755274
2347,1560288697.5,4.74503
2348,1560288697.75,4.739908
2349,1560288698.0,4.739908
2350,1560288698.25,4.734787
2351,1560288698.5,4.729664
2352,1560288698.75,4.727104
2353,1560288699.0,4.729664
2354,1560288699.25,4.733505999999998
2355,1560288699.5,4.736067
2356,1560288699.75,4.737348
2357,1560288700.0,4.742469
2358,1560288700.25,4.739908
2359,1560288700.5,4.7591160000000015
2360,1560288700.75,4.821859
2361,1560288701.0,4.919176
2362,1560288701.25,5.006249
2363,1560288701.5,5.06259
2364,1560288701.75,5.077956
2365,1560288702.0,5.085639
2366,1560288702.25,5.052346
2367,1560288702.5,5.002408
2368,1560288702.75,4.951188
2369,1560288703.0,4.907651
2370,1560288703.25,4.888444
2371,1560288703.5,4.882042
2372,1560288703.75,4.875639
2373,1560288704.0,4.870518
2374,1560288704.25,4.865396
2375,1560288704.5,4.84875
2376,1560288704.75,4.8410660000000005
2377,1560288705.0,4.826981
2378,1560288705.25,4.816737
2379,1560288705.5,4.805213
2380,1560288705.75,4.79753
2381,1560288706.0,4.789847
2382,1560288706.25,4.787286
2383,1560288706.5,4.782164
2384,1560288706.75,4.77064
2385,1560288707.0,4.768079
2386,1560288707.25,4.74503
2387,1560288707.5,4.721982
2388,1560288707.75,4.714299
2389,1560288708.0,4.711738
2390,1560288708.25,4.713018
2391,1560288708.5,4.711738
2392,1560288708.75,4.714299
2393,1560288709.0,4.7539940000000005
2394,1560288709.25,4.843627
2395,1560288709.5,4.967834
2396,1560288709.75,5.085639
2397,1560288710.0,5.158626
2398,1560288710.25,5.1752720000000005
2399,1560288710.5,5.158626
2400,1560288710.75,5.125334
2401,1560288711.0,5.081797
2402,1560288711.25,5.025456
2403,1560288711.5,4.980639
2404,1560288711.75,4.939664
2405,1560288712.0,4.916615
2406,1560288712.25,4.901249
2407,1560288712.5,4.8999690000000005
2408,1560288712.75,4.907651
2409,1560288713.0,4.891006
2410,1560288713.25,4.901249
2411,1560288713.5,4.897408
2412,1560288713.75,4.867957
2413,1560288714.0,4.87692
2414,1560288714.25,4.819298000000002
2415,1560288714.5,4.816737
2416,1560288714.75,4.794969
2417,1560288715.0,4.706616
2418,1560288715.25,4.537592
2419,1560288715.5,4.568324
2420,1560288715.75,4.572165
2421,1560288716.0,4.66436
2422,1560288716.25,4.860274
2423,1560288716.5,4.775762
2424,1560288716.75,4.737348
2425,1560288717.0,4.782164
2426,1560288717.25,4.7667980000000005
2427,1560288717.5,4.698933
2428,1560288717.75,4.747591000000001
2429,1560288718.0,4.71942
2430,1560288718.25,4.706616
2431,1560288718.5,4.654116
2432,1560288718.75,4.6208230000000015
2433,1560288719.0,4.573446
2434,1560288719.25,4.773201
2435,1560288719.5,4.885883
2436,1560288719.75,4.980639
2437,1560288720.0,5.039541000000002
2438,1560288720.25,5.028017
2439,1560288720.5,5.053627
2440,1560288720.75,5.085639
2441,1560288721.0,4.931981
2442,1560288721.25,4.631067
2443,1560288721.5,5.148383
2444,1560288721.75,5.117651
2445,1560288722.0,5.007529
2446,1560288722.25,4.948627
2447,1560288722.5,5.044663
2448,1560288722.75,5.068993
2449,1560288723.0,5.080517
2450,1560288723.25,5.19576
2451,1560288723.5,5.27387
2452,1560288723.75,5.2367360000000005
2453,1560288724.0,5.097163
2454,1560288724.25,5.2367360000000005
2455,1560288724.5,5.140699
2456,1560288724.75,5.2930769999999985
2457,1560288725.0,5.527405
2458,1560288725.25,5.4973220000000005
2459,1560288725.5,4.947995
2460,1560288725.75,4.958871
2461,1560288726.0,5.150943
2462,1560288726.25,5.30076
2463,1560288726.5,5.27515
2464,1560288726.75,5.24826
2465,1560288727.0,5.309723
2466,1560288727.25,5.253382
2467,1560288727.5,5.234175
2468,1560288727.75,5.253382
2469,1560288728.0,5.371186
2470,1560288728.25,5.496674
2471,1560288728.5,5.551101999999998
2472,1560288728.75,5.342384
2473,1560288729.0,4.82891
2474,1560288729.25,4.953749
2475,1560288729.5,5.103566000000002
2476,1560288729.75,5.216248
2477,1560288730.0,5.2213699999999985
2478,1560288730.25,5.229053
2479,1560288730.5,5.46082
2480,1560288730.75,5.715004
2481,1560288731.0,5.620248
2482,1560288731.25,5.6509800000000014
2483,1560288731.5,5.264274
2484,1560288731.75,5.134945
2485,1560288732.0,5.223299
2486,1560288732.25,5.2489089999999985
2487,1560288732.5,5.268116
2488,1560288732.75,5.260433
2489,1560288733.0,5.269396
2490,1560288733.25,5.2796400000000006
2491,1560288733.5,5.295006
2492,1560288733.75,5.303969
2493,1560288734.0,5.296286
2494,1560288734.25,5.310371
2495,1560288734.5,5.391042
2496,1560288734.75,5.476833999999998
2497,1560288735.0,5.164396
2498,1560288735.25,5.1848839999999985
2499,1560288735.5,5.178482
2500,1560288735.75,5.298847
2501,1560288736.0,5.320615
2502,1560288736.25,5.4102489999999985
2503,1560288736.5,5.233542
2504,1560288736.75,5.143909
2505,1560288737.0,5.234823
2506,1560288737.25,4.790495
2507,1560288737.5,4.768079
2508,1560288737.75,4.870518
2509,1560288738.0,5.350699
2510,1560288738.25,5.419845
2511,1560288738.5,5.422406
2512,1560288738.75,5.409601
2513,1560288739.0,5.400638
2514,1560288739.25,5.38143
2515,1560288739.5,5.343016
2516,1560288739.75,5.025456
2517,1560288740.0,5.117651
2518,1560288740.25,5.173992
2519,1560288740.5,5.145822
2520,1560288740.75,5.209846
2521,1560288741.0,5.334053
2522,1560288741.25,5.3903940000000015
2523,1560288741.5,5.400638
2524,1560288741.75,5.4646620000000015
2525,1560288742.0,5.530615
2526,1560288742.25,5.539578
2527,1560288742.5,5.51781
2528,1560288742.75,5.538298
2529,1560288743.0,5.525493
2530,1560288743.25,5.59848
2531,1560288743.5,5.727809
2532,1560288743.75,5.846894
2533,1560288744.0,5.931406
2534,1560288744.25,5.941649
2535,1560288744.5,5.925967
2536,1560288744.75,5.886272
2537,1560288745.0,5.844016000000001
2538,1560288745.25,5.7787120000000005
2539,1560288745.5,5.700602
2540,1560288745.75,5.618651
2541,1560288746.0,5.56231
2542,1560288746.25,5.530298
2543,1560288746.5,5.511091
2544,1560288746.75,5.498286
2545,1560288747.0,5.480359
2546,1560288747.25,5.5367
2547,1560288747.5,5.577676
2548,1560288747.75,5.584078
2549,1560288748.0,5.593041
2550,1560288748.25,5.58792
2551,1560288748.5,5.607126999999998
2552,1560288748.75,5.603285
2553,1560288749.0,5.650663
2554,1560288749.25,5.715968
2555,1560288749.5,5.792797
2556,1560288749.75,5.833772
2557,1560288750.0,5.845297
2558,1560288750.25,5.842736
2559,1560288750.5,5.822248
2560,1560288750.75,5.805602
2561,1560288751.0,5.779992
2562,1560288751.25,5.760785
2563,1560288751.5,5.740297
2564,1560288751.75,5.726212
2565,1560288752.0,5.715968
2566,1560288752.25,5.715968
2567,1560288752.5,5.708285
2568,1560288752.75,5.7121260000000005
2569,1560288753.0,5.7146870000000005
2570,1560288753.25,5.72237
2571,1560288753.5,5.723651
2572,1560288753.75,5.737736
2573,1560288754.0,5.74798
2574,1560288754.25,5.759504
2575,1560288754.5,5.782553
2576,1560288754.75,5.823528
2577,1560288755.0,5.878589
2578,1560288755.25,5.913162000000002
2579,1560288755.5,5.929809
2580,1560288755.75,5.93237
2581,1560288756.0,5.928528
2582,1560288756.25,5.922126
2583,1560288756.5,5.90676
2584,1560288756.75,5.896516
2585,1560288757.0,5.884992
2586,1560288757.25,5.877309
2587,1560288757.5,5.873467
2588,1560288757.75,5.870906
2589,1560288758.0,5.872187
2590,1560288758.25,5.87987
2591,1560288758.5,5.872187
2592,1560288758.75,5.88115
2593,1560288759.0,5.87987
2594,1560288759.25,5.895236
2595,1560288759.5,5.95926
2596,1560288759.75,6.089869
2597,1560288760.0,6.210234
2598,1560288760.25,6.280661
2599,1560288760.5,6.292185
2600,1560288760.75,6.275539
2601,1560288761.0,6.244807
2602,1560288761.25,6.2025510000000015
2603,1560288761.5,6.1474910000000005
2604,1560288761.75,6.0975519999999985
2605,1560288762.0,6.037369
2606,1560288762.25,6.135966000000002
2607,1560288762.5,6.132125
2608,1560288762.75,6.107796
2609,1560288763.0,6.107796
2610,1560288763.25,6.1180400000000015
2611,1560288763.5,6.182064
2612,1560288763.75,6.308832
2613,1560288764.0,6.424075
2614,1560288764.25,6.4919400000000005
2615,1560288764.5,6.565766
2616,1560288764.75,6.5644860000000005
2617,1560288765.0,6.543998
2618,1560288765.25,6.5081440000000015
2619,1560288765.5,6.463327
2620,1560288765.75,6.401865
2621,1560288766.0,6.3621690000000015
2622,1560288766.25,6.351925
2623,1560288766.5,6.374974
2624,1560288766.75,6.4005839999999985
2625,1560288767.0,6.41851
2626,1560288767.25,6.412108
2627,1560288767.5,6.405706
2628,1560288767.75,6.409547
2629,1560288768.0,6.413389
2630,1560288768.25,6.424913
2631,1560288768.5,6.436438
2632,1560288768.75,6.447962
2633,1560288769.0,6.455645
2634,1560288769.25,6.463327
2635,1560288769.5,6.463327
2636,1560288769.75,6.44412
2637,1560288770.0,6.395462
2638,1560288770.25,6.44412
2639,1560288770.5,6.446681
2640,1560288770.75,6.476132
2641,1560288771.0,6.4236330000000015
2642,1560288771.25,6.47101
2643,1560288771.5,6.454364
2644,1560288771.75,6.478693
2645,1560288772.0,6.565766
2646,1560288772.25,6.686131
2647,1560288772.5,6.782168
2648,1560288772.75,6.833386999999999
2649,1560288773.0,6.841069999999998
2650,1560288773.25,6.820582000000001
2651,1560288773.5,6.818021000000001
2652,1560288773.75,6.851314
2653,1560288774.0,6.8666800000000014
2654,1560288774.25,6.857716
2655,1560288774.5,6.823142999999999
2656,1560288774.75,6.8218630000000005
2657,1560288775.0,6.792412
2658,1560288775.25,6.76168
2659,1560288775.5,6.797534
2660,1560288775.75,6.440279
2661,1560288776.0,6.350645
2662,1560288776.25,6.333999
2663,1560288776.5,6.371133
2664,1560288776.75,6.453084
2665,1560288777.0,6.433877
2666,1560288777.25,6.561925
2667,1560288777.5,6.6618020000000016
2668,1560288777.75,6.729667999999998
2669,1560288778.0,6.656681
2670,1560288778.25,6.714302
2671,1560288778.5,6.745034
2672,1560288778.75,6.782168
2673,1560288779.0,6.800095
2674,1560288779.25,6.887167
2675,1560288779.5,6.996008
2676,1560288779.75,7.1209240000000005
2677,1560288780.0,7.069705
2678,1560288780.25,7.178546000000001
2679,1560288780.5,7.223363000000001
2680,1560288780.75,7.201594999999998
2681,1560288781.0,7.1004369999999986
2682,1560288781.25,7.064583
2683,1560288781.5,7.026169
2684,1560288781.75,6.903242999999999
2685,1560288782.0,6.9442179999999984
2686,1560288782.25,6.852023
2687,1560288782.5,6.89812
2688,1560288782.75,6.822572
2689,1560288783.0,6.89812
2690,1560288783.25,6.8878770000000005
2691,1560288783.5,6.933974
2692,1560288783.75,6.899400999999999
2693,1560288784.0,6.889157000000001
2694,1560288784.25,6.9070839999999984
2695,1560288784.5,6.910925
2696,1560288784.75,6.916047
2697,1560288785.0,6.940376
2698,1560288785.25,6.999279
2699,1560288785.5,7.074827
2700,1560288785.75,7.13501
2701,1560288786.0,7.132449
2702,1560288786.25,7.0812300000000015
2703,1560288786.5,6.960864
2704,1560288786.75,7.024889
2705,1560288787.0,7.047936999999999
2706,1560288787.25,6.985192999999999
2707,1560288787.5,7.0927539999999984
2708,1560288787.75,7.149095
2709,1560288788.0,7.142693
2710,1560288788.25,7.2323270000000015
2711,1560288788.5,7.2323270000000015
2712,1560288788.75,7.191350999999999
2713,1560288789.0,7.164461
2714,1560288789.25,7.124766
2715,1560288789.5,7.090192999999998
2716,1560288789.75,6.954462
2717,1560288790.0,6.9442179999999984
2718,1560288790.25,6.744462
2719,1560288790.5,6.421781
2720,1560288790.75,6.427474
2721,1560288791.0,6.485096
2722,1560288791.25,6.770643
2723,1560288791.5,6.984483999999999
2724,1560288791.75,7.172144
2725,1560288792.0,7.210558
2726,1560288792.25,7.146534
2727,1560288792.5,6.718853
2728,1560288792.75,6.959584
2729,1560288793.0,7.368058
2730,1560288793.25,7.3808630000000015
2731,1560288793.5,7.375741
2732,1560288793.75,7.366777000000001
2733,1560288794.0,7.355253
