,Timestamp,HRV
0,1560953146.859375,65.835823520247
1,1560953147.53125,63.27642728536434
2,1560953147.875,196.8060990938677
3,1560953148.265625,215.59477250060507
4,1560953148.71875,217.56263814955275
5,1560953149.03125,211.36985488624032
6,1560953149.59375,207.7652926892053
7,1560953149.953125,212.75966135317685
8,1560953150.296875,215.03638496766223
9,1560953150.984375,212.80591171469314
10,1560953151.359375,215.8402207933973
11,1560953151.671875,215.0905869661114
12,1560953152.125,211.8699986856489
13,1560953152.796875,218.48652155158143
14,1560953153.09375,219.71376849423515
15,1560953153.375,219.91579661631025
16,1560953153.71875,217.0152791454945
17,1560953154.09375,210.62596939787625
18,1560953154.359375,210.43747105702232
19,1560953154.5625,209.51397840459202
20,1560953155.015625,209.51397840459202
21,1560953155.609375,210.43747105702232
22,1560953156.140625,211.5182107452631
23,1560953156.765625,389.14145169844033
24,1560953158.1875,486.0435413953308
25,1560953158.703125,487.6838400011874
26,1560953159.703125,496.38858025463685
27,1560953160.046875,503.8548817098809
28,1560953161.0625,517.0629324374329
29,1560953161.328125,516.6074396679599
30,1560953162.015625,514.7862315561147
31,1560953162.5,510.56149314480507
32,1560953163.328125,509.8162337857842
33,1560953164.28125,504.63891856125605
34,1560953164.828125,503.5331520733576
35,1560953165.53125,504.77431038375715
36,1560953166.046875,505.3591554052316
37,1560953166.65625,504.5037077894806
38,1560953167.40625,498.8734925538682
39,1560953167.765625,480.0769605648196
40,1560953168.375,414.65986442549524
41,1560953168.921875,417.7678046258428
42,1560953169.515625,399.4996413182776
43,1560953170.265625,366.33261002910217
44,1560953170.6875,243.89522700510918
45,1560953171.265625,230.06268655217946
46,1560953171.859375,236.97897724714736
47,1560953172.09375,234.09743483504192
48,1560953172.421875,233.52912316544567
49,1560953173.03125,217.88593076118786
50,1560953173.609375,218.78975432217973
51,1560953174.078125,218.94796191283925
52,1560953174.71875,218.94796191283925
53,1560953175.265625,220.64433810436162
54,1560953175.84375,205.31404423872272
55,1560953176.734375,258.04884928048244
56,1560953177.125,258.1905553624472
57,1560953177.46875,257.4452128120192
58,1560953177.703125,265.3496717614076
59,1560953178.328125,264.580823532202
60,1560953178.640625,263.97190402500166
61,1560953179.234375,263.89788972715047
62,1560953179.796875,261.9186563641409
63,1560953180.390625,261.1868485138044
64,1560953181.125,262.3195554937334
65,1560953181.546875,260.60008591265944
66,1560953182.125,261.62973166268904
67,1560953182.703125,263.5927894127686
68,1560953183.296875,264.2902505729887
69,1560953183.875,264.35425716782345
70,1560953184.4375,264.3367873855028
71,1560953185.03125,215.76316348747787
72,1560953185.578125,218.84593822834046
73,1560953186.421875,241.62262082813942
74,1560953186.84375,228.20677469163232
75,1560953187.359375,223.74551288887506
76,1560953187.96875,221.89724284235214
77,1560953188.328125,234.91324987619967
78,1560953189.0625,251.90291618906147
79,1560953189.375,251.90291618906147
80,1560953189.828125,251.16913989516263
81,1560953190.203125,260.6217639266714
82,1560953190.96875,366.7224849486447
83,1560953192.46875,594.821196889855
84,1560953192.765625,593.0427036658979
85,1560953193.359375,592.9896006800955
86,1560953193.90625,592.501780650939
87,1560953194.59375,590.2705674655906
88,1560953195.625,589.7476964326116
89,1560953196.296875,591.4032977538957
90,1560953197.171875,588.9535537463094
91,1560953197.640625,588.1027370005155
92,1560953197.90625,587.3150346945763
93,1560953198.5,589.8971279848679
94,1560953199.03125,591.3626997653636
95,1560953199.78125,590.0018625750381
96,1560953200.234375,587.4757788800048
97,1560953201.078125,590.11066312613
98,1560953201.96875,580.3202112119383
99,1560953202.578125,228.60066721049103
100,1560953203.359375,234.2879832357508
101,1560953203.765625,229.72067447621487
102,1560953203.984375,231.86572873343982
103,1560953204.28125,252.3065849161796
104,1560953205.046875,251.94205685441867
105,1560953205.984375,251.22601590743267
106,1560953207.15625,253.6365721111844
107,1560953207.90625,254.07519685698918
108,1560953208.84375,253.21971857906257
109,1560953209.484375,251.740344242786
110,1560953210.0,256.1472512841342
111,1560953210.484375,255.95083045578383
112,1560953211.25,252.5337560272658
113,1560953212.09375,304.6851437207441
114,1560953212.34375,308.30202906799036
115,1560953212.609375,308.0184332945379
116,1560953213.0625,387.88373101831985
117,1560953214.265625,400.4704587987517
118,1560953214.875,397.88022556991655
119,1560953215.234375,397.0579586883711
120,1560953215.8125,398.3477714666577
121,1560953216.453125,398.12786611782303
122,1560953216.84375,794.7913472926051
123,1560953218.859375,895.5864053926213
124,1560953219.34375,895.716861185398
125,1560953220.109375,893.5669138339917
126,1560953220.46875,893.5805178725775
127,1560953220.8125,894.6871392342938
128,1560953221.265625,894.2743159991096
129,1560953221.890625,897.717025967375
130,1560953222.609375,897.3869332040061
131,1560953223.46875,894.6963734355447
132,1560953223.796875,965.8744093065877
133,1560953225.671875,991.8755260864991
134,1560953226.1875,989.4053310326367
135,1560953227.171875,989.4053310326367
136,1560953227.9375,985.6958556517723
137,1560953228.234375,984.4876039741824
138,1560953228.890625,911.9659723530613
139,1560953229.546875,825.4797773636783
140,1560953229.8125,824.6497922214792
141,1560953230.453125,824.6497922214792
142,1560953230.6875,853.6536382487013
143,1560953232.15625,851.3925310490573
144,1560953233.265625,851.9621416625638
145,1560953234.3125,849.0002969563278
146,1560953234.953125,846.5923833772432
147,1560953235.21875,851.2369759585578
148,1560953235.5,725.9440268393198
149,1560953236.09375,589.5746485842591
150,1560953236.34375,592.0264059006744
151,1560953236.71875,590.6351229265578
152,1560953237.46875,590.8972838503342
153,1560953237.859375,592.5237044078438
154,1560953238.421875,592.0025247294668
155,1560953238.84375,594.367652758153
156,1560953239.296875,595.2057692551823
157,1560953240.0,597.03957444935
158,1560953240.609375,265.21646587161916
159,1560953241.703125,287.8500325718051
160,1560953242.28125,288.395778460041
161,1560953243.296875,285.96962090439683
162,1560953244.578125,299.13740884733227
163,1560953245.359375,293.02461133588093
164,1560953245.765625,293.02461133588093
165,1560953246.484375,295.7448158092257
166,1560953247.40625,297.57546467255867
167,1560953248.328125,330.8475727181085
168,1560953248.640625,386.55082733237913
169,1560953249.6875,390.94273711533447
170,1560953250.15625,392.01759776333085
171,1560953250.703125,392.0794416406665
172,1560953251.265625,396.2126445847219
173,1560953251.84375,396.8946486095101
174,1560953252.421875,400.2610060735156
175,1560953252.90625,398.80599601460267
176,1560953253.578125,401.4340778882454
177,1560953254.28125,401.4340778882454
178,1560953254.71875,397.12505910557167
179,1560953255.4375,397.9990386001793
180,1560953255.96875,400.35669591994287
181,1560953256.484375,400.0400665184577
182,1560953257.234375,398.1422656174272
183,1560953257.75,377.3019376331949
184,1560953258.046875,281.4121178441201
185,1560953258.40625,164.09349320058902
186,1560953258.9375,163.77946848162338
187,1560953259.6875,165.67706707507932
188,1560953260.171875,161.50069751536418
189,1560953260.453125,290.02161181517397
190,1560953261.34375,290.0985473123994
191,1560953261.890625,291.9149271821735
192,1560953262.5,291.521162774942
193,1560953263.03125,291.5503294157068
194,1560953263.328125,300.73782146532363
195,1560953264.0625,302.52585837065567
196,1560953264.859375,300.7423260872016
197,1560953266.0,308.91345877471014
198,1560953266.6875,308.91345877471014
199,1560953267.140625,309.4995118420839
200,1560953267.78125,306.97399269170256
201,1560953268.625,339.3749911834978
202,1560953268.859375,337.90206004821965
203,1560953269.453125,341.66096879840165
204,1560953269.96875,343.52797079361375
205,1560953270.59375,313.6711174684981
206,1560953271.125,313.65916668049437
207,1560953271.4375,313.9497120106991
208,1560953271.734375,311.18682765078444
209,1560953272.28125,310.7428026775193
210,1560953272.546875,306.9900087071225
211,1560953272.890625,304.61963167679187
212,1560953273.453125,306.39338564607874
213,1560953274.03125,296.94757665317036
214,1560953274.5625,297.8833579690237
215,1560953275.21875,298.3576643363764
216,1560953276.015625,312.407717844033
217,1560953276.34375,246.0765873684322
218,1560953277.03125,239.4349686526932
219,1560953277.59375,239.7702473271656
220,1560953278.203125,240.7036496731909
221,1560953278.796875,241.3955780282943
222,1560953279.40625,242.96735826081226
223,1560953280.0,242.98726953371124
224,1560953280.59375,243.57714899784256
225,1560953281.1875,242.11605617431667
226,1560953281.796875,242.3979669296717
227,1560953282.375,241.9599946956659
228,1560953282.78125,241.9168989981943
229,1560953283.15625,242.0289779587537
230,1560953283.546875,243.09865313561508
231,1560953284.1875,243.80560779941882
232,1560953284.78125,182.82834864338943
233,1560953285.3125,126.90120243751308
234,1560953285.875,137.05965123860122
235,1560953286.21875,137.25456330225538
236,1560953286.546875,150.33237278015088
237,1560953287.125,150.33237278015088
238,1560953287.6875,149.94928285108256
239,1560953288.3125,149.52429897139442
240,1560953289.0,212.7758505276257
241,1560953290.109375,282.41653705634604
242,1560953290.671875,282.41653705634604
243,1560953291.265625,283.5379558604052
244,1560953291.84375,283.5931171451868
245,1560953292.421875,283.6070121612988
246,1560953293.0,284.27851668834865
247,1560953293.546875,284.19755453170393
248,1560953294.15625,284.375516274158
249,1560953294.78125,284.0239984923274
250,1560953295.3125,284.37327625391964
251,1560953295.953125,283.6663842829759
252,1560953296.453125,283.449724842196
253,1560953297.078125,283.449724842196
254,1560953297.6875,283.0496600102928
255,1560953298.171875,283.1246449729828
256,1560953298.703125,266.7794892047243
257,1560953299.359375,130.2601692333113
258,1560953300.28125,130.2601692333113
259,1560953301.171875,175.6838933423079
260,1560953301.71875,175.5862562849123
261,1560953302.296875,196.96134641664062
262,1560953302.53125,195.76262125716136
263,1560953302.90625,194.980403949522
264,1560953303.484375,194.980403949522
265,1560953304.078125,195.83799260670384
266,1560953304.6875,195.92337805844718
267,1560953305.078125,197.10741007732798
268,1560953305.53125,198.33366766775737
269,1560953305.953125,197.49668125847438
270,1560953306.28125,198.56395708133442
271,1560953306.65625,245.2697553671159
272,1560953307.5,245.8860809618832
273,1560953308.421875,341.1818217007167
274,1560953308.671875,341.2189384276108
275,1560953308.9375,441.974265273973
276,1560953310.046875,441.974265273973
277,1560953311.1875,442.40391863503294
278,1560953312.109375,445.6901510222242
279,1560953312.515625,446.6846470465513
280,1560953313.015625,444.7524830385562
281,1560953313.25,484.57927121647487
282,1560953314.296875,482.9321902627778
283,1560953314.90625,482.8341644734015
284,1560953315.59375,510.12272117537736
285,1560953317.109375,594.2242644990214
286,1560953317.515625,591.0957454510379
287,1560953318.21875,595.2188864457042
288,1560953319.125,589.331483803387
289,1560953319.453125,594.7454105389053
290,1560953320.5625,588.9525621900781
291,1560953320.96875,581.2664436908401
292,1560953321.671875,581.2664436908401
293,1560953322.34375,583.1750288104976
294,1560953322.953125,589.6240430930261
295,1560953323.59375,589.3422066809337
296,1560953324.359375,590.3497558668582
297,1560953324.921875,581.571844216258
298,1560953325.265625,585.127817458851
299,1560953325.75,584.506574386564
300,1560953326.078125,569.1327581088927
301,1560953326.5625,428.3194927419825
302,1560953326.9375,430.54062054994637
303,1560953327.25,429.67567730953726
304,1560953327.859375,419.39197358174926
305,1560953328.234375,339.83836211879816
306,1560953328.78125,166.56213855146018
307,1560953329.375,166.56213855146018
308,1560953329.671875,164.4640491765172
309,1560953330.09375,164.08294009027287
310,1560953330.4375,164.08294009027287
311,1560953330.8125,166.3490499955596
312,1560953331.203125,167.28076773959268
313,1560953331.671875,166.4872646302294
314,1560953332.046875,167.73496431340243
315,1560953332.359375,169.61424789526043
316,1560953332.890625,169.68859830214734
317,1560953333.59375,179.84569042841866
318,1560953334.0,188.39270728232262
319,1560953334.71875,182.9833652578857
320,1560953335.375,221.0641561955188
321,1560953336.453125,222.3402290313489
322,1560953337.265625,292.44674074825264
323,1560953337.5,293.6234916671884
324,1560953337.8125,294.2863302798279
325,1560953338.1875,294.2863302798279
326,1560953338.640625,293.0307812220377
327,1560953338.9375,361.6578142774862
328,1560953339.921875,359.41664811241407
329,1560953341.1875,359.9110612592752
330,1560953342.4375,357.41720019399213
331,1560953343.421875,369.0533592305091
332,1560953343.859375,407.35791950443917
333,1560953345.015625,419.29983022693983
334,1560953345.546875,423.3117663100925
335,1560953346.15625,418.69827735600416
336,1560953346.421875,423.11926173352964
337,1560953346.78125,423.6803487055365
338,1560953347.375,419.56032450676753
339,1560953347.90625,419.4222306503054
340,1560953348.53125,419.00765082764815
341,1560953349.046875,419.00765082764815
342,1560953349.640625,420.0934888761435
343,1560953350.1875,393.0492145147216
344,1560953350.765625,393.0246719473515
345,1560953351.0,391.2903605826937
346,1560953351.4375,391.61926001110396
347,1560953352.109375,383.1744247061361
348,1560953352.34375,328.9052613567775
349,1560953353.078125,283.97046061565857
350,1560953353.359375,297.21409404241507
351,1560953354.125,299.1575713443692
352,1560953354.796875,460.97388991464265
353,1560953356.40625,555.6891709305202
354,1560953356.984375,555.790527232606
355,1560953357.59375,555.5659569953651
356,1560953358.078125,554.490160527538
357,1560953358.34375,553.8838412487329
358,1560953358.765625,553.4197692542871
359,1560953359.3125,551.3112210109017
360,1560953359.59375,553.8045170174762
361,1560953360.0,553.4336422555416
362,1560953360.640625,555.104882727704
363,1560953361.265625,558.2422852387334
364,1560953361.875,560.3694118752135
365,1560953362.484375,562.3847164896544
366,1560953363.109375,563.5035526813073
367,1560953363.71875,563.7071194448955
368,1560953364.328125,504.3542636298169
369,1560953364.953125,148.62719131102753
370,1560953365.578125,147.6449707063836
371,1560953366.09375,147.70365846555282
372,1560953366.46875,142.31491528897953
373,1560953366.734375,246.3318399003936
374,1560953367.5,246.55745578151925
375,1560953368.171875,248.40551081402526
376,1560953368.546875,294.57478020750887
377,1560953369.453125,356.99187070156256
378,1560953371.015625,355.6228401052111
379,1560953372.25,455.6213487704078
380,1560953372.609375,468.2151990777868
381,1560953373.640625,465.4392651207863
382,1560953374.390625,465.2634945341381
383,1560953375.078125,463.2529849031119
384,1560953375.546875,463.0710015029373
385,1560953375.953125,461.7044786997838
386,1560953376.1875,458.9133217004242
387,1560953376.71875,458.21643518279313
388,1560953377.4375,457.37162650357806
389,1560953377.984375,462.74619925074995
390,1560953379.140625,478.02165411798654
391,1560953379.546875,481.24371762416666
392,1560953380.078125,485.34979957090553
393,1560953380.53125,479.58721190992327
394,1560953380.828125,482.7128741961456
395,1560953381.078125,414.97776080350235
396,1560953381.703125,387.350403983369
397,1560953382.15625,387.9690984253916
398,1560953382.8125,386.6996641831182
399,1560953383.078125,386.13563186720484
400,1560953383.703125,386.3375514064497
401,1560953384.3125,384.765172251404
402,1560953384.578125,385.64414145696253
403,1560953385.0625,387.2636254756906
404,1560953385.515625,388.61451610946864
405,1560953385.9375,368.28760450821807
406,1560953386.3125,233.73781699103543
407,1560953386.703125,232.97254235692628
408,1560953387.265625,235.0360973578344
409,1560953388.15625,236.02328838580559
410,1560953388.9375,236.02328838580559
411,1560953389.765625,227.44923619392543
412,1560953390.296875,227.05499901896252
413,1560953390.625,508.56544650572425
414,1560953392.0,571.7230112039505
415,1560953392.40625,573.0671099098619
416,1560953392.640625,572.1267034974677
417,1560953393.078125,579.3565086126868
418,1560953394.203125,582.8967589755888
419,1560953394.65625,582.0258905580928
420,1560953394.9375,579.1624487615611
421,1560953395.5625,576.7449998769229
422,1560953396.484375,574.2875724096922
423,1560953396.78125,575.4069720924583
424,1560953397.078125,615.8694713250862
425,1560953398.390625,633.0294307986095
426,1560953398.734375,631.6354746728068
427,1560953399.265625,632.8233907939956
428,1560953399.5625,634.3657044166888
429,1560953399.921875,601.5379843297603
430,1560953401.0625,575.5953629395626
431,1560953401.46875,792.0202075550932
432,1560953403.46875,786.2741798972829
433,1560953404.828125,801.1825047555509
434,1560953405.09375,808.928159161082
435,1560953405.390625,809.5148725742669
436,1560953405.78125,812.4644616884951
437,1560953406.21875,830.4451448874166
438,1560953407.859375,860.6867734432359
439,1560953408.1875,859.1901077275833
440,1560953408.734375,863.7675488816818
441,1560953409.484375,865.5935502640898
442,1560953409.890625,866.4644543917047
443,1560953410.265625,867.8266446837667
444,1560953410.640625,864.9344926663533
445,1560953411.375,867.0456118210465
446,1560953411.625,872.5447231831844
447,1560953412.046875,741.5854535081493
448,1560953413.1875,741.9210384457665
449,1560953413.640625,712.9119132730942
450,1560953414.734375,708.2293546969667
451,1560953415.296875,708.4896650855587
452,1560953415.859375,708.4896650855587
453,1560953416.375,646.2763976862021
454,1560953416.9375,420.8233325723474
455,1560953417.5,423.1066031839634
456,1560953418.09375,425.0490551234862
457,1560953418.65625,442.5010378568753
458,1560953419.890625,437.6713493759616
459,1560953420.703125,431.95922792768135
460,1560953421.0625,435.76334098372274
461,1560953421.59375,440.1903350232744
462,1560953422.15625,441.75933989641294
463,1560953422.71875,418.2655263327237
464,1560953423.21875,390.6733884690503
465,1560953423.75,361.78632464186006
466,1560953424.3125,346.39763403256325
467,1560953424.890625,346.3875856491271
468,1560953425.453125,346.3875856491271
469,1560953425.96875,346.47627671425306
470,1560953426.484375,345.27560761304375
471,1560953426.75,345.0603163278653
472,1560953427.09375,344.2194346840457
473,1560953427.59375,250.28893885499022
474,1560953428.359375,243.46361792006127
475,1560953428.734375,201.16136389939072
476,1560953429.34375,202.27940364045259
477,1560953429.953125,202.34340644251583
478,1560953430.546875,202.32164316756612
479,1560953431.15625,202.45469199189992
480,1560953431.71875,225.74771833552242
481,1560953432.671875,224.38811221674285
482,1560953433.46875,222.6525692046793
483,1560953434.0625,222.5767031192868
484,1560953434.625,222.80075355189868
485,1560953435.1875,222.80075355189868
486,1560953435.75,223.4567993068572
487,1560953436.328125,223.9444891643905
488,1560953436.921875,232.6926016256237
489,1560953437.171875,232.42381255953583
490,1560953437.5,213.1860810272867
491,1560953438.078125,213.1349256202089
492,1560953438.671875,213.1349256202089
493,1560953439.265625,213.1349256202089
494,1560953439.84375,213.1349256202089
495,1560953440.4375,213.22928082013274
496,1560953441.0625,178.16919811971667
497,1560953441.6875,178.49827468134288
498,1560953442.28125,176.73111692920818
499,1560953442.90625,176.79452071721474
500,1560953443.53125,176.77820202720744
501,1560953444.171875,176.76185773800418
502,1560953444.796875,176.76185773800418
503,1560953445.4375,176.7146962838563
504,1560953446.046875,122.38822627932792
505,1560953446.703125,122.52819961685013
506,1560953447.34375,23.717280987816462
507,1560953448.0,23.92823682506864
508,1560953448.65625,23.85996726544806
509,1560953449.28125,23.85996726544806
510,1560953449.921875,24.092239258333397
511,1560953450.5625,24.125470012144927
512,1560953451.203125,24.125470012144927
513,1560953451.84375,23.85996726544806
514,1560953452.46875,23.505024467951607
515,1560953453.109375,23.682299652227712
516,1560953453.71875,23.682299652227712
517,1560953454.34375,23.85996726544806
518,1560953454.96875,23.85996726544806
519,1560953455.578125,23.651563312774147
520,1560953456.1875,17.458352522685775
521,1560953456.796875,17.458352522685775
522,1560953457.390625,17.458352522685775
523,1560953458.0,17.458352522685775
524,1560953458.609375,17.458352522685775
525,1560953459.25,23.786782922478647
526,1560953459.84375,23.651563312774147
527,1560953460.453125,23.651563312774147
528,1560953461.0625,176.55778921923226
529,1560953461.3125,176.35422049011632
530,1560953461.65625,185.34951939499905
531,1560953462.265625,185.41106421836741
532,1560953462.875,185.41106421836741
533,1560953463.5,185.34951939499905
534,1560953464.09375,185.36537743461525
535,1560953464.6875,185.36537743461525
536,1560953465.28125,185.30356751018158
537,1560953465.90625,185.31949222242216
538,1560953466.53125,185.33539454375068
539,1560953467.15625,185.31949222242216
540,1560953467.765625,185.36537743461525
541,1560953468.390625,185.48093135292447
542,1560953469.0,185.43557005977527
543,1560953469.640625,185.30356751018158
544,1560953470.234375,130.19704931450372
545,1560953470.859375,130.27175540518593
546,1560953471.5,31.77814646129508
547,1560953472.078125,31.63755194378671
548,1560953472.671875,31.54338877129516
549,1560953473.296875,31.63755194378671
550,1560953473.90625,31.49133066124569
551,1560953474.5,31.49133066124569
552,1560953475.09375,31.69803590980369
553,1560953475.6875,31.56376983725871
554,1560953476.296875,31.424017136395697
555,1560953476.921875,35.29209893361468
556,1560953477.484375,54.14089776778629
557,1560953478.15625,160.6260449553936
558,1560953478.5,160.56315513477242
559,1560953478.796875,245.76325229802123
560,1560953479.578125,245.76024068952648
561,1560953480.578125,338.45575290066347
562,1560953480.921875,360.73604603958984
563,1560953481.828125,360.21532217963585
564,1560953482.625,359.08883606625426
565,1560953483.59375,357.0955142489643
566,1560953484.828125,396.3227744018702
567,1560953485.375,395.7017292993026
568,1560953486.03125,395.372956528715
569,1560953486.609375,395.3324650981424
570,1560953487.21875,395.29194425904717
571,1560953487.796875,392.2544594797502
572,1560953488.734375,392.8844524507882
573,1560953489.640625,392.85981083033766
574,1560953490.203125,392.85981083033766
575,1560953490.8125,391.9132382753087
576,1560953491.375,393.78311908621214
577,1560953491.96875,361.7661185349603
578,1560953492.546875,340.1356648319482
579,1560953493.125,340.5842267836443
580,1560953493.703125,341.4409549229618
581,1560953494.296875,342.1567652812356
582,1560953494.921875,200.91784952377103
583,1560953495.515625,201.4184946292673
584,1560953496.109375,201.7274690467178
585,1560953496.703125,201.7854737671406
586,1560953497.296875,201.84320199919568
587,1560953497.890625,168.73173393144785
588,1560953498.484375,168.77882453876546
589,1560953499.078125,27.10723506484925
590,1560953499.65625,24.643298011952385
591,1560953500.265625,20.76809824164609
592,1560953500.84375,20.76809824164609
593,1560953501.453125,30.995128853027786
594,1560953502.0,40.39773813466192
595,1560953502.625,40.29937815699017
596,1560953503.234375,40.46906350173987
597,1560953503.796875,40.46906350173987
598,1560953504.390625,40.62883186555718
599,1560953504.96875,40.52165498826057
600,1560953505.5625,40.41185704922784
601,1560953506.140625,40.11941176279678
602,1560953506.75,39.99716546060425
603,1560953507.3125,39.59825191864957
604,1560953507.90625,39.446450404349015
605,1560953508.484375,39.446450404349015
606,1560953509.046875,40.84921839128863
607,1560953509.671875,91.08267456541245
608,1560953510.484375,268.21018425025034
609,1560953510.75,268.01913098102824
610,1560953511.125,267.8296860911764
611,1560953511.375,303.73240981493717
612,1560953512.140625,303.8167311536738
613,1560953512.890625,318.26350336099955
614,1560953513.171875,322.0197750694452
615,1560953513.859375,319.99472005059965
616,1560953514.296875,319.76669179617494
617,1560953515.109375,317.4323440236602
618,1560953515.578125,317.6096871137415
619,1560953516.046875,327.8129387022624
620,1560953517.03125,353.39294953499075
621,1560953517.390625,347.47250532835716
622,1560953518.09375,347.8261614089797
623,1560953518.78125,345.31730633364845
624,1560953519.75,334.9573997662282
625,1560953520.296875,414.4487972587853
626,1560953521.671875,451.2953992716727
627,1560953522.234375,451.6482049408913
628,1560953523.15625,446.4396442410809
629,1560953523.765625,448.3318743240879
630,1560953524.0625,450.88347564263483
631,1560953524.625,453.30673481216627
632,1560953525.3125,505.1818272602632
633,1560953526.90625,605.7827477398556
634,1560953527.34375,665.9536490147748
635,1560953528.96875,675.8448379937728
636,1560953529.65625,683.1100113717442
637,1560953530.546875,685.5969634930492
638,1560953531.234375,678.7009106081791
639,1560953532.40625,672.7086001830892
640,1560953532.984375,676.2802878362354
641,1560953534.484375,728.458749420251
642,1560953534.71875,729.8867720992786
643,1560953535.5,732.9014591505307
644,1560953536.484375,735.672352249346
645,1560953537.328125,738.9010715202063
646,1560953538.09375,733.4040240592876
647,1560953538.328125,729.7140618863205
648,1560953538.90625,735.0979233952382
649,1560953539.421875,708.1907731490231
650,1560953539.859375,655.2179512844227
651,1560953540.625,638.1306484638685
652,1560953541.234375,638.4349941447697
653,1560953541.671875,638.5908710247827
654,1560953542.296875,703.4706195090604
655,1560953544.109375,815.425181971535
656,1560953544.453125,813.714668864584
657,1560953545.015625,766.6724132598746
658,1560953545.59375,769.3117819722539
659,1560953546.171875,767.9736690167647
660,1560953547.140625,766.1986587509901
661,1560953547.71875,764.9630449783252
662,1560953548.015625,767.4102116910533
663,1560953549.0625,766.1549307619408
664,1560953549.578125,764.2504794096398
665,1560953549.765625,763.7493812809029
666,1560953550.125,762.1012874067018
667,1560953551.015625,758.4679468887134
668,1560953551.328125,756.1065211155586
669,1560953552.03125,756.4772713727153
670,1560953552.59375,710.7321602948315
671,1560953553.546875,385.29289888617683
672,1560953554.59375,389.04602923035173
673,1560953555.078125,388.0544712758581
674,1560953555.453125,380.0489584249411
675,1560953556.234375,383.81753551959366
676,1560953556.78125,390.8858703946581
677,1560953557.28125,395.6652282743458
678,1560953557.796875,344.8010511688017
679,1560953558.171875,336.94561446484613
680,1560953558.40625,341.0426327318676
681,1560953558.65625,342.87297617329745
682,1560953558.9375,330.4969576056999
683,1560953559.21875,296.633153486505
684,1560953559.59375,348.0405513949703
685,1560953560.609375,348.2147428797031
686,1560953561.5,346.46822815516737
687,1560953562.234375,350.27021983747176
688,1560953562.53125,406.73722260179113
689,1560953563.59375,405.4026952171412
690,1560953564.28125,405.783173479936
691,1560953564.828125,405.5549461031737
692,1560953565.640625,403.44676145830323
693,1560953566.15625,402.0573616122204
694,1560953566.859375,401.31002319895805
695,1560953567.765625,410.6833205386195
696,1560953568.09375,690.3968219195708
697,1560953569.828125,802.0176762100447
698,1560953570.125,799.7153548283072
699,1560953570.765625,798.5673045816764
700,1560953571.15625,798.9550160965656
701,1560953572.0625,794.7758819352147
702,1560953572.390625,795.305395638047
703,1560953572.671875,795.4811599953617
704,1560953573.375,795.1829863299913
705,1560953573.625,809.1023385575604
706,1560953574.9375,809.4959114254027
707,1560953576.1875,808.5430302184137
708,1560953577.09375,810.2603883700078
709,1560953578.109375,807.2899332088311
710,1560953578.6875,808.3125801836418
711,1560953579.265625,813.3976658620668
712,1560953579.859375,728.0597769409571
713,1560953580.484375,519.149601036448
714,1560953580.953125,521.435415392185
715,1560953581.3125,520.3593364426208
716,1560953582.0625,520.9845464395786
717,1560953582.96875,517.0841680021399
718,1560953583.453125,516.8840428876271
719,1560953584.03125,517.3040041585681
720,1560953584.859375,518.2448856726038
721,1560953585.1875,284.98212947673335
722,1560953585.453125,285.22969908569763
723,1560953585.75,283.3792361759552
724,1560953586.328125,284.2983480894132
725,1560953586.90625,273.01423323660333
726,1560953587.421875,271.1802008824825
727,1560953588.125,268.91995194210125
728,1560953588.578125,268.02213307798985
729,1560953589.359375,266.8771225924906
730,1560953589.859375,267.81777239563235
731,1560953590.3125,562.6177342871626
732,1560953591.921875,564.8230859676463
733,1560953592.9375,564.9681093283211
734,1560953593.5,564.3238341058351
735,1560953593.875,565.6287931583306
736,1560953594.1875,566.1320541638328
737,1560953594.671875,565.4442501863499
738,1560953594.96875,565.4442501863499
739,1560953595.234375,565.3431432788033
740,1560953595.796875,563.3205574842932
741,1560953596.734375,562.5366873619853
742,1560953597.125,561.9217435094397
743,1560953597.765625,562.5366873619853
744,1560953598.21875,563.6911259128658
745,1560953598.46875,565.1391315604071
746,1560953598.828125,564.8671421019927
747,1560953599.078125,322.25463287164894
748,1560953599.578125,444.7643286565148
749,1560953600.984375,444.97691245394884
750,1560953602.28125,511.56291733609385
751,1560953602.671875,510.5659226377828
752,1560953603.25,688.3750426980562
753,1560953605.171875,689.1092896106592
754,1560953606.34375,688.6991841717876
755,1560953607.390625,686.7795656083504
756,1560953607.96875,687.5633634711485
757,1560953608.234375,691.7823822103052
758,1560953608.484375,692.2550323665355
759,1560953608.9375,689.4767712189276
760,1560953609.84375,690.5527960161799
761,1560953610.734375,686.857542304945
762,1560953611.15625,682.3935560977685
763,1560953612.109375,684.1503900707067
764,1560953613.09375,674.3227311502843
765,1560953613.953125,671.5384475811562
766,1560953614.421875,657.7056755358662
767,1560953614.8125,658.36604658084
768,1560953615.125,385.84309306676283
769,1560953615.625,309.31000700010867
770,1560953616.265625,309.31000700010867
771,1560953616.78125,298.4486632817821
772,1560953617.078125,300.4069115088632
773,1560953617.4375,300.1370775522318
774,1560953617.859375,301.9458207927105
775,1560953618.21875,289.685475093757
776,1560953618.875,287.7236356618281
777,1560953619.25,270.18914491726656
778,1560953619.609375,202.7552526299032
779,1560953619.875,201.1075406981324
780,1560953620.296875,212.58986792159743
781,1560953621.0625,204.24055134867058
782,1560953622.1875,372.3562041641907
783,1560953622.546875,379.1480423505474
784,1560953623.40625,391.2323467187097
785,1560953623.703125,389.22336367440283
786,1560953624.359375,387.5722396396817
787,1560953624.78125,388.3170311175722
788,1560953625.375,388.3170311175722
789,1560953625.90625,385.2729347124376
790,1560953626.15625,385.3809511214012
791,1560953626.453125,385.7529659202857
792,1560953627.015625,385.36168312330346
793,1560953627.90625,385.2355138820234
794,1560953628.84375,385.2355138820234
795,1560953629.875,384.8553945620655
796,1560953630.4375,388.8530696722589
797,1560953630.921875,391.09061897073684
798,1560953631.875,343.10497750050394
799,1560953632.21875,339.51758194254006
800,1560953632.484375,321.2647510360672
801,1560953632.78125,320.51132973075613
802,1560953633.40625,320.74596335729336
803,1560953633.6875,322.5820481824755
804,1560953634.0,320.42504234926406
805,1560953634.515625,321.5320388991865
806,1560953634.84375,321.2438010838672
807,1560953635.25,349.27479168183305
808,1560953636.25,366.78708913934304
809,1560953636.671875,363.01846641656823
810,1560953637.375,361.6452131547309
811,1560953637.90625,361.9277328439395
812,1560953638.5,456.7630511201632
813,1560953639.984375,550.6446539119258
814,1560953640.4375,551.3811568239552
815,1560953640.84375,548.1430183332791
816,1560953641.703125,546.3725966260716
817,1560953642.328125,548.9024436319261
818,1560953642.84375,551.0428793903462
819,1560953643.515625,550.5441422563877
820,1560953644.3125,551.1852500401812
821,1560953645.25,549.3888039868067
822,1560953645.84375,549.528902900244
823,1560953646.484375,549.9934606380916
824,1560953647.140625,549.4249983316871
825,1560953647.890625,548.9576864956771
826,1560953648.28125,548.5523496134332
827,1560953648.890625,548.6019167319848
828,1560953649.453125,503.5296505124128
829,1560953650.03125,243.16507305638527
830,1560953650.9375,241.2463055120488
831,1560953652.015625,205.02068899700654
832,1560953652.859375,206.28153998295224
833,1560953653.625,205.4619528022704
834,1560953654.234375,207.50999339364049
835,1560953654.859375,238.38151000989185
836,1560953655.921875,251.1961027954081
837,1560953656.578125,247.9257416471537
838,1560953657.09375,247.9257416471537
839,1560953657.65625,277.145674799117
840,1560953658.71875,286.9794621612238
841,1560953659.328125,287.1773766152512
842,1560953659.8125,289.0127244478762
843,1560953660.1875,287.6958121841006
844,1560953660.421875,285.0635182334627
845,1560953660.984375,287.52172738669736
846,1560953661.5,287.21561821448347
847,1560953662.34375,288.7404361819982
848,1560953662.828125,288.9501026860127
849,1560953663.25,290.1855125861149
850,1560953663.578125,289.8308767675053
851,1560953663.84375,282.0696078716198
852,1560953664.453125,278.59320464552206
853,1560953665.03125,277.4876757867903
854,1560953665.3125,323.21160039542025
855,1560953666.203125,358.0346883751078
856,1560953666.4375,397.9407325722032
857,1560953667.375,397.73047979410325
858,1560953668.171875,395.5985921760096
859,1560953669.21875,397.08942426250803
860,1560953669.75,401.00441466284485
861,1560953670.359375,400.59870744263395
862,1560953670.875,403.39082348662544
863,1560953671.53125,406.72243299635284
864,1560953672.25,404.7759575311165
865,1560953672.75,404.6088711641165
866,1560953673.359375,403.3182099421192
867,1560953674.140625,403.59892493790977
868,1560953674.625,402.5937634278893
869,1560953674.96875,405.305594683527
870,1560953675.40625,390.0161394712925
871,1560953675.71875,355.50459212570735
872,1560953676.0625,250.97978783214646
873,1560953676.5,250.62483969580208
874,1560953677.125,250.8668966893668
875,1560953677.65625,146.31303642517062
876,1560953678.265625,310.81968492494224
877,1560953679.515625,375.2378114588347
878,1560953680.078125,374.9491877516207
879,1560953680.8125,373.42883726705526
880,1560953681.296875,373.52473272937567
881,1560953682.125,372.3926690264583
882,1560953682.59375,372.7779124100555
883,1560953683.203125,375.0220285978703
884,1560953683.828125,375.8345668130282
885,1560953684.484375,376.22726501148736
886,1560953685.125,376.8020407457759
887,1560953685.71875,376.8020407457759
888,1560953686.34375,377.1505617397775
889,1560953687.0,378.3240672420651
890,1560953687.609375,378.1980255107818
891,1560953688.109375,376.66680757789527
892,1560953688.859375,338.00053617586605
893,1560953689.453125,201.9030307107412
894,1560953690.125,201.9489062721806
895,1560953690.640625,283.923799932438
896,1560953691.71875,345.0397644442221
897,1560953692.15625,357.8251417945725
898,1560953693.109375,357.76479400896596
899,1560953693.703125,355.56194392166236
900,1560953694.5625,353.0356129407392
901,1560953695.125,408.52072225971807
902,1560953696.4375,425.7456391268717
903,1560953697.078125,421.8119971603522
904,1560953698.015625,419.80240839261177
905,1560953698.765625,414.46645737223207
906,1560953699.15625,414.87233138018263
907,1560953699.46875,415.5837867388053
908,1560953700.0,465.7897798259373
909,1560953701.390625,458.9956316878151
910,1560953702.265625,454.53450339471016
911,1560953702.8125,461.05881689637187
912,1560953703.390625,459.9533346220438
913,1560953704.046875,461.85230309886106
914,1560953704.90625,464.4376311308243
915,1560953705.203125,465.2100512494558
916,1560953706.078125,468.86766537780403
917,1560953707.046875,449.7938024441143
918,1560953707.4375,437.67750058321167
919,1560953708.078125,437.2371803065964
920,1560953708.390625,439.0686893792952
921,1560953708.703125,439.7754067444569
922,1560953709.3125,440.0996665509513
923,1560953709.90625,442.3342986493247
924,1560953710.5,355.54612055151637
925,1560953711.078125,348.5627931488868
926,1560953711.640625,349.7486225011683
927,1560953712.046875,350.77349534531095
928,1560953712.890625,362.8956811601317
929,1560953713.171875,364.0553810571757
930,1560953713.59375,350.46674424590174
931,1560953713.84375,326.60678671392054
932,1560953714.28125,324.55418072309817
933,1560953714.96875,289.25069333226674
934,1560953715.65625,297.5353793261427
935,1560953715.921875,305.28117409659734
936,1560953716.625,314.84359100348814
937,1560953717.8125,317.5737290308269
938,1560953719.09375,444.4794646452029
939,1560953719.484375,443.9474234069951
940,1560953719.765625,442.30300534426766
941,1560953720.25,442.12871042677085
942,1560953720.796875,441.9300742295646
943,1560953721.515625,441.5014695894686
944,1560953721.828125,483.12115489855836
945,1560953722.96875,481.7153636811964
946,1560953723.59375,481.49722798316424
947,1560953724.03125,478.71808899768286
948,1560953724.90625,479.3916323813732
949,1560953725.203125,479.8476523154002
950,1560953726.15625,479.8476523154002
951,1560953727.53125,480.727269593268
952,1560953728.34375,486.5988901666495
953,1560953729.015625,482.13151938932435
954,1560953729.359375,430.7676664263222
955,1560953729.609375,430.102785522781
956,1560953730.453125,424.89478631299596
957,1560953730.828125,425.03808204781166
958,1560953731.15625,427.3423641480333
959,1560953731.484375,434.8600981645806
960,1560953731.765625,377.23520675045836
961,1560953732.328125,379.93127795022536
962,1560953732.90625,381.9161743679876
963,1560953733.40625,392.8598722697722
964,1560953734.5,386.5846425627037
965,1560953735.75,393.6366775816821
966,1560953736.3125,397.1763626761911
967,1560953736.875,389.7699112199611
968,1560953737.46875,390.5274781341405
969,1560953738.0,392.99010514747016
970,1560953738.5625,393.38816676955537
971,1560953739.109375,375.4658620306272
972,1560953739.640625,369.42613099295363
973,1560953740.25,369.46990796378935
974,1560953740.828125,369.46990796378935
975,1560953741.40625,369.5402417309677
976,1560953741.96875,370.3510672400969
977,1560953742.5625,370.28706468138535
978,1560953743.109375,370.40785318512843
979,1560953743.703125,337.33160163991687
980,1560953744.234375,337.665732808672
981,1560953744.8125,114.00648734915262
982,1560953745.625,268.82759933358125
983,1560953745.890625,312.87663027754814
984,1560953746.703125,312.79276878358183
985,1560953747.59375,313.71708395909457
986,1560953748.15625,313.8762275276416
987,1560953748.390625,313.5627729502401
988,1560953748.703125,312.2006026471817
989,1560953749.265625,311.90344532821894
990,1560953749.90625,310.86387216096415
991,1560953750.40625,309.99881805652336
992,1560953751.03125,309.9210532999808
993,1560953751.609375,308.72991222857075
994,1560953751.859375,308.6101944401801
995,1560953752.171875,306.4771235975998
996,1560953752.796875,306.4771235975998
997,1560953753.375,309.0033645347486
998,1560953754.0,277.0381272221399
999,1560953754.96875,213.92518680325642
1000,1560953755.75,212.20332990733488
1001,1560953756.375,207.61940452596264
1002,1560953756.96875,199.843152042358
1003,1560953757.515625,199.843152042358
1004,1560953758.140625,199.23693138720432
1005,1560953758.71875,199.80293302704044
1006,1560953759.3125,201.08540227341308
1007,1560953759.921875,201.95656682660172
1008,1560953760.484375,201.2153154102841
1009,1560953761.25,198.26959231689042
1010,1560953761.703125,198.07229624833943
1011,1560953762.078125,237.15968051379662
1012,1560953762.90625,239.96734122834246
1013,1560953764.046875,385.579732439666
1014,1560953764.40625,387.7801310178221
1015,1560953765.1875,387.9285669766192
1016,1560953765.796875,387.76424946183073
1017,1560953766.03125,387.6284443356276
1018,1560953766.328125,385.4575795509132
1019,1560953766.9375,385.76261003174415
1020,1560953767.546875,383.8059886753228
1021,1560953767.921875,383.36312110676386
1022,1560953768.390625,383.36312110676386
1023,1560953768.84375,383.1585160763116
1024,1560953769.375,384.3105986105297
1025,1560953769.796875,386.6557697709855
1026,1560953770.1875,384.59032671178596
1027,1560953770.875,381.9522810964273
1028,1560953771.390625,383.1289595661153
1029,1560953772.03125,231.04538547006473
1030,1560953772.390625,204.16675200545063
1031,1560953772.859375,208.50450770015644
1032,1560953773.625,188.74559704160183
1033,1560953774.4375,364.4693241900332
1034,1560953776.0,414.7207113627996
1035,1560953776.84375,413.08566674728525
1036,1560953778.0625,433.2150790495822
1037,1560953778.625,431.1387610180134
1038,1560953778.921875,429.3853752643202
1039,1560953779.421875,428.5422220646008
1040,1560953780.078125,426.36870161412537
1041,1560953780.46875,424.9632391694455
1042,1560953781.03125,428.0691688751663
1043,1560953781.546875,426.4918798539263
1044,1560953781.78125,426.4918798539263
1045,1560953782.140625,426.30261190910403
1046,1560953782.796875,425.24108126601027
1047,1560953783.640625,425.24108126601027
1048,1560953784.1875,423.3743268069976
1049,1560953784.53125,378.1753537767749
1050,1560953785.09375,313.3763119583659
1051,1560953785.59375,311.0951695835198
1052,1560953785.84375,165.82627393913918
1053,1560953786.25,164.10108069576734
1054,1560953786.484375,180.33674343551533
1055,1560953787.0625,184.61814308993172
1056,1560953787.65625,293.14994987924047
1057,1560953788.859375,477.0357590497435
1058,1560953789.09375,477.3516319777101
1059,1560953789.84375,476.89426782654516
1060,1560953790.25,476.58805364830897
1061,1560953790.8125,476.91898154005287
1062,1560953791.84375,480.0521615783742
1063,1560953792.28125,482.5443472880088
1064,1560953792.828125,482.32410723655136
1065,1560953793.59375,483.9989346297921
1066,1560953794.296875,480.42071988345117
1067,1560953794.546875,482.78956653315583
1068,1560953794.84375,483.8111342814338
1069,1560953795.171875,482.4397772871469
1070,1560953795.765625,485.9480589156974
1071,1560953796.328125,485.8610749188669
1072,1560953796.9375,482.4536444735492
1073,1560953797.5,332.33017629542627
1074,1560953798.46875,319.14704729328264
1075,1560953799.265625,318.88670148641813
1076,1560953799.859375,320.24145982583326
1077,1560953800.484375,310.29288959673437
1078,1560953801.046875,245.03969023859875
1079,1560953801.640625,245.79275079627547
1080,1560953802.25,246.60995975463123
1081,1560953802.796875,246.71771608968484
1082,1560953803.390625,204.79694131182697
1083,1560953803.96875,218.57219415761443
1084,1560953804.203125,218.03076554200456
1085,1560953804.53125,217.08745830198487
1086,1560953805.109375,217.08745830198487
1087,1560953805.71875,217.24486408261313
1088,1560953806.3125,217.34134000570202
1089,1560953806.875,177.28293398799389
1090,1560953807.46875,184.1280367373794
1091,1560953808.328125,268.50754641459883
1092,1560953808.65625,267.755487458644
1093,1560953809.21875,267.85317856071487
1094,1560953809.828125,267.89782901879977
1095,1560953810.421875,267.89782901879977
1096,1560953811.0,268.12616762156864
1097,1560953811.578125,268.1978112741105
1098,1560953812.1875,268.2126942378961
1099,1560953812.796875,263.28961747375484
1100,1560953813.40625,263.48890615346204
1101,1560953813.953125,262.98957725552174
1102,1560953814.5625,263.0219915490419
1103,1560953815.15625,270.31065500603995
1104,1560953815.390625,269.5753750116935
1105,1560953815.765625,268.556295099671
1106,1560953816.328125,268.57014201442377
1107,1560953816.90625,181.6591437312172
1108,1560953817.484375,177.64806589798306
1109,1560953818.078125,177.72043905586415
1110,1560953818.640625,177.72043905586415
1111,1560953819.21875,177.67310300751564
1112,1560953819.828125,177.53573579586617
1113,1560953820.390625,177.4618865299643
1114,1560953821.0,177.3963598828549
1115,1560953821.578125,177.37941410026642
1116,1560953822.171875,177.5910181602385
1117,1560953822.75,177.75043113083004
1118,1560953823.359375,177.75043113083004
1119,1560953823.953125,96.35640220294269
1120,1560953824.546875,91.54389527903452
1121,1560953825.140625,26.27480462389592
1122,1560953825.75,27.9122786776316
1123,1560953826.3125,32.64695940575756
1124,1560953826.9375,32.64695940575756
1125,1560953827.546875,32.88031458044584
1126,1560953828.140625,32.88031458044584
1127,1560953828.71875,33.24112438648861
1128,1560953829.296875,32.56130857761453
1129,1560953829.890625,31.602569873423082
1130,1560953830.46875,31.719944483584122
1131,1560953831.046875,31.82700682905097
1132,1560953831.625,31.9294237897513
1133,1560953832.203125,33.041238443826764
1134,1560953832.734375,33.01700694750681
1135,1560953833.296875,33.68080018186758
1136,1560953833.8125,34.07157150707261
1137,1560953834.375,34.07157150707261
1138,1560953834.953125,34.07157150707261
1139,1560953835.484375,29.70257689266305
1140,1560953836.03125,29.58863914398373
1141,1560953836.609375,30.48210579437657
1142,1560953837.140625,30.23875358574004
1143,1560953837.703125,30.23875358574004
1144,1560953838.265625,30.457413910369745
1145,1560953838.828125,30.457413910369745
1146,1560953839.375,30.23875358574004
1147,1560953839.9375,29.70257689266305
1148,1560953840.46875,29.8020325763543
1149,1560953841.046875,29.8020325763543
1150,1560953841.578125,30.389199789217553
1151,1560953842.15625,30.22189808666904
1152,1560953842.71875,30.01093811355977
1153,1560953843.28125,29.70257689266305
1154,1560953843.8125,33.14563036811941
1155,1560953844.40625,33.14563036811941
1156,1560953845.015625,33.4343537759306
1157,1560953845.609375,32.83436932359005
1158,1560953846.171875,32.83436932359005
1159,1560953846.765625,32.377665677123254
1160,1560953847.390625,32.362220360079625
1161,1560953847.96875,291.6209944957231
1162,1560953849.140625,317.5693090632987
1163,1560953849.8125,317.4773784355884
1164,1560953850.203125,317.7806447626205
1165,1560953850.90625,317.1787752436742
1166,1560953851.3125,316.71632013513346
1167,1560953851.609375,317.3528775570882
1168,1560953852.265625,315.4046177245796
1169,1560953852.703125,314.33397933795686
1170,1560953853.0,314.5922047826738
1171,1560953853.296875,314.5922047826738
1172,1560953853.609375,320.3525331720597
1173,1560953854.375,333.52196618863394
1174,1560953854.609375,329.3190811974005
1175,1560953855.140625,324.7218612641425
1176,1560953855.390625,324.93656566691095
1177,1560953855.640625,295.4690009035827
1178,1560953855.953125,279.90127907453854
1179,1560953856.203125,283.02700783734724
1180,1560953856.484375,282.3218932421302
1181,1560953857.03125,283.1123743523975
1182,1560953857.4375,283.81973740875884
1183,1560953857.890625,282.14079215742197
1184,1560953858.375,282.2031197086856
1185,1560953859.0625,283.3140804659063
1186,1560953859.75,281.66719094806245
1187,1560953860.703125,334.9368336933124
1188,1560953861.03125,328.27837169690775
1189,1560953861.53125,304.2042521035034
1190,1560953861.765625,303.93784716528944
1191,1560953862.15625,304.4943857501093
1192,1560953862.609375,304.2037227748477
1193,1560953863.140625,304.10301529405245
1194,1560953863.75,304.18508699098237
1195,1560953864.3125,304.12450530381244
1196,1560953864.828125,304.8028208888485
1197,1560953865.359375,305.4429257217526
1198,1560953865.921875,305.49527510967215
1199,1560953866.453125,304.6047711301218
1200,1560953866.796875,317.441530037887
1201,1560953867.59375,316.17783112796104
1202,1560953868.203125,317.1235593027598
1203,1560953868.734375,223.0475182699987
1204,1560953869.3125,229.3938190243324
1205,1560953869.578125,228.23819691347612
1206,1560953869.84375,234.1550725824065
1207,1560953870.421875,234.36045871622727
1208,1560953870.96875,234.70185739042824
1209,1560953871.546875,235.10836712536755
1210,1560953872.125,235.19304064836086
1211,1560953872.671875,235.0804314353097
1212,1560953873.28125,233.90600154331585
1213,1560953874.0625,250.33406947385186
1214,1560953874.4375,266.7238762205875
1215,1560953875.25,267.7420596455105
1216,1560953875.75,246.68518648739632
1217,1560953876.046875,247.97999238981097
1218,1560953876.640625,249.60903101995171
1219,1560953876.890625,249.74835319287467
1220,1560953877.171875,248.29188797324642
1221,1560953877.71875,248.2636785083781
1222,1560953878.25,247.26944254174472
1223,1560953878.9375,244.55769480061352
1224,1560953879.890625,251.73423267956287
1225,1560953880.4375,247.47357067913728
1226,1560953880.765625,244.14616856118545
1227,1560953881.265625,242.06933835803608
1228,1560953881.625,239.8948054986609
1229,1560953882.25,229.90195771432616
1230,1560953883.171875,314.39956932217524
1231,1560953883.4375,314.57182661520625
1232,1560953884.03125,316.705238511528
1233,1560953884.546875,317.76042038354245
1234,1560953885.25,319.35303788320067
1235,1560953885.875,319.35303788320067
1236,1560953886.46875,321.7370926592923
1237,1560953887.046875,320.215445768164
1238,1560953887.453125,320.215445768164
1239,1560953887.703125,322.3676995443372
1240,1560953887.984375,319.0443584053534
1241,1560953888.265625,556.6277251498472
1242,1560953889.671875,597.3985586333678
1243,1560953890.140625,597.2874623994545
1244,1560953890.765625,598.2101482662875
1245,1560953891.546875,599.5663501490219
1246,1560953892.453125,594.8571888559258
1247,1560953893.046875,596.4518422140516
1248,1560953893.640625,596.5788919551926
1249,1560953894.25,597.2533222037175
1250,1560953894.84375,597.1978805415794
1251,1560953895.53125,595.5512753163181
1252,1560953895.859375,594.3091639601292
1253,1560953896.703125,593.6807215606423
1254,1560953897.296875,594.2139532921842
1255,1560953897.9375,594.139239821713
1256,1560953898.640625,592.1520449941632
1257,1560953899.015625,482.55130967756963
1258,1560953900.109375,370.33159490220396
1259,1560953900.703125,371.4927940270837
1260,1560953901.265625,372.46479048780054
1261,1560953901.890625,373.13095464263046
1262,1560953902.46875,375.3811531313926
1263,1560953903.0625,374.9622711891247
1264,1560953903.5625,374.7814341284651
1265,1560953904.0,373.3468333436071
1266,1560953904.25,371.71664004691553
1267,1560953904.859375,373.7711404668717
1268,1560953905.453125,363.1736507502409
1269,1560953905.75,384.4127124751895
1270,1560953906.640625,381.9120072264566
1271,1560953907.21875,382.1265651346743
1272,1560953907.796875,384.0954046863216
1273,1560953908.484375,315.64310139149836
1274,1560953909.0,295.567880532353
1275,1560953909.34375,294.03095460802865
1276,1560953909.921875,294.6569308013423
1277,1560953910.15625,296.937285819756
1278,1560953910.78125,296.7777600441192
1279,1560953911.359375,297.3786362668672
1280,1560953911.96875,297.61034251158014
1281,1560953912.546875,297.61034251158014
1282,1560953912.9375,299.56792525405035
1283,1560953913.71875,297.1071909596414
1284,1560953914.296875,299.80128413131587
1285,1560953914.859375,229.37787072060368
1286,1560953915.34375,226.23199395444146
1287,1560953915.96875,225.601097146592
1288,1560953916.515625,226.62769380937863
1289,1560953917.09375,228.20581962892777
1290,1560953917.609375,229.90977489487938
1291,1560953918.15625,231.0490098961812
1292,1560953918.703125,221.79070647167686
1293,1560953919.28125,192.66957946894686
1294,1560953919.828125,192.80421071076813
1295,1560953920.390625,204.1347287184129
1296,1560953921.265625,204.19487026769286
1297,1560953922.15625,211.04507497544486
1298,1560953922.75,174.16847265341633
1299,1560953923.21875,175.1983458263576
1300,1560953923.90625,174.34947843511375
1301,1560953924.703125,174.0031445477589
1302,1560953925.609375,192.5827325356157
1303,1560953926.1875,193.12766687285145
1304,1560953926.75,193.22849912135044
1305,1560953927.3125,193.57790374198976
1306,1560953927.859375,193.65174217381283
1307,1560953928.421875,193.62664161278641
1308,1560953928.96875,193.5084633138998
1309,1560953929.5625,193.2331461293756
1310,1560953930.09375,192.69067081921608
1311,1560953930.703125,179.49261511906326
1312,1560953931.25,179.49261511906326
1313,1560953931.8125,164.13161762413324
1314,1560953932.421875,164.5176183539883
1315,1560953932.984375,159.95408248624682
1316,1560953933.578125,160.25361763427549
1317,1560953934.171875,160.4839001326972
1318,1560953934.765625,160.4839001326972
1319,1560953935.03125,160.3806024617779
1320,1560953935.34375,175.39877708337016
1321,1560953935.9375,175.41727385314945
1322,1560953936.53125,175.41727385314945
1323,1560953937.109375,175.178523610851
1324,1560953937.625,174.87211869512706
1325,1560953938.28125,174.74884924604302
1326,1560953938.859375,174.98606855724324
1327,1560953939.390625,174.86441178313186
1328,1560953940.0,174.80458325142368
1329,1560953940.578125,174.95659930465484
1330,1560953941.171875,175.1068325006961
1331,1560953941.75,175.1653122814121
1332,1560953942.34375,175.1653122814121
1333,1560953942.9375,175.14515382992863
1334,1560953943.515625,138.10968782787754
1335,1560953944.109375,138.2561700512968
1336,1560953944.6875,69.76614178158891
1337,1560953945.234375,69.57197785129836
1338,1560953945.8125,168.3062799552488
1339,1560953946.046875,168.23272151099331
1340,1560953946.359375,178.40477826881641
1341,1560953946.9375,178.31619605845418
1342,1560953947.609375,179.8021265307492
1343,1560953948.078125,179.6778576055447
1344,1560953948.640625,179.6778576055447
1345,1560953949.171875,179.26170756392762
1346,1560953949.78125,178.9722694186404
1347,1560953950.328125,178.8063309365306
1348,1560953950.921875,178.6160625889558
1349,1560953951.5625,186.78483083179827
1350,1560953951.921875,190.480904073324
1351,1560953952.546875,188.96993195966562
1352,1560953953.3125,199.6255133608406
1353,1560953953.75,379.83798776955734
1354,1560953954.96875,407.2087965317031
1355,1560953955.546875,407.44502502171036
1356,1560953956.140625,409.1140035624188
1357,1560953956.703125,409.3548502925137
1358,1560953957.3125,410.5432326845404
1359,1560953957.921875,410.8441257379607
1360,1560953958.546875,409.3081267598268
1361,1560953959.4375,409.4547014800086
1362,1560953960.28125,409.0432470176306
1363,1560953961.0,407.473605844365
1364,1560953961.46875,407.40419037249677
1365,1560953962.0,408.74379963053866
1366,1560953962.640625,410.10780830550766
1367,1560953963.203125,409.4721271276512
1368,1560953963.984375,413.2772057341984
1369,1560953964.296875,325.60041762224193
1370,1560953964.875,234.41553039254453
1371,1560953965.4375,234.41553039254453
1372,1560953965.984375,234.47156573800632
1373,1560953966.546875,234.56180183590416
1374,1560953967.078125,234.3965356600686
1375,1560953967.65625,234.12738837303417
1376,1560953968.171875,233.00120619783647
1377,1560953968.75,232.82607572036773
1378,1560953969.5625,295.65181230776983
1379,1560953969.8125,297.4549233475917
1380,1560953970.390625,297.6309383532086
1381,1560953970.9375,298.2304768727117
1382,1560953971.453125,297.58741224334966
1383,1560953972.109375,298.5248661474633
1384,1560953972.65625,279.7469337795912
1385,1560953973.25,279.2632699158346
1386,1560953973.734375,278.4243541488972
1387,1560953974.421875,277.78142941372175
1388,1560953974.984375,277.74234053918906
1389,1560953975.578125,277.0744774235173
1390,1560953976.421875,309.09183378112886
1391,1560953976.734375,315.4821542647592
1392,1560953977.484375,313.36671648374187
1393,1560953977.921875,314.93757091998884
1394,1560953978.484375,279.4457704831022
1395,1560953979.078125,277.49719114838194
1396,1560953979.40625,275.6041205034834
1397,1560953979.9375,278.123617673087
1398,1560953980.84375,277.37053732445816
1399,1560953981.4375,278.3462498750131
1400,1560953982.0,275.42301209411625
1401,1560953982.34375,275.42301209411625
1402,1560953982.578125,277.0533275673096
1403,1560953983.171875,278.47763960132403
1404,1560953983.734375,278.5559188998978
1405,1560953984.3125,282.18910174717325
1406,1560953984.875,243.95400688610528
1407,1560953985.4375,220.74739616166846
1408,1560953986.015625,217.56815460986644
1409,1560953986.578125,218.8190100208288
1410,1560953987.140625,390.42367937923433
1411,1560953988.5,447.5074564408345
1412,1560953989.078125,446.72658558187516
1413,1560953989.34375,449.8028186242267
1414,1560953990.109375,450.6994842108151
1415,1560953991.078125,448.86431347142457
1416,1560953991.625,450.4949105702332
1417,1560953992.1875,450.96794698615685
1418,1560953992.75,453.04991365198686
1419,1560953993.390625,451.8764905035283
1420,1560953994.484375,451.0929337649217
1421,1560953995.078125,451.0576266617625
1422,1560953995.640625,451.01047925063887
1423,1560953996.234375,451.0222998457298
1424,1560953996.828125,449.4304271522409
1425,1560953997.9375,445.42937170502375
1426,1560953998.5625,402.88006326417604
1427,1560953999.15625,329.7442283766922
1428,1560953999.75,333.3980150356088
1429,1560954000.328125,321.18051903596734
1430,1560954000.625,323.10890184073963
1431,1560954000.984375,318.84995452777
1432,1560954001.5,316.5569814076032
1433,1560954002.296875,315.0917771848233
1434,1560954002.734375,312.5713790438478
1435,1560954003.40625,375.95953847368105
1436,1560954004.796875,508.31162096649314
1437,1560954005.1875,507.0651384901328
1438,1560954005.78125,507.0917007138036
1439,1560954006.390625,507.082819425013
1440,1560954007.015625,507.56851162755027
1441,1560954007.5625,507.7628542749549
1442,1560954008.234375,507.6176265321554
1443,1560954008.828125,507.6176265321554
1444,1560954009.421875,507.6176265321554
1445,1560954010.03125,509.1214765284205
1446,1560954010.625,509.2281063937277
1447,1560954011.21875,509.8222627654029
1448,1560954011.796875,511.16467785741827
1449,1560954012.40625,512.4100562423567
1450,1560954012.984375,512.2051563848138
1451,1560954013.28125,490.2940055245034
1452,1560954013.65625,143.0776595264695
1453,1560954014.09375,137.19834066594558
1454,1560954014.625,140.67685956112496
1455,1560954015.34375,141.0376996561394
1456,1560954015.90625,147.10917977663576
1457,1560954016.25,147.90786005136394
1458,1560954016.625,147.90786005136394
1459,1560954016.921875,147.46783282849898
1460,1560954017.28125,146.85327427030288
1461,1560954017.5625,181.1267326442922
1462,1560954018.1875,212.3129405104007
1463,1560954018.421875,211.5637186777243
1464,1560954018.75,214.47648467657527
1465,1560954019.375,219.07312112882062
1466,1560954019.671875,257.70324086622736
1467,1560954020.453125,258.78142623132504
1468,1560954021.578125,258.78142623132504
1469,1560954022.765625,309.65002324567587
1470,1560954023.359375,309.3682581619538
1471,1560954023.75,342.1612771635913
1472,1560954024.75,344.3253484616211
1473,1560954025.296875,339.42516615296415
1474,1560954026.140625,339.6702570039776
1475,1560954026.484375,338.85313907197633
1476,1560954026.71875,338.85313907197633
1477,1560954027.03125,345.40778610497597
1478,1560954027.375,350.34101972275
1479,1560954027.78125,351.0438368424236
1480,1560954028.203125,353.1099823044477
1481,1560954028.4375,356.96763134512224
1482,1560954028.75,351.23998508614187
1483,1560954029.328125,353.47580959173723
1484,1560954030.015625,352.998644191505
1485,1560954030.8125,325.07165614420126
1486,1560954031.75,326.66293359813363
1487,1560954032.625,272.10420742314074
1488,1560954033.171875,250.4582752720775
1489,1560954033.5625,248.84247652025508
1490,1560954034.046875,168.26821166817516
1491,1560954034.5,168.69177047156884
1492,1560954035.03125,168.26821166817516
1493,1560954035.453125,190.73910034272566
1494,1560954036.21875,220.5862257932586
1495,1560954036.578125,263.9526648406791
1496,1560954037.4375,293.79261548029564
1497,1560954037.78125,292.05948638696594
1498,1560954038.3125,294.7774817442755
1499,1560954038.8125,294.7774817442755
1500,1560954039.203125,295.4635489352226
1501,1560954039.546875,296.58637088381437
1502,1560954039.9375,295.8245680321827
1503,1560954040.453125,295.3765587010975
1504,1560954040.8125,296.5812302064975
1505,1560954041.21875,295.4705917563436
1506,1560954041.921875,293.2570971710117
1507,1560954042.328125,293.56510719671587
1508,1560954042.6875,294.29073346714955
1509,1560954043.09375,293.47528204485747
1510,1560954043.65625,293.47528204485747
1511,1560954044.625,267.6925885622602
1512,1560954045.296875,213.54135464613324
1513,1560954045.828125,213.58482914065792
1514,1560954046.15625,213.58482914065792
1515,1560954046.515625,214.69279975856705
1516,1560954046.890625,214.51747099619755
1517,1560954047.203125,212.8854483917604
1518,1560954047.671875,214.0762822608348
1519,1560954048.1875,213.84828085507226
1520,1560954048.515625,213.1819476535281
1521,1560954048.75,232.09364234260292
1522,1560954049.390625,246.4960226975916
1523,1560954049.625,246.70495932028115
1524,1560954049.859375,246.8892150258484
1525,1560954050.109375,248.5514601265397
1526,1560954050.375,234.21736128616
1527,1560954050.9375,234.21736128616
1528,1560954051.203125,236.12207820551768
1529,1560954051.765625,238.1799887766012
1530,1560954052.03125,237.04460384797875
1531,1560954052.59375,234.65192039674423
1532,1560954052.859375,234.8800024862261
1533,1560954053.171875,233.39723686325308
1534,1560954053.734375,229.12489127206157
1535,1560954054.078125,232.5376016892536
1536,1560954054.359375,320.6459193956985
1537,1560954055.296875,317.60094265919184
1538,1560954055.953125,315.5388142966342
1539,1560954056.75,312.89916550362807
1540,1560954057.3125,312.89916550362807
1541,1560954057.890625,312.84214246766027
1542,1560954058.5,315.3624605588267
1543,1560954059.0625,317.4973659574422
1544,1560954059.609375,319.1410305814195
1545,1560954060.15625,318.88836546318225
1546,1560954060.90625,318.4307065991651
1547,1560954061.40625,318.93347677066083
1548,1560954061.984375,319.0267935506504
1549,1560954062.578125,320.4469935334274
1550,1560954063.5,362.0519271194422
1551,1560954063.796875,362.0519271194422
1552,1560954064.15625,307.0782952466869
1553,1560954064.46875,345.97292829448423
1554,1560954065.375,384.6006642688605
1555,1560954065.625,384.4653137103894
1556,1560954066.125,384.4653137103894
1557,1560954066.640625,382.12878917094
1558,1560954066.875,385.1433527000249
