1560287836.000000, 1560287836.000000, 1560287836.000000
32.000000, 32.000000, 32.000000
-14,-61,8
-13,-59,10
-12,-58,11
-12,-58,13
-11,-58,15
-11,-59,16
-8,-62,18
-7,-63,19
-5,-63,21
-6,-62,20
-8,-62,19
-9,-61,19
-9,-61,18
-10,-61,17
-10,-60,16
-10,-60,16
-10,-61,14
-10,-61,14
-10,-62,13
-10,-61,13
-11,-61,12
-11,-60,12
-10,-60,11
-10,-61,12
-9,-61,13
-9,-61,13
-8,-61,13
-8,-60,14
-8,-60,14
-7,-60,15
-7,-60,16
-6,-60,16
-6,-60,18
-5,-61,18
-4,-60,19
-4,-61,19
-5,-61,19
-5,-61,19
-6,-60,19
-6,-59,19
-6,-59,19
-6,-59,19
-7,-61,19
-7,-62,19
-8,-61,18
-9,-61,18
-9,-61,17
-10,-61,17
-9,-61,16
-10,-59,16
-10,-59,15
-10,-59,16
-10,-58,16
-9,-59,17
-8,-59,19
-8,-61,20
-8,-62,20
-7,-62,21
-6,-61,21
-6,-62,21
-7,-61,21
-7,-61,21
-8,-61,20
-8,-61,20
-8,-61,20
-8,-60,20
-8,-60,20
-12,-62,21
-10,-63,19
-11,-63,19
-15,-62,23
-18,-61,25
-15,-61,31
-18,-59,31
-21,-56,30
-20,-54,31
-18,-55,29
-13,-53,30
-14,-53,34
-22,-56,34
-43,-62,26
-39,-61,32
-17,-53,37
-14,-39,38
-17,-32,43
-20,-28,47
-17,-21,41
-15,-22,36
-9,-22,10
-17,-28,16
3,-35,39
6,-44,36
7,-49,36
7,-61,32
3,-67,30
-4,-75,29
-7,-74,31
-7,-71,30
-1,-66,36
8,-68,39
16,-70,43
11,-69,46
6,-67,45
2,-60,42
0,-55,36
-2,-54,34
-5,-53,32
-5,-54,31
-2,-52,32
2,-54,32
4,-53,31
5,-49,31
4,-47,30
2,-48,29
1,-52,27
0,-62,23
-4,-66,19
-6,-59,21
-8,-58,23
-8,-64,20
-6,-61,21
-6,-59,15
-6,-61,13
-7,-67,14
-8,-61,14
-8,-60,12
-11,-62,13
-20,-54,22
-21,-51,28
-16,-56,33
-15,-57,33
-10,-61,34
1,-63,22
0,-67,22
-6,-74,29
-7,-76,31
-7,-76,26
-11,-75,22
-14,-67,22
-18,-48,22
-14,-44,21
-7,-48,23
-2,-49,26
2,-52,26
2,-58,25
0,-55,24
-1,-51,23
-2,-47,22
-5,-47,21
-6,-46,25
-8,-43,29
-8,-42,30
-8,-44,30
-10,-49,29
-13,-58,26
-19,-80,18
-26,-90,15
-35,-82,21
-30,-76,21
-17,-82,16
-8,-80,16
-7,-77,14
-9,-68,13
-12,-62,13
-16,-54,10
-18,-50,9
-15,-50,9
-12,-53,8
-7,-57,11
-5,-59,12
-4,-64,13
-4,-66,13
-6,-69,13
-6,-77,10
-6,-79,10
-12,-74,12
-14,-63,14
-13,-60,16
-11,-60,17
-9,-61,19
-4,-62,20
-3,-60,19
-2,-57,18
-5,-53,21
-6,-52,21
-9,-52,18
-14,-54,18
-15,-55,20
-16,-55,25
-15,-55,26
-11,-60,26
-12,-81,20
-14,-95,20
-21,-93,18
-19,-86,18
-10,-83,12
-9,-89,8
-9,-91,6
-11,-86,2
-13,-79,2
-16,-64,5
-16,-55,6
-16,-52,5
-13,-52,4
-11,-53,4
-8,-62,7
-4,-61,9
-2,-62,10
2,-68,11
-2,-77,5
-7,-76,4
-15,-59,11
-14,-56,14
-17,-58,13
-16,-69,16
-10,-71,14
2,-68,11
4,-66,15
3,-63,23
-7,-66,26
-12,-68,23
-15,-71,22
-16,-67,24
-20,-59,27
-21,-60,24
-20,-62,22
-18,-87,20
-19,-89,21
-17,-84,21
-14,-79,17
-15,-85,14
-15,-94,9
-15,-98,3
-15,-92,1
-13,-76,2
-12,-72,3
-13,-64,3
-14,-60,2
-13,-60,2
-11,-56,3
-9,-57,5
-8,-58,8
-5,-57,11
-3,-61,11
1,-66,9
-1,-63,11
-7,-52,21
-8,-54,19
-8,-58,17
-8,-71,16
-3,-80,19
-2,-82,19
-3,-76,16
-5,-71,18
-12,-65,20
-15,-63,14
-15,-62,12
-15,-61,17
-15,-62,21
-18,-61,26
-18,-64,28
-18,-68,27
-20,-84,24
-20,-93,22
-13,-80,22
-3,-79,14
-2,-84,9
-2,-108,1
0,-103,2
-7,-96,5
-15,-75,8
-16,-67,7
-9,-57,6
-4,-48,6
-2,-43,7
-1,-40,10
0,-38,11
-3,-35,12
-6,-38,13
-8,-42,13
-14,-59,10
-19,-67,11
-30,-80,13
-21,-74,19
-18,-75,21
-19,-85,24
-24,-89,25
-26,-84,20
-12,-74,20
-5,-70,21
2,-65,27
-2,-57,29
-7,-55,29
-13,-54,29
-14,-56,27
-12,-54,23
-11,-51,22
-11,-51,23
-12,-55,23
-12,-60,21
-17,-82,25
-34,-102,17
-36,-97,12
-29,-85,8
-24,-84,6
-22,-86,3
-27,-82,2
-29,-76,3
-29,-62,4
-28,-54,4
-23,-42,4
-21,-38,3
-20,-38,3
-20,-37,4
-20,-41,10
-20,-43,13
-19,-52,18
-18,-61,19
-18,-62,20
3,-58,46
12,-61,49
18,-67,38
11,-68,32
-5,-66,28
-14,-65,28
-14,-61,27
-2,-54,25
2,-51,25
-1,-52,24
-12,-51,17
-16,-51,14
-21,-55,12
-21,-58,14
-15,-60,19
47,-77,61
-1,-72,35
-47,-70,5
-29,-83,4
-15,-78,2
3,-66,6
9,-65,9
6,-64,10
-6,-66,7
-13,-67,5
-24,-69,-3
-26,-68,-7
-25,-62,-13
-22,-57,-13
-23,-58,-12
-24,-56,-11
-24,-55,-11
-24,-57,-8
-25,-62,-3
-25,-62,2
-18,-66,8
-8,-68,14
-2,-70,18
8,-71,21
12,-69,24
4,-69,24
-1,-68,27
-3,-66,26
-1,-63,24
1,-63,25
4,-62,24
2,-60,21
4,-62,22
0,-64,16
-2,-62,10
-7,-64,9
-12,-64,7
-14,-64,6
-16,-66,5
-16,-64,4
-15,-63,5
-18,-63,8
-20,-63,10
-20,-62,18
-15,-62,21
-13,-61,24
-12,-59,29
-11,-60,31
-12,-55,39
-10,-53,43
-8,-53,45
-5,-48,51
-7,-47,51
-7,-44,50
-10,-37,53
-14,-35,54
-19,-30,56
-15,-26,58
-20,-23,54
-23,-21,59
-26,-22,62
-28,-21,59
-17,-13,60
-22,-9,58
-28,-8,63
-15,-5,60
-11,8,52
-1,20,57
2,26,58
17,38,51
25,39,51
0,34,44
-17,7,69
-24,-10,87
-41,-32,100
-35,-21,94
-13,13,75
5,18,55
14,24,45
19,31,37
33,40,29
41,44,25
39,37,23
52,26,21
49,12,-25
-2,-37,-35
-16,-56,-26
-27,-83,22
-1,-91,43
0,-102,36
-25,-93,29
-35,-92,22
-35,-88,13
-38,-93,22
-22,-96,25
-19,-93,29
-12,-99,37
3,-100,47
5,-92,54
10,-79,53
10,-75,45
6,-74,44
-2,-77,44
-8,-73,42
-8,-71,37
-8,-77,29
-8,-82,26
-9,-93,16
-16,-93,8
-20,-86,6
-15,-72,9
-15,-69,11
-19,-64,11
-17,-66,9
-16,-65,7
-14,-68,5
-13,-70,6
-12,-67,8
4,-66,5
17,-62,-6
15,-52,-18
-4,-49,15
15,-53,20
5,-67,10
4,-81,8
6,-93,6
4,-88,7
1,-85,11
-7,-80,19
-13,-79,20
-21,-77,24
-20,-74,38
-18,-70,46
-4,-63,53
3,-63,52
1,-74,39
-5,-93,27
-9,-92,21
-5,-92,20
-5,-89,22
-17,-101,20
-28,-113,9
-25,-120,2
-16,-106,-4
-15,-85,0
-15,-79,0
-15,-66,1
-15,-62,2
-13,-54,3
-9,-51,5
-9,-50,5
-8,-49,7
-6,-45,8
-3,-41,12
-1,-49,10
0,-54,8
-6,-59,10
-7,-59,14
-8,-75,12
-12,-102,10
-13,-121,11
-12,-128,10
-13,-106,11
-16,-93,17
-11,-78,24
-9,-74,20
-11,-70,14
-16,-62,23
-21,-56,27
-28,-45,31
-31,-46,28
-37,-70,24
-37,-95,19
-21,-94,18
2,-103,13
7,-111,10
4,-126,6
-6,-128,0
-13,-126,-5
-12,-96,7
-8,-84,10
-9,-61,2
-5,-47,3
-4,-42,4
-4,-36,4
-6,-37,6
-7,-39,8
-5,-51,7
-4,-58,4
-8,-60,2
-9,-63,9
-10,-68,13
-13,-82,17
-15,-89,18
-10,-98,13
-2,-86,7
2,-80,11
5,-75,24
0,-73,26
-12,-72,27
-15,-63,31
-16,-60,33
-13,-53,32
-11,-62,27
-11,-75,25
-13,-85,24
-11,-85,21
-6,-86,15
-4,-98,11
-6,-100,8
-12,-99,4
-15,-95,3
-17,-79,3
-16,-66,4
-14,-61,4
-15,-55,2
-15,-53,3
-13,-53,5
-12,-56,8
-9,-56,10
-4,-57,11
0,-59,14
1,-59,17
0,-60,17
-1,-64,14
-1,-72,11
-9,-55,16
-10,-53,17
-12,-58,15
-11,-65,16
-7,-79,18
-4,-83,16
-4,-81,17
-11,-74,18
-10,-70,24
-15,-65,23
-14,-67,18
-14,-66,20
-17,-58,26
-18,-52,29
-16,-50,30
-13,-65,25
-12,-79,23
-18,-97,16
-19,-104,-1
-13,-101,-9
3,-103,-5
4,-113,0
-11,-118,-18
-14,-93,2
-14,-76,0
-22,-60,-6
-21,-52,-7
-23,-41,-9
-16,-45,-3
-11,-45,1
-6,-44,7
-5,-47,11
-5,-50,14
-15,-53,15
-19,-59,15
-25,-76,19
-25,-79,29
-33,-62,40
-29,-41,49
-43,-43,48
-73,-49,35
-81,-49,25
-70,-44,26
-59,-37,30
-57,-37,33
-48,-33,45
-37,-21,42
-22,-17,33
-24,-6,-3
-39,-5,-19
-50,-3,-7
-119,-40,9
-127,-65,15
-67,-56,-20
-46,-58,-26
-95,-28,-20
-40,-24,11
-7,-22,37
-33,-21,6
-51,-18,-21
-60,-24,-17
-42,-31,3
-45,-30,2
-56,-33,-5
-59,-36,-16
-60,-37,-14
-62,-36,-15
-69,-39,-21
-76,-37,-31
-72,-26,-21
-70,-21,-14
-61,-15,-3
-61,-18,2
-62,-25,6
-55,-30,11
-51,-29,15
-40,-26,26
-37,-25,30
-34,-24,34
-33,-21,38
-33,-19,41
-32,-19,44
-35,-22,43
-40,-25,46
-58,-41,55
-55,-44,61
-37,-49,63
-20,-51,57
-15,-51,53
-17,-45,46
-20,-42,44
-23,-35,43
-25,-31,41
-24,-30,39
-25,-30,36
-25,-31,35
-25,-32,36
-24,-33,41
-23,-34,44
-15,-36,47
-8,-44,50
-12,-50,52
-23,-51,57
-21,-47,58
-11,-36,46
-12,-38,43
-15,-39,46
-16,-36,50
-19,-33,47
-19,-29,43
-17,-29,39
-16,-28,38
-21,-29,46
-22,-31,49
-16,-25,42
-22,-25,38
-26,-28,37
-37,-34,36
-44,-53,50
-38,-63,58
-28,-75,58
-26,-80,56
-24,-78,47
-20,-66,41
-19,-58,38
-19,-44,33
-20,-41,30
-21,-37,26
-17,-40,27
-15,-44,28
-12,-51,29
-14,-55,28
-12,-60,23
-6,-62,15
-4,-65,12
-5,-68,9
-9,-55,13
-15,-51,15
-19,-51,14
-22,-56,13
-25,-66,12
-20,-71,11
-13,-71,12
-2,-64,16
2,-62,20
-1,-64,20
-11,-66,20
-15,-64,21
-20,-63,24
-20,-60,26
-16,-59,30
-11,-66,30
-9,-73,29
-8,-78,22
-7,-80,20
-9,-71,15
-10,-79,13
-12,-84,11
-17,-89,4
-21,-92,1
-17,-91,4
-16,-80,4
-14,-74,3
-15,-64,4
-16,-58,3
-16,-55,2
-14,-52,6
-12,-53,7
-8,-55,8
-7,-58,10
-6,-57,11
-6,-58,11
-6,-61,11
-7,-64,12
-11,-57,18
-10,-54,22
-8,-59,16
-5,-71,17
-1,-76,18
2,-83,15
3,-84,15
-4,-77,19
-8,-66,24
-9,-63,24
-9,-61,21
-8,-62,21
-8,-59,26
-9,-54,30
-9,-54,32
-7,-59,29
-8,-66,27
-8,-95,23
-12,-97,19
-9,-88,19
-5,-89,13
-3,-96,10
-4,-101,3
-9,-93,-2
-12,-88,-3
-15,-75,-2
-19,-63,-3
-20,-58,-3
-19,-52,-4
-16,-50,-4
-14,-50,-2
-13,-50,2
-13,-52,3
-11,-55,7
-6,-61,12
-2,-64,11
4,-69,9
2,-73,10
-5,-61,17
-8,-61,19
-9,-68,19
-6,-73,23
-3,-79,25
7,-85,25
8,-82,19
3,-80,27
2,-75,36
-2,-69,33
-5,-64,29
-7,-61,27
-9,-59,26
-10,-56,25
-11,-58,23
-10,-65,21
-10,-72,17
-10,-79,15
-11,-89,11
-11,-96,11
-9,-88,10
-6,-83,8
-6,-84,6
-9,-85,5
-10,-82,5
-13,-72,5
-14,-66,8
-13,-60,9
-12,-48,10
-12,-39,12
-12,-38,13
-11,-36,14
-10,-37,14
-8,-39,16
-7,-44,18
-5,-50,19
-5,-61,16
-6,-66,15
-5,-81,15
-7,-95,8
-9,-102,6
-17,-98,8
-21,-83,12
-25,-70,16
-24,-67,20
-20,-63,20
-7,-63,18
3,-60,21
3,-56,23
-2,-53,26
-6,-52,24
-12,-56,20
-15,-61,20
-14,-63,21
-8,-62,21
-6,-63,22
-3,-65,21
-2,-68,20
-3,-65,18
-6,-66,15
-11,-69,14
-14,-77,14
-16,-79,17
-16,-69,16
-12,-68,10
-10,-70,8
-9,-71,7
-9,-73,6
-8,-72,6
-8,-65,8
-10,-55,10
-11,-51,11
-13,-45,10
-13,-43,10
-11,-43,11
-9,-45,13
-8,-48,14
-7,-57,15
-7,-63,15
-8,-67,16
-10,-70,15
-10,-74,12
-11,-79,8
-12,-86,6
-16,-72,11
-19,-59,14
-17,-58,15
-16,-59,19
-14,-60,23
-11,-62,22
-6,-64,22
-1,-63,25
-5,-58,23
-8,-58,22
-8,-60,22
-7,-60,23
-7,-59,23
-5,-56,22
-6,-55,21
-6,-58,20
-5,-65,18
-5,-65,17
-8,-73,15
-11,-78,13
-13,-80,12
-14,-75,10
-14,-67,9
-14,-61,8
-16,-65,5
-16,-65,4
-15,-66,3
-13,-65,3
-13,-64,4
-13,-59,5
-13,-56,6
-14,-51,7
-13,-50,8
-12,-50,9
-10,-51,11
-10,-54,12
-8,-61,15
-6,-66,17
-5,-68,18
-5,-71,18
-6,-77,14
-6,-75,15
-9,-76,14
-11,-71,16
-14,-55,17
-15,-50,19
-11,-51,21
-5,-56,23
9,-57,33
0,-64,25
-15,-63,19
-15,-61,18
-11,-57,17
-9,-57,16
-8,-56,15
-8,-53,15
-8,-53,14
-7,-52,14
-7,-52,14
-8,-55,14
-10,-61,14
-10,-64,15
-10,-71,16
-7,-72,20
0,-72,27
-12,-74,17
-18,-74,11
-11,-64,12
-7,-58,14
-7,-59,13
-10,-61,10
-12,-63,8
-14,-66,6
-15,-65,5
-15,-63,5
-16,-58,6
-17,-56,7
-15,-53,8
-13,-54,9
-11,-53,10
-10,-55,11
-10,-58,12
-11,-63,12
-11,-67,12
-12,-69,11
-11,-67,11
-11,-72,9
-11,-77,9
-13,-77,9
-15,-75,8
-17,-64,12
-15,-51,15
-13,-50,17
-9,-51,21
-7,-54,20
-4,-58,18
-3,-62,21
-3,-61,21
-4,-59,19
-5,-58,18
-6,-59,16
-7,-57,16
-8,-56,16
-7,-53,17
-5,-51,15
-4,-51,15
-4,-55,18
-5,-58,19
-6,-64,17
-8,-69,16
-7,-72,16
-8,-80,15
-9,-79,14
-11,-67,14
-12,-59,11
-13,-61,10
-13,-65,9
-12,-67,8
-11,-69,7
-11,-64,8
-12,-62,9
-12,-56,9
-12,-52,10
-10,-50,12
-9,-51,12
-8,-51,13
-7,-55,14
-7,-58,15
-7,-65,15
-8,-70,15
-9,-69,15
-10,-72,13
-9,-74,11
-10,-77,11
-13,-76,11
-15,-64,13
-18,-53,14
-15,-53,18
-14,-55,19
-8,-60,18
-5,-62,17
-4,-63,20
-8,-59,21
-9,-57,20
-11,-55,17
-10,-56,18
-7,-57,20
-5,-55,21
-5,-53,21
-5,-53,19
-5,-55,20
-5,-60,20
-5,-61,20
-7,-63,18
-10,-67,17
-13,-80,15
-14,-86,15
-14,-72,15
-12,-62,14
-10,-61,10
-13,-64,8
-13,-66,8
-12,-69,7
-12,-68,7
-11,-62,9
-13,-55,12
-14,-53,13
-18,-49,16
-23,-50,18
-23,-52,18
-22,-54,17
-20,-56,18
-19,-62,20
-20,-62,22
-19,-61,21
-19,-60,19
-18,-60,17
-20,-59,10
-23,-63,6
-25,-60,8
-25,-51,12
-23,-49,13
-19,-53,13
-13,-58,15
-8,-60,17
-2,-66,18
-2,-68,19
-4,-65,21
-10,-60,20
-13,-61,18
-15,-59,14
-13,-57,16
-11,-55,16
-9,-54,17
-9,-54,17
-11,-57,19
-13,-63,20
-14,-67,22
-9,-79,20
-8,-82,19
-7,-92,14
-8,-74,11
-7,-66,10
-8,-63,5
-11,-63,0
-7,-65,4
-9,-65,6
-12,-67,6
-28,-67,5
-51,-69,-1
-63,-74,-10
-46,-75,0
-39,-74,19
-34,-64,45
-15,-45,60
-13,-43,52
0,-40,47
15,-37,48
20,-29,45
31,-32,53
29,-32,51
30,-31,47
34,-29,50
30,-27,49
28,-21,54
24,-20,51
15,-17,41
6,-13,40
6,-12,43
1,-6,43
-3,-3,39
2,4,43
0,7,50
0,10,51
-2,17,49
4,21,54
13,27,54
2,22,49
-5,12,44
-26,-12,34
-29,-27,35
-22,-45,45
-2,-58,59
11,-64,69
17,-68,73
15,-67,70
-3,-70,56
-21,-67,36
-24,-67,31
-15,-59,33
-12,-55,35
-5,-51,39
-4,-48,40
-5,-46,39
-8,-48,35
-8,-50,34
-8,-51,34
-5,-55,35
-2,-58,34
3,-62,27
2,-72,13
-4,-80,5
-18,-81,2
-26,-71,7
-31,-60,18
-32,-59,18
-32,-59,14
-25,-61,5
-19,-64,4
0,-61,11
11,-53,18
12,-52,19
4,-50,16
-8,-51,16
-14,-52,17
-21,-48,22
-19,-48,23
-11,-48,24
-3,-51,24
0,-52,24
-3,-66,22
-6,-76,23
-15,-90,24
-21,-85,17
-21,-88,12
-19,-81,5
-13,-79,4
-10,-74,0
-16,-67,0
-20,-63,1
-23,-58,3
-22,-56,4
-15,-60,4
-13,-58,4
-12,-57,5
-11,-61,7
-10,-64,10
-9,-70,8
-7,-85,5
-9,-77,12
-4,-59,37
3,-56,32
8,-54,30
8,-58,23
9,-59,21
6,-58,20
2,-53,20
2,-50,22
-3,-48,24
-6,-48,24
-11,-51,19
-13,-54,15
-14,-56,15
-14,-60,17
-14,-66,19
-13,-72,20
-10,-81,22
-8,-84,23
0,-81,25
7,-64,18
2,-60,-4
20,-62,20
19,-59,20
19,-69,20
4,-76,9
-5,-75,3
-18,-71,-7
-21,-68,-10
-22,-65,-11
-22,-61,-10
-21,-61,-9
-19,-58,-8
-19,-55,-6
-18,-52,-3
-18,-51,-2
-19,-53,-2
-19,-56,3
-17,-58,7
-15,-60,9
-10,-61,14
-8,-63,18
-2,-67,23
1,-70,23
3,-71,23
5,-72,23
5,-70,24
1,-68,25
-4,-65,24
-5,-65,23
-6,-62,21
-6,-61,20
-7,-61,19
-8,-60,18
-8,-60,17
-7,-62,16
-8,-62,14
-8,-63,13
-9,-63,12
-10,-63,12
-12,-61,11
-12,-59,12
-12,-58,12
-10,-57,13
-9,-57,13
-8,-56,14
-8,-57,15
-8,-58,15
-9,-58,16
-9,-59,17
-9,-62,17
-8,-62,18
-8,-62,19
-7,-62,18
-7,-62,19
-7,-62,19
-7,-61,18
-7,-61,18
-8,-62,17
-9,-61,17
-9,-61,16
-9,-61,15
-8,-61,15
-8,-61,15
-8,-61,15
-8,-61,15
-8,-61,15
-8,-61,14
-8,-61,14
-8,-60,14
-8,-61,14
-8,-60,14
-8,-61,14
-8,-60,15
-8,-60,15
-8,-60,15
-8,-60,16
-8,-61,16
-8,-61,16
-8,-61,16
-8,-62,16
-8,-61,16
-8,-62,16
-8,-62,15
-9,-61,16
-9,-62,15
-9,-61,15
-9,-61,15
-9,-61,15
-9,-61,15
-8,-61,14
-8,-61,15
-8,-61,15
-8,-61,15
-8,-61,15
-7,-61,15
-7,-61,15
-7,-60,15
-7,-61,15
-7,-60,16
-7,-59,16
-6,-59,16
-6,-60,16
-7,-60,16
-7,-61,15
-8,-59,15
-8,-59,14
-8,-61,14
-8,-60,14
-11,-60,14
-12,-59,13
-13,-59,13
-14,-58,14
-14,-59,14
-15,-60,13
-17,-59,13
-18,-59,13
-18,-58,13
-18,-58,13
-18,-61,12
-19,-62,12
-19,-61,12
-19,-62,11
-25,-63,9
-27,-64,10
-27,-61,9
-31,-58,10
-36,-56,16
-43,-54,14
-51,-53,15
-53,-53,23
-51,-55,20
-56,-56,19
-61,-57,14
-58,-56,13
-50,-55,13
-46,-53,14
-43,-49,12
-39,-49,6
-36,-47,4
-34,-43,3
-31,-38,5
-28,-33,8
-24,-38,8
-22,-46,11
-17,-60,20
-8,-62,23
-3,-62,25
9,-59,38
10,-56,41
4,-53,48
-8,-54,55
-9,-53,58
-20,-49,59
-28,-47,54
-42,-36,51
-56,-27,35
-64,-22,24
-51,-20,27
-58,-19,0
-54,-21,0
-47,-35,14
-43,-34,17
-51,-33,20
-44,-33,31
-45,-28,34
-41,-32,39
-37,-32,38
-41,-33,15
-64,-28,12
-58,-29,12
-57,-35,13
-65,-36,12
-67,-35,10
-65,-33,13
-62,-32,19
-62,-25,18
-55,-22,20
-61,-16,23
-50,-14,26
-58,-15,24
-48,-19,27
-60,-24,13
-59,-24,29
-76,-8,31
-55,-11,35
-60,-22,37
-53,-11,34
-67,-16,28
-60,-8,25
-64,-6,27
-72,-10,13
-53,-8,13
-48,1,8
-67,-5,8
-69,-2,17
-47,-1,0
-59,-11,-5
-62,-2,-15
-69,-26,-30
-68,-37,-35
-67,-44,-41
-62,-51,-35
-48,-46,-19
-60,-49,-25
-62,-47,-26
-56,-47,-30
-70,-54,-32
-65,-54,-30
-58,-40,-29
-57,-25,-20
-44,-26,-17
-51,-31,-20
-59,-24,-21
-60,-15,-8
-63,-16,4
-55,-11,13
-56,-15,18
-55,-15,13
-61,-17,8
-73,-29,-4
-74,-31,1
-56,-27,13
-57,-21,-3
-65,-22,-7
-51,-14,8
-48,-16,11
-53,-13,15
-58,-2,8
-59,-3,8
-54,0,17
-55,3,16
-65,0,15
-52,3,18
-58,6,11
-75,7,4
-93,3,-3
-76,0,18
-71,-5,20
-84,0,15
-66,-1,34
-54,2,34
-52,1,36
-33,3,45
-33,4,45
-38,10,43
-41,11,44
-48,12,36
-62,16,28
-65,16,25
-70,14,22
-72,10,25
-77,8,27
-57,15,45
-57,12,45
-42,3,37
-54,5,44
-56,6,38
-59,2,30
-54,0,29
-47,-2,22
-40,2,26
-38,5,27
-39,7,22
-40,9,33
-44,11,33
-46,18,32
-46,19,41
-51,22,37
-57,15,33
-67,17,28
-72,16,35
-78,13,29
-81,-1,28
-77,-1,32
-79,-2,33
-74,-9,33
-68,-9,32
-56,-3,27
-43,3,26
-43,4,25
-40,5,24
-46,5,25
-48,5,24
-58,7,27
-62,7,29
-64,6,37
-63,4,39
-63,6,43
-61,12,51
-60,9,50
-47,7,51
-46,9,50
-47,5,48
-51,-3,44
-49,-4,41
-41,-2,38
-33,1,35
-32,1,32
-32,4,30
-34,7,31
-39,12,34
-43,14,36
-44,15,38
-45,16,42
-48,16,43
-56,19,42
-70,13,47
-71,7,49
-70,2,45
-70,3,44
-70,4,43
-67,1,41
-63,1,39
-48,6,37
-42,7,32
-39,7,30
-40,9,28
-41,11,29
-46,13,31
-54,13,31
-56,14,33
-57,12,39
-56,12,41
-56,15,44
-56,20,48
-53,19,47
-43,16,48
-38,18,49
-39,16,46
-47,8,42
-49,6,41
-46,4,40
-38,4,38
-34,4,38
-31,8,36
-33,9,35
-35,13,38
-39,16,39
-40,18,41
-42,22,43
-42,22,46
-41,22,50
-55,21,53
-61,17,54
-65,6,55
-59,3,52
-57,4,50
-55,4,45
-55,4,42
-53,5,37
-47,8,35
-45,9,33
-42,8,30
-42,9,31
-43,11,32
-46,10,33
-48,9,35
-51,9,40
-52,6,47
-52,6,49
-53,8,53
-53,11,56
-53,15,59
-43,12,59
-38,13,58
-35,12,55
-36,8,52
-39,6,48
-37,4,44
-36,3,42
-30,4,38
-28,6,36
-26,10,35
-28,14,37
-30,16,38
-34,21,40
-35,23,42
-41,23,47
-47,20,51
-53,21,51
-62,21,56
-67,18,58
-64,6,54
-59,7,52
-57,7,49
-56,6,44
-52,6,40
-49,7,39
-44,9,35
-43,10,33
-40,9,32
-39,10,31
-40,12,32
-46,14,33
-49,14,33
-54,14,37
-55,14,43
-55,13,46
-54,17,52
-53,19,57
-47,17,61
-34,16,58
-33,17,57
-35,14,52
-40,10,48
-40,6,47
-34,5,44
-31,4,42
-24,7,40
-24,10,39
-26,12,39
-32,14,39
-33,17,40
-34,23,43
-34,29,47
-34,29,47
-39,27,51
-45,28,54
-59,26,55
-65,18,56
-63,13,54
-56,14,51
-54,15,49
-53,14,45
-51,14,41
-47,15,39
-42,15,36
-40,14,32
-40,14,32
-42,15,32
-44,15,33
-44,14,37
-45,14,41
-47,14,44
-48,12,51
-50,12,53
-50,17,61
-42,20,64
-34,18,62
-24,20,58
-25,21,57
-33,14,52
-40,9,50
-40,6,49
-32,5,46
-23,6,43
-22,8,43
-22,13,41
-26,16,40
-31,20,39
-34,25,39
-35,28,42
-39,28,46
-41,26,48
-52,28,53
-56,25,56
-61,22,58
-56,10,53
-57,10,51
-56,10,46
-55,9,44
-53,8,42
-47,11,40
-44,12,39
-39,12,37
-38,12,37
-38,13,37
-41,15,38
-43,15,40
-44,16,41
-46,17,44
-47,18,46
-48,18,48
-48,23,52
-48,26,54
-48,30,56
-46,27,55
-39,26,51
-39,27,47
-40,26,45
-42,22,42
-40,21,42
-35,18,41
-28,17,39
-27,18,39
-25,21,37
-24,25,38
-23,28,39
-22,31,37
-23,34,37
-35,36,34
-52,36,25
-55,35,24
-64,39,23
-63,40,23
-70,35,25
-56,27,28
-53,27,29
-54,28,29
-56,27,29
-59,23,27
-57,23,28
-55,23,27
-51,23,25
-51,23,23
-49,22,22
-52,24,21
-54,24,21
-56,23,22
-60,24,25
-60,24,27
-61,26,31
-61,30,34
-60,36,37
-55,37,39
-49,35,39
-41,38,36
-41,38,34
-42,33,29
-44,29,27
-42,28,28
-39,24,29
-37,22,30
-32,22,31
-30,26,33
-28,27,34
-28,31,36
-27,34,40
-26,34,43
-31,36,46
-33,34,48
-30,35,51
-37,35,53
-40,36,53
-48,30,56
-45,25,54
-50,23,53
-49,20,53
-40,19,48
-42,19,52
-50,19,47
-31,21,47
-29,22,47
-27,25,45
-26,26,45
-31,30,43
-27,28,47
-27,28,44
-35,24,46
-44,19,65
-27,18,61
-14,13,63
-3,11,56
-6,9,47
-5,6,38
1,0,31
-2,-7,29
-31,-22,30
-46,-25,31
-24,-26,27
-26,-49,35
-9,-56,40
15,-74,39
13,-84,38
9,-92,39
-15,-95,33
-27,-91,29
-33,-79,26
-16,-72,38
-6,-68,43
4,-57,50
4,-55,51
-4,-61,45
-13,-60,37
-15,-68,32
-17,-80,23
-19,-86,21
-15,-78,24
-10,-74,19
-9,-80,15
-9,-91,7
-10,-93,3
-13,-87,-1
-17,-76,0
-19,-66,1
-21,-54,4
-21,-51,5
-20,-49,6
-21,-52,6
-21,-51,8
-19,-50,13
-12,-51,21
-7,-52,24
2,-59,27
5,-60,31
4,-57,40
0,-53,42
-1,-51,40
-2,-54,33
-1,-60,30
0,-68,27
1,-68,27
2,-68,28
1,-65,32
-1,-63,32
-3,-58,28
-5,-56,25
-4,-55,25
-1,-54,27
1,-56,27
2,-57,26
0,-58,26
-2,-59,24
-4,-60,21
-7,-64,18
-8,-66,16
-10,-66,12
-10,-65,12
-9,-67,10
-7,-65,10
-5,-64,10
-2,-60,6
-1,-59,5
1,-59,3
-1,-59,3
-1,-61,2
-2,-64,5
-3,-64,5
-4,-63,7
-5,-62,8
-6,-61,9
-7,-61,9
-7,-60,10
-8,-60,10
-8,-62,10
-9,-62,10
-9,-62,10
-9,-63,10
-9,-63,10
-10,-63,10
-10,-63,10
-10,-63,9
-10,-65,9
-10,-64,9
-10,-65,8
-11,-65,7
-11,-63,7
-11,-64,7
-11,-63,7
-10,-64,7
-10,-63,7
-10,-63,7
-10,-63,7
-10,-62,8
-10,-61,8
-10,-61,8
-10,-60,8
-10,-61,9
-10,-61,9
-10,-62,9
-10,-62,9
-10,-62,10
-10,-62,10
-10,-62,10
-11,-62,10
-11,-62,10
-11,-62,9
-11,-62,10
-11,-61,10
-11,-62,10
-11,-63,10
-11,-62,9
-11,-63,9
-11,-62,9
-11,-62,9
-11,-62,9
-11,-62,9
-11,-61,9
-10,-62,9
-10,-62,9
-10,-62,9
-10,-62,9
-10,-63,9
-10,-62,9
-10,-62,9
-10,-61,10
-10,-61,10
-10,-61,9
-11,-61,9
-11,-61,9
-11,-61,9
-11,-62,9
-11,-62,9
-11,-62,9
-11,-62,9
-11,-62,9
-11,-62,10
-11,-62,10
-11,-62,9
-11,-62,10
-11,-62,9
-11,-62,9
-11,-62,9
-11,-62,9
-11,-61,9
-11,-62,9
-11,-61,10
-10,-61,9
-10,-61,10
-11,-61,10
-10,-61,10
-11,-61,9
-11,-61,9
-12,-62,9
-12,-61,9
-12,-61,9
-12,-62,9
-11,-62,9
-11,-61,10
-11,-61,10
-11,-61,10
-12,-62,10
-12,-61,10
-12,-62,10
-12,-62,10
-12,-62,9
-11,-62,10
-11,-62,10
-11,-62,10
-11,-62,10
-11,-62,10
-11,-62,9
-12,-62,9
-12,-61,9
-11,-62,9
-11,-62,9
-11,-62,9
-12,-62,9
-11,-62,9
-11,-61,9
-12,-61,9
-12,-62,9
-11,-61,10
-11,-61,10
-11,-62,10
-11,-62,10
-11,-62,10
-11,-62,10
-11,-62,10
-11,-61,10
-11,-61,9
-11,-61,9
-11,-62,9
-11,-62,9
-11,-62,9
-11,-62,9
-11,-61,10
-11,-62,9
-11,-61,9
-11,-61,10
-11,-62,10
-11,-62,10
-12,-62,10
-12,-62,10
-12,-62,10
-11,-62,10
-11,-62,9
-11,-62,9
-11,-62,9
-11,-62,9
-11,-62,9
-11,-62,9
-11,-61,10
-11,-62,9
-11,-62,10
-11,-62,10
-11,-62,10
-12,-62,10
-12,-62,9
-11,-61,9
-11,-62,9
-11,-62,10
-11,-62,10
-11,-62,10
-11,-62,10
-11,-61,9
-11,-62,10
-11,-62,9
-11,-62,9
-11,-62,9
-11,-61,10
-11,-61,10
-11,-62,10
-11,-61,10
-11,-62,10
-11,-61,10
-11,-62,10
-10,-62,10
-10,-61,9
-10,-61,9
-10,-61,10
-11,-61,10
-11,-62,10
-12,-63,10
-12,-63,10
-11,-63,10
-11,-63,10
-11,-63,10
-10,-62,10
-10,-61,10
-10,-60,9
-10,-59,10
-10,-59,10
-10,-60,10
-10,-61,10
-11,-62,10
-11,-63,10
-11,-63,10
-11,-63,11
-11,-62,11
-11,-62,10
-10,-62,11
-11,-62,10
-11,-61,10
-11,-61,10
-11,-61,9
-11,-62,10
-11,-62,10
-10,-62,10
-10,-62,10
-10,-62,9
-10,-62,10
-10,-62,10
-10,-61,10
-10,-61,10
-10,-61,10
-10,-62,10
-10,-62,10
-10,-61,10
-11,-62,10
-11,-62,10
-11,-62,10
-11,-62,10
-11,-62,10
-11,-62,10
-11,-61,10
-11,-62,9
-11,-62,10
-11,-62,9
-11,-61,10
-11,-62,10
-11,-61,10
-11,-62,10
-11,-62,10
-11,-62,10
-11,-62,10
-11,-62,10
-11,-62,10
-11,-62,10
-11,-62,10
-11,-61,10
-11,-62,10
-11,-62,10
-11,-62,10
-11,-62,9
-11,-61,10
-11,-62,10
-10,-61,10
-10,-61,9
-10,-61,10
-11,-61,10
-11,-62,10
-11,-62,10
-11,-62,10
-11,-62,10
-11,-62,10
-11,-62,10
-11,-62,10
-11,-62,10
-11,-62,10
-11,-62,10
-11,-62,10
-11,-62,10
-11,-62,10
-11,-61,10
-10,-62,10
-11,-62,10
-11,-62,10
-11,-61,10
-11,-62,10
-11,-62,10
-11,-61,10
-11,-62,10
-11,-62,10
-11,-62,10
-11,-62,10
-11,-62,10
-11,-61,10
-11,-61,10
-11,-62,10
-11,-61,10
-10,-62,10
-10,-62,10
-11,-62,10
-10,-62,10
-10,-62,10
-10,-62,10
-11,-61,10
-11,-62,10
-11,-62,10
-11,-61,10
-11,-61,10
-11,-62,10
-11,-62,10
-11,-62,10
-11,-62,10
-11,-62,10
-11,-61,10
-11,-62,10
-11,-61,10
-11,-62,10
-11,-62,10
-11,-62,10
-11,-62,10
-11,-61,11
-11,-61,10
-11,-62,10
-11,-62,10
-11,-62,10
-11,-62,10
-11,-62,10
-11,-62,10
-11,-61,10
-11,-61,10
-12,-60,11
-12,-60,10
-12,-59,11
-12,-59,11
-12,-59,11
-12,-60,12
-11,-61,12
-11,-62,11
-12,-62,11
-12,-62,11
-12,-62,10
-12,-62,10
-12,-63,9
-12,-65,9
-12,-67,8
-12,-67,7
-13,-66,6
-14,-64,6
-13,-62,6
-13,-62,7
-13,-62,7
-13,-62,7
-14,-64,8
-14,-64,10
-14,-62,10
-13,-58,12
-12,-55,15
-11,-55,16
-9,-58,17
-8,-59,17
-8,-61,18
-10,-62,17
-10,-63,17
-11,-63,16
-11,-62,16
-11,-62,16
-9,-61,16
-9,-60,16
-9,-59,16
-9,-60,15
-10,-61,14
-10,-61,14
-10,-61,14
-9,-60,14
-9,-60,14
-8,-59,14
-8,-59,15
-8,-59,15
-8,-60,15
-9,-60,15
-9,-60,14
-9,-59,14
-9,-60,14
-9,-61,15
-9,-61,15
-10,-61,15
-10,-61,15
-10,-61,15
-10,-61,16
-10,-61,16
-10,-61,16
-10,-61,16
-10,-61,15
-10,-61,15
-10,-61,15
-10,-61,15
-10,-61,15
-10,-60,15
-10,-61,15
-10,-60,15
-10,-60,15
-9,-61,15
-9,-61,15
-9,-61,15
-9,-61,15
-9,-61,15
-9,-61,15
-9,-61,15
-9,-60,15
-9,-61,15
-9,-60,15
-10,-61,15
-10,-61,15
-10,-61,15
-10,-60,15
-10,-61,15
-10,-61,15
-10,-61,15
-10,-61,15
-10,-61,15
-11,-61,15
-10,-61,15
-10,-61,15
-10,-61,15
-10,-61,15
-10,-61,16
-10,-62,16
-10,-62,16
-10,-62,16
-10,-61,16
-9,-61,16
-9,-60,16
-10,-60,16
-10,-60,17
-11,-59,16
-11,-59,16
-11,-59,16
-13,-60,15
-15,-61,16
-17,-62,17
-20,-61,17
-22,-62,17
-27,-65,19
-33,-66,22
-34,-65,22
-38,-61,22
-43,-60,22
-44,-57,25
-53,-53,22
-57,-51,22
-69,-46,21
-66,-43,18
-73,-37,17
-62,-30,25
-64,-25,26
-65,-17,24
-63,-16,23
-58,-9,20
-55,-2,18
-52,3,24
-39,9,34
-34,16,45
-28,19,47
-17,23,55
-14,23,56
-13,27,53
-10,27,54
-9,28,52
-3,28,49
-2,29,46
-2,30,39
-2,36,31
-2,38,26
-6,39,21
-7,40,18
-5,41,15
-8,42,16
-12,44,14
-17,43,14
-32,44,18
-37,44,20
-42,43,28
-44,42,31
-45,44,33
-50,41,34
-48,40,36
-47,42,34
-50,40,34
-50,40,36
-50,43,38
-50,40,41
-44,41,42
-43,40,43
-45,40,42
-41,41,40
-38,41,42
-38,39,42
-36,40,40
-34,41,43
-30,41,43
-28,41,44
-25,43,44
-19,44,45
-18,44,44
-14,45,42
-10,45,42
-13,45,39
-6,46,40
-5,46,40
-5,48,39
-3,49,40
-1,50,39
3,51,40
4,52,41
11,54,38
15,56,37
14,55,35
11,55,31
11,54,28
19,54,27
21,53,25
18,50,23
22,44,24
18,42,22
7,35,16
5,30,15
-2,19,14
-46,18,14
-44,12,13
-61,-6,4
-104,7,8
-103,9,6
-87,14,30
-81,13,36
-74,11,38
-77,11,32
-75,10,31
-73,11,33
-69,11,32
-64,11,31
-66,11,27
-64,11,25
-61,12,26
-61,14,24
-60,15,23
-55,16,25
-54,17,25
-52,18,24
-54,18,24
-54,18,24
-55,19,23
-54,19,24
-54,20,25
-54,19,26
-54,20,26
-54,20,26
-54,20,27
-54,20,27
-55,20,27
-54,20,28
-55,20,28
-56,20,27
-55,20,27
-55,20,27
-56,21,28
-55,20,27
-56,20,27
-56,20,27
-58,20,26
-59,20,25
-69,20,23
-75,21,24
-67,20,22
-59,20,33
-48,22,46
-32,23,50
-33,23,47
-30,29,50
-26,32,55
-9,35,55
4,35,52
12,36,53
4,36,50
-19,41,43
-1,36,42
-2,35,43
-12,42,45
-7,40,51
-2,41,45
6,42,36
9,42,33
-17,44,33
-31,47,36
3,48,60
18,44,51
7,45,48
-13,49,48
-9,48,48
4,56,53
0,57,54
-6,61,48
-3,58,41
1,59,40
-2,55,24
0,53,20
1,50,24
9,43,25
7,44,30
19,40,39
20,41,35
18,44,37
4,47,31
8,43,36
12,42,37
21,40,45
24,39,44
25,37,43
23,34,41
28,31,44
36,29,44
30,24,46
27,19,50
35,16,48
29,18,42
28,18,50
35,17,51
41,21,59
36,22,56
29,29,51
29,39,49
30,49,41
31,52,38
27,60,30
32,61,31
28,65,28
24,65,25
15,64,25
15,64,27
15,63,31
16,55,34
-5,52,26
-3,46,30
-7,42,27
-19,41,24
-19,37,19
-27,32,26
-39,31,20
-46,30,22
-36,33,28
-27,36,29
-43,34,30
-53,31,27
-50,34,27
-51,36,27
-42,31,26
-40,40,28
-47,39,28
-48,38,25
-47,43,24
-51,41,23
-50,43,21
-52,45,19
-54,43,17
-52,48,16
-54,47,16
-52,44,18
-48,44,17
-51,43,18
-51,36,26
-50,38,23
-43,42,30
-38,38,44
-39,41,37
-28,43,17
-27,43,16
-26,49,14
-17,54,9
-12,55,9
-21,57,9
-22,53,12
-28,41,11
-19,42,-11
-23,43,-18
-39,26,-16
-37,27,-12
-47,22,-11
-79,20,-5
-71,20,8
-44,13,26
-57,6,3
-42,1,8
-36,-10,18
-54,-21,11
-16,-39,68
-54,-37,-3
-35,-53,8
-58,-70,-15
-55,-69,-21
-47,-80,-22
-46,-94,-11
-50,-100,-9
-45,-96,-10
-38,-92,-4
-25,-85,13
-18,-75,16
-18,-72,13
-22,-68,6
-27,-63,0
-31,-60,-2
-32,-60,1
-30,-59,4
-25,-61,9
-23,-58,12
-24,-57,14
-27,-62,13
-28,-64,15
-24,-66,16
-14,-68,16
-9,-69,17
0,-70,20
3,-69,21
2,-65,22
-3,-62,19
-6,-60,18
-10,-58,15
-11,-56,13
-15,-55,13
-16,-55,12
-15,-54,12
-15,-55,13
-15,-53,13
-15,-54,13
-15,-56,15
-15,-56,15
-15,-57,16
-15,-60,17
-14,-61,18
-15,-62,19
-14,-63,20
-14,-65,21
-13,-65,23
-12,-66,24
-10,-65,25
-9,-63,25
-7,-59,25
-6,-60,24
-6,-62,24
-5,-63,23
-6,-63,21
-6,-62,20
-7,-61,19
-8,-61,18
-8,-58,17
-8,-56,17
-8,-55,16
-8,-52,16
-8,-52,16
-7,-51,17
-7,-50,17
-7,-51,18
-7,-52,19
-7,-54,19
-7,-60,20
-8,-66,21
-8,-67,21
-8,-64,20
-9,-61,19
-10,-62,17
-11,-61,17
-12,-60,17
-13,-59,15
-15,-58,14
-16,-58,13
-17,-59,12
-18,-59,12
-17,-62,10
-23,-68,7
-28,-68,6
-35,-65,6
-41,-65,7
-37,-71,14
-32,-67,13
-33,-66,12
-35,-64,16
-34,-63,15
-29,-60,15
-24,-56,16
-23,-53,15
-22,-50,15
-20,-51,14
-19,-51,13
-16,-53,12
-14,-57,12
-12,-61,10
-12,-64,14
-13,-63,18
-13,-54,20
-12,-52,19
-10,-62,18
-11,-68,19
-9,-71,19
-8,-72,20
-7,-70,23
-4,-61,23
-4,-59,18
-6,-62,18
-11,-59,19
-14,-56,20
-14,-53,21
-9,-50,22
-8,-50,23
-8,-48,24
-7,-54,22
-7,-59,20
-10,-70,17
-12,-74,15
-15,-90,13
-15,-68,11
-13,-59,11
-11,-67,8
-11,-73,6
-11,-75,5
-11,-70,6
-12,-66,7
-13,-58,10
-12,-53,10
-12,-46,10
-14,-43,10
-14,-45,11
-12,-51,13
-9,-57,14
-6,-62,15
-4,-71,15
-5,-74,15
-9,-76,13
-11,-82,9
-14,-83,9
-21,-76,10
-24,-63,13
-22,-47,19
-13,-53,19
-7,-55,18
0,-62,14
2,-66,15
-4,-59,20
-10,-57,20
-13,-57,18
-15,-57,15
-14,-58,15
-11,-55,16
-8,-50,18
-8,-51,18
-7,-55,19
-6,-62,17
-7,-65,17
-8,-70,17
-8,-70,15
-9,-66,13
-10,-64,10
-11,-63,9
-13,-62,7
-14,-63,7
-15,-63,6
-16,-61,5
-17,-61,5
-17,-63,5
-17,-61,5
-17,-58,5
-17,-59,6
-16,-60,6
-15,-62,7
-14,-64,9
-14,-65,10
-12,-64,11
-12,-64,11
-12,-64,12
-11,-63,12
-11,-63,12
-11,-65,12
-11,-66,12
-12,-70,11
-13,-73,11
-13,-74,10
-15,-70,12
-15,-66,14
-14,-60,15
-11,-57,19
-9,-56,21
-2,-57,17
1,-56,15
5,-58,17
8,-57,13
7,-56,13
3,-58,13
2,-59,10
2,-61,9
5,-63,8
6,-62,8
3,-61,10
0,-59,11
0,-58,12
-1,-59,13
-1,-58,14
0,-59,15
-1,-59,15
0,-60,15
0,-61,16
0,-60,16
-1,-61,17
-2,-61,17
-3,-60,18
-4,-61,17
-4,-61,16
-4,-62,16
-5,-63,13
-6,-62,12
-8,-63,10
-8,-62,10
-9,-62,10
-10,-60,9
-10,-60,9
-11,-60,9
-10,-58,10
-9,-58,11
-10,-60,12
-10,-60,12
-11,-60,13
-12,-59,14
-11,-60,15
-11,-63,16
-10,-63,16
-8,-63,16
-8,-67,18
-8,-66,18
-9,-64,18
-9,-63,17
-9,-62,17
-9,-61,16
-9,-61,16
-9,-62,15
-10,-61,13
-11,-61,13
-12,-62,12
-12,-61,12
-12,-61,11
-12,-60,11
-12,-60,12
-11,-59,13
-10,-60,13
-10,-60,13
-10,-60,14
-11,-60,14
-10,-61,15
-10,-60,15
-10,-60,15
-10,-61,16
-10,-62,16
-9,-62,16
-11,-62,15
-11,-62,15
-11,-62,15
-10,-61,15
-10,-61,14
-10,-60,14
-11,-60,13
-11,-60,13
-11,-60,13
-12,-61,13
-12,-61,13
-12,-61,13
-11,-61,13
-11,-61,13
-11,-61,13
-11,-61,13
-11,-61,14
-11,-62,14
-10,-61,14
-10,-61,14
-10,-62,15
-10,-62,14
-10,-61,15
-10,-61,14
-10,-61,14
-10,-61,14
-10,-61,14
-11,-61,13
-11,-61,13
-11,-61,13
-11,-61,13
-12,-60,13
-12,-61,12
-12,-62,13
-12,-62,13
-12,-61,13
-12,-62,13
-10,-62,14
-9,-61,15
-9,-61,16
-8,-62,16
-8,-61,16
-8,-61,16
-8,-60,16
-7,-60,16
-8,-61,15
-8,-61,14
-8,-60,13
-9,-59,13
-9,-59,12
-9,-60,12
-10,-62,11
-10,-62,11
-10,-61,10
-10,-62,10
-10,-64,10
-10,-63,9
-9,-62,10
-9,-62,10
-7,-63,9
-7,-63,9
-7,-62,9
-7,-62,9
-8,-62,8
-8,-61,8
-8,-61,8
-8,-63,8
-7,-64,8
-7,-65,9
-8,-63,9
-8,-60,10
-8,-59,11
-8,-58,11
-8,-60,12
-8,-62,11
-8,-63,11
-9,-64,11
-9,-65,11
-10,-65,10
-10,-64,11
-11,-62,10
-11,-60,10
-12,-60,11
-11,-62,11
-11,-61,11
-12,-60,11
-14,-58,10
-16,-63,10
-16,-64,11
-16,-62,14
-19,-60,15
-25,-61,21
-25,-59,19
-25,-55,18
-23,-54,21
-23,-54,20
-23,-54,19
-21,-56,21
-20,-57,19
-19,-59,18
-18,-62,18
-18,-63,17
-16,-64,16
-15,-65,14
-16,-68,11
-19,-71,11
-20,-65,12
-18,-51,13
-16,-49,13
-12,-53,17
-9,-57,17
-8,-58,17
-8,-62,18
-9,-62,18
-12,-59,18
-14,-55,19
-14,-54,20
-12,-56,21
-10,-56,22
-8,-57,22
-9,-59,21
-10,-59,21
-10,-60,20
-10,-60,19
-10,-59,19
-9,-61,18
-9,-65,17
-9,-72,15
-9,-72,14
-9,-67,14
-8,-64,11
-8,-63,10
-8,-62,7
-9,-62,6
-10,-62,5
-12,-60,4
-13,-58,3
-13,-57,2
-15,-55,2
-16,-56,2
-18,-56,4
-19,-58,4
-21,-60,5
-21,-63,6
-21,-64,7
-19,-67,9
-18,-67,11
-17,-69,13
-14,-70,15
-13,-70,16
-10,-71,18
-8,-72,17
-9,-70,17
-11,-69,17
-13,-67,16
-15,-66,17
-11,-66,18
-9,-64,18
-5,-60,18
-5,-58,17
-7,-57,15
-8,-57,13
-8,-59,12
-9,-57,12
-8,-56,16
-8,-54,16
-6,-51,16
-6,-50,18
-4,-51,20
-2,-52,20
-1,-51,22
-2,-49,21
-4,-50,21
-5,-53,20
-4,-62,19
-5,-69,18
-7,-73,18
-8,-72,17
-10,-67,15
-12,-61,13
-14,-59,12
-14,-59,11
-15,-62,10
-15,-64,9
-16,-65,8
-17,-65,8
-18,-65,6
-19,-64,6
-19,-64,7
-17,-62,7
-16,-62,8
-14,-63,10
-12,-62,10
-11,-62,11
-11,-63,12
-11,-63,12
-9,-65,13
-9,-65,13
-8,-68,13
-7,-78,13
-8,-77,12
-10,-73,13
-12,-63,15
-12,-57,17
-10,-48,18
-7,-47,18
-6,-46,19
-6,-49,19
-7,-52,19
-9,-59,19
-11,-62,20
-11,-61,21
-11,-58,24
-10,-56,24
-6,-52,26
-3,-54,26
-2,-56,26
-6,-57,29
-8,-57,29
-9,-57,30
-8,-56,31
-7,-58,30
-6,-65,28
-8,-71,24
-9,-75,22
-11,-77,20
-11,-66,20
-12,-58,17
-12,-62,11
-13,-65,9
-13,-67,8
-14,-67,7
-15,-68,8
-14,-64,10
-13,-61,10
-12,-56,12
-11,-53,14
-10,-50,17
-10,-51,20
-10,-50,20
-10,-53,23
-9,-55,25
-6,-58,24
-5,-63,25
-5,-65,25
-5,-70,22
-7,-78,16
-9,-81,15
-15,-63,17
-18,-54,16
-19,-51,13
-14,-56,15
-11,-58,16
-8,-62,16
-6,-63,18
-8,-62,21
-10,-58,22
-10,-57,22
-8,-57,23
-6,-57,24
-5,-58,26
-4,-56,26
-4,-57,25
-4,-58,24
-4,-60,22
-5,-61,21
-5,-68,19
-5,-71,18
-6,-71,15
-8,-68,13
-9,-66,13
-10,-64,12
-10,-63,10
-10,-60,8
-11,-60,9
-12,-60,10
-11,-57,9
-11,-56,9
-13,-56,9
-13,-56,10
-13,-56,10
-13,-59,11
-12,-60,12
-12,-61,12
-14,-62,12
-14,-64,13
-14,-65,13
-14,-67,13
-14,-67,14
-15,-68,14
-15,-68,14
-14,-69,16
-12,-72,14
-12,-73,15
-13,-73,17
-15,-69,17
-17,-58,20
-15,-52,23
-13,-51,23
-7,-54,21
-4,-60,21
1,-67,21
-2,-66,19
-3,-65,18
-10,-62,14
-13,-60,12
-20,-59,10
-24,-57,8
-25,-56,9
-24,-56,11
-26,-58,16
-28,-58,17
-35,-57,15
-39,-57,15
-45,-58,18
-44,-56,23
-45,-56,24
-53,-53,26
-54,-52,30
-44,-48,35
-42,-41,32
-41,-40,37
-36,-39,36
-30,-36,28
-29,-36,52
-14,-30,45
-18,-28,36
-27,-35,42
-12,-36,38
-10,-35,34
-12,-46,49
-10,-43,47
-5,-31,38
0,-30,37
6,-33,43
-45,-48,90
-49,-29,97
-11,-9,70
-24,-18,59
-23,-16,56
-27,-13,55
-26,-11,58
-26,-10,58
-26,-10,57
-29,-9,55
-28,-10,60
-26,-10,59
-32,-10,53
-31,-9,56
-31,-10,56
-32,-11,54
-30,-9,59
-29,-10,57
-29,-11,55
-28,-12,55
-28,-12,56
-29,-12,55
-29,-12,55
-29,-11,56
-30,-11,56
-29,-11,56
-29,-11,55
-29,-12,55
-30,-12,55
-29,-13,56
-29,-13,55
-29,-13,56
-30,-13,55
-30,-13,55
-29,-14,55
-29,-14,55
-29,-14,55
-28,-14,55
-28,-15,55
-28,-15,55
-28,-15,55
-28,-15,55
-28,-15,56
-28,-15,55
-28,-15,56
-27,-15,56
-29,-15,55
-28,-14,56
-28,-15,55
-29,-14,54
-29,-14,55
-29,-14,55
-29,-14,54
-29,-14,55
-30,-14,53
-31,-13,54
-29,-14,55
-30,-14,57
-30,-13,55
-30,-13,54
-31,-13,54
-31,-14,54
-30,-14,55
-30,-14,55
-31,-14,54
-31,-14,55
-31,-14,54
-30,-14,54
-30,-14,54
-31,-14,55
-30,-14,55
-31,-14,54
-31,-14,55
-30,-14,55
-31,-14,54
-31,-14,54
-30,-14,54
-31,-14,54
-31,-14,55
-31,-14,54
-31,-14,55
-30,-14,55
-31,-14,54
-30,-14,54
-31,-14,55
-31,-14,55
-30,-14,54
-30,-14,54
-31,-14,54
-30,-14,54
-31,-13,54
-31,-14,55
-31,-14,54
-30,-14,55
-30,-14,55
-31,-14,54
-30,-14,55
-30,-14,54
-31,-14,54
-30,-14,55
-31,-14,54
-30,-15,55
-30,-15,54
-29,-15,54
-31,-14,53
-31,-15,55
-31,-15,55
-29,-14,54
-30,-15,55
-30,-14,55
-30,-13,53
-32,-14,56
-31,-14,55
-31,-14,54
-32,-13,53
-30,-13,55
-31,-14,54
-32,-14,53
-31,-15,56
-29,-15,56
-29,-16,54
-30,-16,56
-29,-16,54
-30,-17,53
-29,-18,53
-28,-19,54
-28,-20,54
-29,-20,53
-29,-21,52
-27,-23,54
-27,-23,53
-27,-24,52
-27,-24,53
-27,-25,53
-26,-25,53
-25,-26,52
-26,-26,53
-26,-27,54
-20,-28,52
-25,-26,52
-24,-28,54
-16,-29,52
-23,-27,50
-20,-28,54
-22,-27,55
-23,-28,54
-19,-27,52
-22,-27,53
-20,-27,54
-22,-28,52
-19,-28,52
-20,-28,53
-22,-29,54
-18,-29,54
-19,-28,52
-22,-28,54
-18,-30,56
-19,-31,53
-19,-33,55
-19,-35,54
-21,-36,54
-23,-42,51
-33,-42,34
-26,-42,31
-21,-40,24
-20,-38,21
-15,-35,22
-19,-35,26
-14,-37,33
0,-38,41
7,-32,43
-6,-38,21
-10,-55,11
-8,-68,6
-4,-100,4
5,-114,6
23,-123,8
9,-113,16
3,-99,21
-6,-84,22
-10,-77,5
-15,-76,-3
-22,-66,-13
-24,-65,-12
-24,-67,-7
-18,-65,3
-16,-61,8
-13,-51,12
-11,-48,14
-12,-42,14
-12,-40,17
-11,-42,20
-6,-44,20
-2,-46,21
7,-52,27
12,-60,30
11,-62,30
5,-67,29
0,-68,27
-2,-67,27
-2,-65,28
-2,-64,27
-3,-62,26
-4,-61,24
-5,-62,24
-7,-61,22
-8,-60,22
-8,-61,24
-6,-60,25
-6,-58,25
-6,-58,27
-5,-59,27
-2,-60,28
2,-62,28
4,-63,26
4,-62,25
4,-61,24
1,-56,22
-1,-50,20
-4,-47,18
-18,-44,17
-31,-52,24
-34,-58,28
-33,-62,34
-32,-61,37
-33,-59,37
-42,-52,40
-43,-48,41
-53,-41,37
-53,-40,37
-52,-35,37
-49,-32,38
-47,-32,38
-45,-30,37
-42,-32,36
-38,-31,32
-35,-31,29
-33,-31,29
-29,-31,27
-27,-35,18
-24,-39,15
-22,-47,11
-23,-53,11
-18,-49,24
-9,-52,18
-9,-59,16
-8,-75,16
-8,-83,17
-7,-83,16
-3,-74,19
-3,-71,20
-7,-68,24
-9,-67,24
-8,-64,25
-5,-63,32
-7,-63,34
-11,-62,39
-13,-60,40
-13,-62,39
-12,-71,30
-14,-84,24
-17,-93,20
-11,-84,19
-9,-74,19
-9,-85,13
-12,-89,10
-17,-90,5
-19,-83,1
-19,-78,0
-19,-71,3
-15,-67,8
-14,-57,10
-10,-53,17
-9,-52,17
-9,-43,16
-8,-48,17
-7,-57,16
-3,-54,22
-2,-53,24
-1,-53,21
-1,-56,21
-3,-60,21
-9,-48,19
-9,-48,23
-6,-55,17
-3,-65,16
-3,-68,17
-6,-74,14
-8,-76,14
-11,-72,14
-16,-69,16
-18,-71,19
-19,-75,25
-17,-75,27
-8,-73,38
2,-64,46
2,-63,46
2,-65,39
-5,-74,29
-10,-85,25
-15,-92,22
-13,-87,22
-9,-81,18
-10,-97,13
-15,-103,10
-20,-99,-3
-20,-95,-7
-20,-78,-7
-18,-68,-5
-17,-63,-4
-16,-55,1
-15,-54,2
-12,-48,6
-11,-49,10
-10,-51,11
-8,-49,13
-7,-49,16
-1,-50,18
-1,-57,17
-4,-63,16
-8,-52,24
-11,-52,23
-9,-68,22
-3,-75,21
1,-78,22
6,-78,20
2,-72,20
-1,-69,22
-9,-62,25
-12,-60,24
-14,-60,19
-14,-60,23
-15,-62,26
-16,-64,31
-14,-65,33
-8,-71,34
-6,-81,29
-6,-89,25
-6,-99,23
-7,-96,21
-12,-78,14
-16,-87,2
-14,-82,0
-11,-86,6
-12,-76,2
-14,-70,1
-20,-57,-1
-20,-52,-1
-20,-46,0
-17,-44,4
-15,-45,3
-13,-48,6
-11,-52,8
-6,-57,9
-4,-63,10
-4,-68,9
-7,-79,6
-11,-80,7
-20,-62,16
-15,-61,20
-12,-64,18
-3,-71,17
2,-74,19
5,-77,17
-3,-71,18
-8,-68,22
-15,-63,24
-17,-65,20
-16,-66,21
-15,-61,23
-14,-60,26
-10,-60,30
-8,-64,28
-8,-73,26
-11,-88,22
-11,-91,19
-8,-84,15
-5,-84,11
-4,-89,9
-5,-96,7
-5,-95,8
-7,-80,8
-10,-66,9
-10,-62,10
-8,-50,10
-6,-43,11
-5,-41,11
-5,-39,11
-5,-39,11
-6,-43,13
-13,-52,15
-16,-57,17
-16,-61,17
-15,-64,17
-10,-73,18
-10,-83,16
-13,-87,14
-19,-84,14
-24,-78,14
-30,-65,15
-32,-62,15
-31,-61,14
-23,-62,15
-16,-63,19
-5,-64,24
-3,-61,27
-5,-59,26
-9,-57,23
-12,-57,25
-12,-56,26
-8,-52,27
-5,-52,27
-5,-54,28
-16,-63,32
-25,-71,34
-17,-80,25
-16,-79,24
-20,-71,22
-33,-56,22
-33,-49,20
-30,-40,24
-28,-39,24
-29,-39,27
-36,-46,34
-39,-48,38
-42,-44,33
-47,-40,31
-47,-36,31
-47,-28,29
-45,-24,26
-44,-19,22
-44,-19,27
-45,-18,27
-42,-19,26
-46,-21,30
-48,-24,32
-49,-25,31
-50,-25,31
-51,-24,31
-51,-24,31
-54,-24,32
-54,-25,32
-54,-26,33
-53,-29,36
-54,-30,37
-53,-26,40
-53,-24,45
-50,-24,48
-44,-25,47
-41,-25,44
-42,-26,42
-41,-29,40
-39,-30,41
-34,-29,39
-29,-26,36
-29,-25,36
-28,-24,35
-28,-24,36
-28,-24,40
-30,-23,41
-29,-23,41
-35,-24,45
-35,-25,46
-36,-25,48
-43,-27,48
-44,-26,48
-47,-26,46
-50,-27,45
-50,-27,44
-50,-26,40
-49,-26,39
-47,-28,37
-49,-29,38
-48,-29,39
-48,-28,40
-47,-29,41
-44,-28,42
-39,-24,41
-36,-22,42
-34,-19,41
-32,-18,41
-32,-19,41
-33,-22,43
-32,-25,45
-26,-27,46
-16,-30,38
-11,-32,32
-1,-39,22
3,-48,18
2,-75,15
-15,-97,15
-20,-94,16
-27,-97,13
-33,-100,12
-43,-86,9
-28,-63,9
-11,-60,8
1,-53,12
7,-51,19
3,-47,28
-13,-49,26
-19,-51,24
-22,-52,21
-21,-51,21
-18,-57,24
-11,-63,25
-8,-65,23
-5,-77,21
-7,-91,20
-8,-95,20
-16,-74,21
-24,-76,23
-20,-92,22
-9,-101,5
-16,-94,-1
-29,-77,-2
-29,-67,2
-28,-51,9
-16,-38,13
-13,-32,14
-17,-28,23
-20,-29,27
-21,-28,27
-23,-26,29
-20,-27,30
-18,-29,40
-18,-34,48
-23,-40,52
-25,-43,41
-20,-47,35
-24,-46,33
-26,-38,31
-24,-36,30
-31,-44,26
-37,-50,21
5,-73,67
-40,-70,68
-34,-58,62
-14,-52,35
-26,-50,28
-24,-44,32
-29,-43,29
-30,-41,30
-29,-37,30
-30,-39,30
-33,-41,31
-26,-50,36
-23,-52,37
-20,-56,42
-19,-61,35
-25,-57,27
-37,-53,32
-36,-52,40
-43,-43,33
-36,-41,29
-35,-40,29
-35,-40,27
-41,-40,24
-39,-40,22
-37,-40,26
-35,-41,28
-35,-41,24
-32,-43,24
-32,-46,18
-33,-49,21
-34,-51,24
-34,-51,26
-33,-50,21
-35,-50,16
-44,-54,11
-43,-53,8
-98,-63,40
-18,-47,32
7,-48,29
4,-46,35
-17,-48,30
-20,-45,24
-33,-49,22
-28,-56,20
-11,-61,36
-10,-63,40
-22,-57,26
-27,-51,19
-27,-50,16
-27,-51,13
-25,-53,14
-17,-59,22
-16,-63,22
-15,-60,20
-11,-58,18
-10,-59,15
-11,-60,14
-12,-64,13
-12,-64,12
-13,-63,12
-14,-61,11
-15,-60,11
-14,-58,10
-13,-59,10
-12,-60,10
-11,-60,9
-11,-61,9
-12,-61,9
-13,-61,9
-14,-62,9
-14,-62,9
-14,-63,9
-12,-64,8
-12,-64,9
-12,-63,9
-13,-63,9
-13,-63,8
-12,-62,8
-12,-61,9
-12,-62,9
-12,-62,9
-12,-63,9
-12,-63,8
-12,-63,8
-12,-63,8
-12,-62,8
-12,-61,8
-12,-62,8
-12,-61,8
-12,-61,8
-12,-62,8
-12,-62,8
-12,-62,8
-12,-61,8
-13,-61,8
-12,-61,8
-12,-61,8
-13,-61,8
-13,-61,8
-13,-62,8
-13,-62,8
-13,-61,9
-12,-61,8
-13,-62,8
-13,-62,9
-13,-62,9
-13,-62,9
-13,-61,9
-13,-62,8
-13,-62,8
-13,-62,9
-13,-62,8
-12,-61,8
-13,-62,8
-12,-63,7
-13,-62,6
-13,-62,7
-10,-61,8
-11,-62,9
-13,-61,8
-14,-62,7
-14,-62,7
-14,-62,8
-14,-61,10
-15,-62,5
-16,-62,7
-13,-61,10
-11,-61,10
-12,-64,9
-12,-64,10
-15,-64,11
-11,-62,7
-6,-65,8
-12,-63,11
-13,-61,11
-9,-62,15
-13,-61,7
-15,-61,8
-13,-61,14
-17,-61,8
-9,-57,12
-11,-59,15
-13,-59,14
-12,-59,12
-12,-61,11
-12,-60,13
-10,-59,11
-11,-58,12
-11,-58,13
-12,-59,12
-12,-60,11
-10,-64,10
-11,-65,9
-10,-66,9
-13,-67,10
-15,-68,8
-20,-67,10
-23,-69,14
-23,-69,15
-21,-66,18
-24,-66,20
-21,-62,22
-21,-58,21
-23,-58,25
-28,-58,24
-25,-57,27
-25,-54,28
-24,-49,23
-26,-41,26
-24,-37,27
-24,-30,27
-23,-26,30
-19,-22,35
-17,-22,36
-9,-29,42
-5,-44,35
-13,-51,32
-6,-60,40
-3,-63,42
-10,-66,25
-6,-67,25
-14,-67,22
-13,-68,19
-14,-62,17
-12,-60,19
-4,-60,24
-2,-60,24
0,-61,25
1,-61,24
0,-59,23
-3,-57,24
-4,-57,24
-3,-56,23
-1,-52,22
-1,-50,21
-5,-52,18
-8,-56,19
-15,-60,22
-15,-62,20
-18,-64,17
-23,-70,16
-22,-68,13
-22,-65,11
-23,-58,13
-26,-57,13
-31,-54,12
-33,-51,10
-33,-52,12
-30,-54,14
-28,-55,15
-25,-55,18
-23,-58,19
-22,-59,18
-21,-61,18
-19,-61,17
-17,-61,17
-16,-63,16
-16,-62,14
-15,-76,10
-15,-81,9
-17,-85,10
-21,-65,13
-23,-54,15
-22,-49,21
-15,-58,19
-10,-57,15
-1,-58,13
0,-55,15
-5,-51,17
-11,-48,17
-13,-48,16
-12,-50,17
-13,-50,20
-11,-50,24
-7,-50,29
-6,-50,29
-4,-58,33
-2,-63,35
0,-66,29
-3,-78,22
-7,-80,20
-15,-82,19
-20,-60,18
-20,-61,14
-23,-64,8
-24,-65,8
-18,-68,8
-13,-66,9
-11,-63,11
-8,-60,16
-6,-57,18
-3,-56,18
-3,-58,17
-4,-58,16
-5,-61,16
-5,-66,16
-5,-72,16
-5,-69,16
-5,-71,15
-5,-73,17
-4,-73,20
-3,-51,28
-2,-42,26
-2,-45,22
-4,-54,23
-7,-61,23
-9,-64,20
-11,-61,19
-12,-58,20
-11,-54,21
-6,-56,19
-5,-57,19
-8,-57,24
-9,-57,26
-12,-56,30
-14,-54,31
-14,-57,31
-11,-69,28
-11,-77,25
-15,-88,20
-14,-79,21
-13,-67,20
-13,-69,14
-16,-75,8
-17,-77,6
-15,-78,5
-14,-76,7
-10,-68,13
-5,-63,16
-5,-60,15
-4,-55,17
-2,-54,17
-2,-52,16
0,-54,19
0,-56,19
0,-55,19
-2,-52,17
-3,-58,14
-5,-70,9
-6,-75,8
-13,-71,9
-16,-65,10
-21,-69,12
-26,-82,13
-26,-85,14
-21,-76,12
-7,-62,13
2,-58,16
7,-53,24
3,-53,24
-13,-59,22
-27,-58,20
-28,-55,21
-22,-59,24
-18,-62,26
-11,-70,27
-5,-87,23
-3,-95,21
-2,-92,22
-3,-79,23
-6,-76,17
-9,-80,11
-9,-79,10
-8,-75,9
-8,-64,11
-8,-59,12
-8,-52,16
-8,-50,17
-6,-48,16
-1,-50,18
1,-50,18
4,-53,20
3,-57,21
-1,-62,20
-4,-63,17
-4,-66,16
-6,-88,9
-8,-91,7
-13,-92,2
-22,-73,3
-25,-72,5
-30,-76,4
-32,-73,4
-32,-70,2
-22,-63,5
-15,-59,7
-11,-55,16
-13,-51,30
-15,-51,34
-15,-55,33
-13,-55,32
-8,-53,35
-4,-59,37
-3,-62,37
-1,-70,34
-1,-77,32
-3,-84,25
-7,-86,23
-8,-75,25
-11,-69,21
-11,-77,14
-10,-78,13
-8,-75,12
-6,-71,12
-4,-63,13
-4,-57,15
-7,-54,15
-5,-48,14
-4,-47,12
-3,-50,11
-3,-51,14
-3,-54,15
-4,-62,17
-5,-66,18
-4,-77,11
-5,-83,7
-9,-86,6
-19,-71,17
-19,-61,23
-17,-63,22
-10,-69,26
-3,-71,27
-3,-69,26
-5,-65,29
-5,-53,33
-3,-49,31
-3,-50,29
-10,-52,27
-15,-55,29
-15,-53,31
-9,-55,33
-5,-57,34
-1,-66,31
-4,-84,23
-6,-85,21
-11,-84,18
-12,-73,19
-11,-76,14
-11,-78,10
-11,-80,8
-11,-80,7
-10,-74,10
-6,-65,17
-4,-58,18
-1,-54,20
1,-49,19
2,-47,18
3,-44,19
1,-46,19
0,-47,18
-3,-51,16
-5,-52,14
-5,-58,12
-7,-69,9
-9,-75,10
-16,-82,9
-19,-73,10
-20,-78,9
-22,-90,8
-23,-97,7
-26,-88,13
-21,-73,14
-15,-70,16
-3,-68,28
-4,-61,31
-6,-60,31
-8,-60,36
-7,-61,36
-2,-59,32
5,-66,22
6,-68,18
1,-72,11
0,-77,10
-6,-76,10
-11,-75,9
-12,-77,8
-13,-81,-3
-13,-84,-8
-14,-75,-15
-18,-71,-16
-19,-68,-15
-21,-61,-13
-21,-59,-12
-20,-59,-12
-18,-58,-13
-18,-59,-12
-17,-56,-4
-18,-54,-3
-23,-57,-2
-32,-54,4
-33,-54,3
-33,-58,3
-32,-63,8
-31,-67,9
-30,-70,20
-24,-79,26
-12,-85,26
5,-86,34
9,-80,36
7,-73,32
6,-69,32
4,-62,26
3,-60,19
3,-59,18
1,-55,17
-2,-55,17
-8,-51,16
-11,-46,12
-11,-43,11
-11,-43,12
-9,-48,14
-8,-50,17
-6,-57,21
-5,-59,23
0,-63,24
3,-65,26
3,-66,25
3,-67,25
4,-70,25
4,-70,28
-10,-66,21
-12,-64,18
-11,-58,15
-9,-56,13
-7,-57,11
-9,-60,10
-10,-63,8
-13,-65,6
-15,-62,5
-17,-60,4
-19,-60,3
-19,-61,3
-21,-64,1
-19,-65,3
-17,-63,5
-16,-60,10
-15,-59,12
-15,-60,14
-15,-64,13
-15,-65,13
-13,-67,12
-12,-68,13
-12,-68,13
-12,-67,13
-12,-68,13
-10,-71,11
-10,-72,10
-9,-73,9
-9,-72,9
-10,-67,10
-14,-58,13
-14,-51,13
-12,-49,13
-9,-47,15
-7,-47,16
-3,-50,17
-1,-57,16
-3,-59,16
-6,-64,14
-9,-66,13
-12,-64,13
-13,-62,13
-14,-60,12
-12,-57,11
-11,-55,12
-9,-56,14
-9,-57,16
-10,-57,16
-11,-58,15
-11,-60,15
-13,-68,16
-13,-72,17
-12,-71,16
-11,-69,13
-9,-67,12
-9,-66,12
-8,-66,11
-9,-66,9
-11,-69,7
-13,-69,4
-13,-67,3
-14,-65,1
-14,-63,1
-16,-59,1
-17,-55,0
-17,-53,0
-17,-52,1
-16,-53,2
-16,-53,4
-15,-55,5
-15,-57,5
-15,-60,6
-16,-64,7
-16,-67,8
-17,-69,8
-17,-68,9
-17,-68,10
-15,-68,11
-13,-67,12
-12,-66,13
-12,-65,14
-11,-65,15
-11,-65,14
-12,-64,13
-12,-64,13
-12,-64,12
-13,-67,11
-13,-65,10
-13,-64,10
-13,-64,8
-14,-63,8
-14,-63,8
-15,-63,7
-15,-64,7
-16,-65,7
-16,-64,6
-16,-63,6
-16,-63,6
-16,-63,7
-16,-61,8
-15,-58,9
-14,-56,10
-12,-58,11
-11,-59,11
-10,-57,13
-10,-57,14
-10,-58,15
-8,-59,16
-7,-59,17
-7,-59,18
-7,-60,19
-6,-60,20
-5,-59,20
-4,-61,20
-4,-61,21
-4,-58,21
-5,-57,20
-6,-56,20
-6,-61,19
-6,-63,20
-6,-64,20
-6,-63,20
-4,-62,21
-3,-60,20
-2,-59,20
-2,-57,20
-3,-57,20
-5,-53,18
-6,-51,17
-7,-51,15
-9,-57,13
-10,-59,13
-10,-65,10
-10,-66,10
-10,-65,11
-10,-59,10
-10,-55,9
-10,-56,9
-10,-60,8
-10,-63,8
-11,-69,7
-14,-69,8
-15,-66,8
-16,-60,7
-17,-59,7
-18,-57,7
-16,-59,8
-15,-60,9
-13,-66,11
-12,-69,11
-12,-70,12
-12,-71,13
-12,-69,12
-14,-70,10
-14,-73,9
-16,-73,9
-17,-69,11
-16,-64,12
-13,-58,12
-9,-55,13
-8,-57,13
-6,-59,15
-5,-62,16
-6,-62,15
-7,-63,13
-8,-61,12
-8,-58,12
-8,-56,11
-6,-52,12
-6,-49,13
-7,-47,13
-7,-42,15
-7,-42,15
-6,-46,15
-7,-51,17
-8,-54,18
-8,-67,16
-10,-85,12
-12,-92,10
-15,-88,12
-16,-70,13
-14,-62,13
-12,-69,13
-11,-69,13
-13,-66,9
-12,-65,9
-11,-61,11
-12,-57,13
-12,-54,11
-13,-52,7
-12,-52,8
-11,-54,9
-10,-59,11
-9,-66,11
-7,-73,11
-7,-77,12
-6,-73,12
-7,-77,8
-8,-79,8
-11,-80,7
-19,-61,8
-20,-48,11
-17,-46,11
-15,-52,13
-6,-56,17
1,-54,16
3,-53,17
-1,-52,18
-5,-51,17
-11,-49,13
-14,-54,10
-15,-57,11
-15,-58,17
-14,-57,19
-11,-55,21
-9,-57,23
-8,-60,22
-10,-76,19
-14,-88,16
-14,-90,15
-14,-71,11
-12,-72,8
-12,-78,6
-13,-77,5
-14,-75,4
-13,-63,4
-14,-58,5
-14,-50,6
-13,-45,6
-12,-45,5
-12,-52,7
-11,-56,9
-7,-62,10
-1,-72,10
1,-74,10
-2,-77,11
-3,-81,5
-9,-81,5
-18,-68,7
-21,-51,8
-22,-44,9
-18,-55,13
-14,-61,15
-2,-66,16
3,-65,16
5,-60,20
-4,-56,22
-10,-56,19
-16,-58,14
-17,-60,14
-14,-60,18
-11,-60,22
-11,-59,23
-9,-60,23
-9,-62,21
-12,-75,19
-13,-89,17
-13,-78,15
-12,-74,10
-14,-82,9
-15,-85,8
-14,-82,5
-13,-76,4
-13,-67,4
-13,-56,5
-13,-52,5
-11,-49,7
-10,-47,6
-9,-52,7
-8,-56,8
-7,-59,8
-5,-66,10
-5,-68,12
-3,-80,10
-6,-81,7
-10,-74,9
-17,-55,16
-20,-54,18
-19,-64,21
-7,-67,21
1,-62,19
14,-56,21
11,-55,26
7,-53,26
-6,-52,17
-10,-56,14
-19,-64,15
-23,-56,20
-21,-53,21
-14,-54,23
-9,-56,22
-5,-72,18
-6,-90,18
-10,-88,16
-10,-76,13
-9,-86,6
-10,-89,5
-11,-97,4
-11,-94,4
-13,-79,7
-12,-65,12
-10,-60,12
-4,-52,12
-1,-50,12
0,-43,13
0,-43,14
-1,-46,14
-6,-48,13
-10,-51,14
-24,-59,14
-25,-66,13
-25,-66,14
-27,-68,21
-30,-63,25
-30,-51,27
-30,-54,28
-30,-62,31
-28,-67,28
-21,-66,27
-4,-60,30
1,-55,33
0,-56,34
-7,-58,34
-12,-58,31
-12,-56,29
-10,-54,26
-8,-55,25
-5,-56,23
-5,-60,20
-6,-65,18
-10,-73,15
-13,-77,15
-15,-68,16
-12,-61,14
-11,-62,12
-12,-68,11
-13,-70,11
-10,-70,12
-8,-67,12
-8,-66,12
-10,-65,12
-8,-62,12
-7,-61,12
-8,-59,12
-9,-58,12
-9,-60,13
-8,-64,11
-8,-66,10
-10,-69,7
-12,-70,5
-14,-67,3
-18,-61,3
-20,-59,2
-25,-59,2
-27,-60,3
-26,-63,4
-23,-64,10
-20,-63,14
-15,-60,19
-12,-59,20
-7,-64,20
-7,-66,19
-8,-65,20
-12,-62,23
-11,-59,25
-10,-59,26
-6,-63,25
-4,-65,25
-2,-64,25
-2,-65,23
-3,-65,20
-1,-63,17
0,-63,17
2,-63,20
-5,-62,17
-9,-61,14
-12,-59,11
-13,-58,11
-13,-57,11
-11,-57,13
-11,-57,13
-10,-58,13
-9,-60,14
-9,-60,14
-8,-61,16
-8,-62,16
-7,-61,17
-7,-62,18
-6,-61,18
-6,-61,18
-5,-61,19
-4,-62,19
-4,-61,19
-4,-61,19
-4,-62,19
-4,-61,19
-4,-60,19
-4,-60,19
-4,-59,18
-4,-60,18
-5,-61,18
-5,-61,18
-6,-56,17
-6,-55,17
-7,-56,18
-7,-58,18
-6,-58,19
-6,-57,20
-6,-56,20
-6,-55,21
-6,-57,22
-6,-60,22
-5,-66,21
-5,-69,21
-7,-65,20
-8,-61,16
-8,-60,15
-9,-61,13
-10,-61,11
-10,-64,10
-11,-64,9
-11,-65,9
-12,-64,7
-12,-62,7
-13,-62,7
-12,-60,7
-12,-59,8
-10,-59,8
-10,-60,8
-10,-60,8
-12,-61,8
-12,-61,7
-13,-63,7
-13,-64,7
-14,-64,7
-14,-65,7
-14,-64,7
-14,-64,7
-15,-64,7
-15,-62,7
-15,-62,7
-15,-62,7
-15,-63,7
-15,-64,6
-15,-64,6
-15,-64,6
-14,-63,7
-14,-63,7
-13,-62,7
-13,-62,8
-12,-62,9
-11,-63,8
-11,-62,9
-11,-63,8
-11,-62,9
-11,-61,8
-11,-61,8
-11,-61,8
-11,-60,9
-11,-60,9
-10,-60,10
-10,-60,10
-10,-60,10
-11,-59,10
-12,-58,10
-12,-58,9
-13,-58,9
-14,-58,9
-16,-59,8
-18,-59,7
-19,-59,7
-20,-63,8
-21,-64,8
-25,-68,4
-24,-73,2
-22,-72,3
-19,-69,6
-17,-66,6
-17,-61,6
-17,-58,6
-16,-59,6
-15,-61,6
-13,-66,8
-12,-66,8
-11,-69,8
-10,-72,8
-9,-76,7
-10,-79,6
-13,-73,6
-18,-54,10
-18,-48,12
-14,-43,12
-9,-51,14
-8,-55,17
-4,-61,21
-1,-62,21
-1,-62,22
-5,-58,18
-6,-57,17
-6,-55,15
-6,-54,15
-8,-53,14
-10,-50,12
-11,-51,11
-12,-56,11
-12,-65,13
-11,-68,14
-10,-70,14
-9,-69,13
-8,-65,11
-9,-65,11
-10,-65,10
-11,-65,8
-12,-65,7
-13,-66,4
-14,-61,2
-15,-61,2
-15,-60,2
-15,-58,2
-15,-57,2
-16,-59,3
-16,-59,3
-15,-62,3
-15,-63,2
-15,-65,2
-15,-65,1
-15,-65,1
-15,-65,2
-16,-64,3
-17,-66,5
-18,-64,8
-17,-65,9
-14,-61,4
-15,-62,4
-16,-62,5
-14,-60,5
-14,-61,5
-13,-64,5
-14,-62,3
-14,-63,2
-13,-62,3
-12,-61,3
-11,-63,3
-12,-62,2
-12,-61,2
-13,-62,2
-13,-62,2
-13,-61,3
-13,-61,2
-13,-61,2
-13,-62,2
-13,-62,1
-14,-62,1
-13,-62,1
-13,-62,1
-14,-62,1
-14,-62,1
-14,-62,1
-14,-62,1
-14,-63,1
-14,-62,1
-14,-63,1
-14,-62,1
-14,-62,1
-14,-63,1
-14,-62,2
-14,-62,1
-14,-62,1
-13,-62,1
-13,-62,1
-13,-62,1
-13,-62,1
-13,-62,1
-13,-62,1
-13,-62,1
-13,-62,1
-13,-61,1
-13,-62,1
-13,-61,1
-13,-62,0
-13,-62,1
-13,-62,0
-13,-62,0
-14,-62,0
-13,-62,1
-14,-62,0
-14,-62,1
-14,-62,1
-14,-62,1
-13,-62,1
-14,-62,1
-14,-62,1
-14,-62,1
-14,-61,1
-14,-61,1
-14,-62,1
-14,-63,2
-14,-65,1
-14,-65,1
-15,-64,2
-15,-64,2
-14,-65,2
-14,-65,2
-14,-65,2
-14,-64,3
-14,-64,3
-14,-63,3
-14,-63,4
-14,-63,3
-13,-63,4
-14,-64,4
-13,-62,5
-14,-60,5
-14,-60,5
-14,-59,5
-15,-59,4
-17,-60,3
-19,-60,4
-19,-59,5
-20,-58,6
-19,-60,11
-19,-61,13
-10,-65,17
-5,-63,19
3,-63,20
4,-60,22
1,-59,21
-5,-59,18
-9,-59,16
-15,-57,13
-16,-57,12
-16,-56,12
-15,-55,13
-16,-57,16
-14,-58,19
-10,-59,23
-9,-58,24
-8,-60,25
-8,-62,25
-9,-62,26
-10,-62,25
-9,-63,23
-6,-63,22
-4,-65,20
-4,-65,18
-4,-63,17
-4,-63,16
-10,-60,12
-17,-60,8
-19,-60,7
-20,-59,3
-17,-61,2
-15,-61,3
-13,-61,2
-13,-60,1
-14,-60,1
-15,-61,0
-15,-61,0
-15,-64,0
-15,-65,1
-15,-66,3
-15,-65,5
-15,-65,5
-15,-66,5
-16,-67,5
-16,-67,4
-16,-67,5
-15,-68,5
-14,-68,5
-13,-63,7
-13,-61,9
-13,-59,13
-12,-57,15
-9,-53,17
-8,-56,19
-7,-57,20
-5,-62,21
-5,-65,21
-4,-65,20
-2,-64,20
-3,-61,19
-4,-59,18
-5,-59,17
-5,-55,15
-5,-52,12
-5,-53,11
-5,-52,10
-5,-50,9
-6,-47,9
-8,-47,9
-8,-48,9
-10,-55,9
-13,-70,9
-14,-80,8
-20,-84,8
-22,-77,10
-24,-74,11
-21,-73,11
-16,-75,10
-7,-73,10
-6,-70,11
-6,-62,14
-8,-54,12
-9,-51,9
-10,-51,6
-11,-54,3
-12,-57,3
-10,-66,4
-10,-70,3
-12,-74,3
-12,-80,2
-10,-89,-3
-14,-84,1
-16,-71,6
-14,-48,12
2,-46,11
10,-50,11
11,-54,14
8,-58,15
-1,-63,17
-2,-61,17
-3,-58,17
-2,-55,17
-3,-53,18
-2,-52,19
-3,-55,20
-4,-55,19
-7,-56,18
-9,-58,18
-10,-58,19
-10,-63,17
-10,-70,16
-13,-77,14
-17,-75,16
-16,-66,15
-12,-70,9
-10,-76,8
-10,-81,8
-10,-74,8
-11,-68,9
-13,-57,8
-13,-50,8
-9,-41,9
-8,-41,10
-8,-46,11
-7,-54,12
-6,-60,12
-4,-70,11
-3,-80,11
-4,-81,11
-6,-81,8
-8,-80,8
-16,-79,8
-23,-53,12
-22,-45,15
-15,-59,19
-7,-63,18
-2,-63,17
4,-63,17
3,-58,18
-5,-51,19
-14,-49,15
-16,-49,13
-15,-53,13
-12,-54,16
-9,-53,18
-9,-52,20
-10,-55,21
-9,-66,19
-10,-75,16
-12,-89,14
-12,-76,16
-12,-70,13
-12,-78,9
-12,-82,6
-11,-78,5
-10,-61,5
-11,-54,6
-14,-44,6
-17,-40,7
-15,-43,8
-10,-50,6
-9,-53,6
-7,-63,9
-5,-72,9
-5,-75,9
-7,-80,7
-7,-86,6
-11,-85,6
-18,-62,10
-20,-47,14
-16,-51,17
-15,-53,18
-6,-61,19
1,-61,20
3,-57,21
2,-51,25
-3,-49,22
-4,-50,19
-6,-53,17
-7,-54,18
-9,-54,19
-10,-56,22
-9,-61,22
-8,-68,19
-8,-74,18
-12,-80,16
-13,-75,18
-11,-66,17
-8,-73,10
-6,-79,10
-6,-84,8
-6,-76,7
-8,-67,7
-13,-54,8
-16,-46,8
-14,-44,7
-8,-41,7
-7,-41,8
-6,-44,10
-6,-55,12
-6,-63,12
-5,-73,11
-5,-77,10
-6,-85,7
-12,-83,7
-18,-72,10
-25,-57,17
-25,-58,17
-19,-65,16
-5,-67,14
3,-67,15
10,-58,22
7,-54,24
-3,-54,24
-11,-54,21
-12,-55,19
-11,-57,18
-9,-56,16
-9,-56,15
-9,-58,15
-8,-60,12
-9,-59,10
-8,-68,8
-9,-70,6
-10,-71,4
-9,-71,3
-11,-72,-2
-12,-68,-7
-12,-67,-7
-14,-64,-7
-15,-63,-7
-17,-60,-6
-16,-57,-7
-16,-58,-7
-14,-58,-3
-15,-59,-2
-15,-61,0
-15,-64,3
-15,-65,4
-12,-65,7
-7,-67,7
-5,-71,6
-5,-74,10
-10,-70,13
-20,-56,17
-21,-48,13
-21,-49,11
-18,-60,11
-16,-64,12
-11,-63,15
-8,-60,16
-8,-57,13
-10,-57,10
-11,-59,9
-12,-59,6
-13,-57,4
-13,-58,3
-15,-61,1
-17,-64,-1
-17,-68,-2
-17,-66,-3
-17,-67,-4
-12,-64,-5
-11,-63,-4
-11,-63,-4
-12,-60,-4
-13,-62,-4
-13,-63,-6
-14,-62,-5
-13,-65,-6
-13,-61,-5
-13,-60,-5
-13,-63,-5
-14,-62,-4
-14,-62,-4
-14,-62,-4
-14,-61,-4
-15,-62,-4
-15,-64,-4
-15,-64,-4
-15,-65,-4
-15,-63,-4
-15,-63,-4
-15,-63,-5
-14,-64,-5
-14,-62,-6
-14,-62,-6
-14,-62,-7
-14,-62,-7
-14,-62,-7
-14,-62,-8
-14,-62,-8
-13,-62,-8
-14,-62,-8
-14,-62,-8
-14,-63,-8
-14,-62,-8
-13,-62,-8
-13,-61,-7
-14,-61,-6
-13,-61,-7
-13,-61,-7
-13,-61,-6
-14,-61,-6
-14,-61,-6
-14,-61,-6
-14,-62,-6
-15,-62,-6
-14,-62,-6
-15,-63,-6
-14,-62,-6
-15,-63,-6
-15,-63,-7
-16,-63,-6
-15,-63,-6
-15,-63,-6
-15,-64,-6
-16,-63,-5
-15,-62,-4
-15,-62,-4
-15,-62,-4
-15,-62,-4
-15,-61,-4
-15,-61,-4
-15,-61,-4
-15,-60,-4
-15,-61,-3
-14,-61,-4
-14,-61,-3
-15,-62,-3
-15,-61,-2
-15,-61,-1
-15,-60,-1
-16,-60,0
-16,-58,0
-17,-58,0
-18,-58,1
-19,-59,0
-19,-61,0
-20,-62,1
-18,-63,1
-18,-63,1
-17,-63,1
-17,-63,1
-16,-63,1
-15,-63,1
-15,-63,1
-14,-64,2
-13,-64,2
-14,-63,2
-14,-63,1
-15,-64,1
-14,-63,1
-15,-64,1
-14,-66,1
-13,-67,2
-13,-70,2
-14,-72,2
-13,-75,3
-12,-76,2
-13,-72,2
-13,-74,2
-14,-71,2
-13,-68,3
-13,-63,4
-14,-53,7
-14,-53,10
-16,-58,9
-19,-53,11
-17,-52,17
-21,-46,19
-21,-43,20
-25,-38,22
-28,-37,24
-29,-39,26
-30,-47,30
-27,-49,33
-19,-52,35
-12,-56,35
-10,-57,34
-9,-59,32
-8,-61,31
-6,-62,30
-4,-63,30
-3,-62,29
-3,-60,28
-4,-59,26
-4,-61,26
-3,-65,26
-4,-65,26
-5,-62,26
-3,-61,24
-2,-61,23
-7,-63,21
-10,-63,20
-17,-61,17
-23,-60,16
-25,-60,15
-29,-59,15
-29,-58,15
-31,-56,14
-33,-54,14
-34,-53,14
-37,-51,14
-36,-49,16
-35,-48,18
-34,-50,20
-32,-51,21
-28,-57,23
-24,-59,26
-20,-63,29
-13,-68,30
-10,-71,28
-7,-70,26
-6,-61,26
-8,-55,25
-10,-48,23
-11,-47,23
-11,-46,22
-7,-51,21
-7,-54,22
-8,-58,23
-10,-59,23
-10,-59,23
-9,-58,21
-9,-57,22
-8,-55,23
-7,-56,23
-7,-57,22
-9,-57,21
-10,-59,19
-11,-64,18
-11,-64,16
-10,-62,15
-10,-63,14
-10,-65,13
-11,-69,11
-13,-66,10
-13,-65,10
-13,-64,7
-13,-63,6
-12,-58,6
-12,-57,6
-12,-56,6
-11,-55,6
-13,-57,7
-14,-58,8
-15,-59,8
-15,-61,9
-16,-62,9
-17,-62,9
-17,-63,9
-17,-65,9
-16,-64,9
-15,-63,9
-15,-63,9
-15,-63,8
-15,-62,7
-16,-62,7
-16,-62,6
-16,-63,6
-16,-62,5
-17,-62,5
-17,-62,5
-16,-62,5
-16,-62,5
-15,-63,5
-15,-62,5
-15,-62,5
-15,-63,5
-15,-62,5
-14,-61,6
-15,-61,5
-16,-61,4
-16,-62,4
-15,-61,4
-15,-61,4
-14,-61,5
-14,-61,6
-15,-61,6
-15,-62,6
-16,-62,6
-17,-62,6
-17,-63,6
-17,-62,6
-18,-63,6
-17,-62,7
-16,-61,7
-15,-61,7
-15,-59,7
-16,-57,6
-15,-58,6
-15,-60,6
-15,-61,6
-15,-61,6
-15,-65,6
-14,-70,5
-15,-71,4
-17,-70,2
-17,-68,1
-18,-65,1
-17,-65,1
-17,-63,1
-17,-61,1
-16,-61,2
-15,-61,2
-15,-63,3
-15,-65,3
-15,-62,4
-15,-60,6
-14,-59,8
-13,-55,10
-12,-54,11
-10,-56,14
-9,-58,14
-8,-58,15
-7,-60,16
-7,-60,16
-8,-61,16
-10,-64,15
-10,-65,15
-10,-67,14
-11,-65,14
-11,-60,15
-10,-54,15
-9,-54,15
-7,-55,15
-8,-61,15
-8,-65,13
-10,-70,10
-12,-70,10
-15,-66,9
-14,-62,10
-11,-60,11
-7,-59,12
-6,-57,13
-5,-55,13
-6,-55,12
-7,-56,11
-9,-59,11
-9,-60,10
-10,-62,10
-10,-63,10
-10,-63,10
-9,-63,10
-9,-64,10
-10,-64,10
-10,-64,9
-11,-64,9
-10,-65,9
-11,-65,8
-11,-65,8
-11,-64,8
-10,-63,8
-10,-63,9
-9,-62,9
-9,-62,9
-9,-63,10
-9,-63,10
-8,-63,10
-8,-63,10
-8,-63,10
-10,-62,12
-9,-61,14
-5,-57,18
-4,-58,18
-5,-59,16
-7,-65,13
-9,-68,11
-9,-67,10
-9,-62,8
-10,-59,7
-12,-58,7
-14,-58,6
-14,-58,6
-13,-60,7
-13,-59,7
-13,-57,8
-13,-57,9
-14,-57,9
-16,-63,8
-19,-65,7
-25,-71,10
-25,-71,16
-25,-69,17
-28,-59,17
-31,-56,16
-37,-52,16
-38,-50,19
-38,-49,20
-36,-49,22
-33,-52,23
-31,-53,23
-26,-56,24
-23,-57,24
-21,-57,23
-19,-62,21
-18,-63,21
-14,-66,19
-13,-65,19
-13,-57,19
-12,-45,20
-10,-41,20
-6,-44,21
-4,-46,22
-2,-54,22
-1,-63,21
-2,-63,21
-7,-62,22
-10,-61,26
-10,-61,28
-4,-59,28
0,-57,27
3,-57,28
0,-54,28
-1,-53,28
-3,-54,27
-4,-55,26
-6,-62,23
-9,-68,19
-11,-75,15
-15,-72,13
-16,-65,14
-15,-62,12
-12,-69,8
-11,-70,8
-10,-71,7
-10,-72,7
-10,-69,7
-13,-62,8
-13,-59,8
-12,-53,10
-9,-49,10
-7,-50,11
-5,-52,12
-5,-56,14
-5,-60,15
-5,-68,14
-5,-73,14
-5,-81,11
-5,-84,9
-8,-84,7
-15,-86,6
-21,-76,7
-27,-52,8
-25,-47,8
-19,-50,10
-9,-55,13
-4,-57,14
1,-61,17
-4,-60,18
-7,-59,16
-12,-59,13
-13,-61,13
-10,-60,15
-6,-59,16
-4,-60,16
-1,-59,15
-1,-59,14
-2,-59,13
-5,-60,11
-7,-61,10
-9,-65,7
-10,-65,5
-10,-65,2
-9,-65,1
-9,-66,1
-9,-65,1
-10,-65,2
-11,-64,2
-10,-62,3
-10,-62,3
-10,-61,4
-10,-59,6
-10,-60,6
-10,-61,7
-10,-62,7
-9,-64,8
-8,-63,8
-9,-64,8
-9,-63,8
-10,-64,7
-10,-63,6
-11,-64,6
-11,-64,6
-11,-63,5
-11,-63,5
-11,-62,5
-11,-63,5
-11,-63,4
-10,-63,5
-10,-63,4
-10,-63,5
-10,-62,5
-10,-63,5
-9,-62,5
-9,-62,6
-9,-62,6
-9,-61,6
-10,-62,5
-10,-62,5
-10,-62,6
-10,-62,6
-10,-62,6
-10,-62,6
-10,-63,6
-11,-63,6
-11,-63,5
-11,-63,5
-11,-62,5
-11,-62,5
-11,-62,5
-11,-62,5
-11,-62,4
-11,-63,4
-11,-62,4
-11,-63,4
-11,-63,4
-11,-62,4
-10,-62,4
-10,-62,4
-11,-62,4
-10,-63,4
-10,-62,4
-10,-63,4
-10,-63,4
-10,-63,4
-10,-63,4
-10,-62,5
-10,-62,5
-10,-62,5
-10,-62,5
-10,-62,5
-10,-62,5
-11,-61,5
-11,-62,5
-11,-62,5
-11,-62,5
-12,-62,5
-11,-63,5
-11,-63,5
-11,-63,5
-11,-62,5
-11,-62,5
-11,-62,5
-11,-62,5
-11,-62,5
-11,-62,5
-11,-62,5
-11,-61,5
-11,-62,5
-11,-62,5
-11,-62,5
-11,-63,5
-11,-63,5
-11,-63,4
-11,-63,4
-11,-62,4
-11,-62,4
-11,-63,4
-11,-62,4
-11,-62,5
-11,-63,4
-11,-62,5
-11,-62,5
-11,-62,5
-10,-62,5
-11,-61,5
-11,-61,5
-11,-62,5
-11,-62,5
-12,-62,5
-12,-63,5
-12,-63,5
-12,-63,5
-11,-63,4
-11,-63,4
-11,-62,4
-11,-63,4
-11,-62,5
-11,-62,5
-11,-62,5
-10,-62,5
-11,-62,6
-11,-62,6
-11,-63,6
-11,-63,6
-11,-63,6
-11,-62,6
-11,-62,6
-12,-62,6
-12,-61,6
-12,-61,6
-12,-62,6
-12,-62,6
-12,-62,6
-12,-62,6
-12,-62,6
-12,-62,6
-12,-62,6
-12,-62,6
-12,-62,6
-12,-62,6
-11,-61,6
-11,-61,6
-11,-61,6
-10,-61,7
-10,-62,7
-11,-61,6
-11,-61,6
-10,-61,6
-11,-61,6
-11,-61,7
-11,-61,7
-11,-61,7
-12,-61,7
-14,-62,8
-14,-61,9
-13,-61,11
-13,-61,14
-13,-62,15
-10,-63,17
-9,-63,18
-7,-64,19
-6,-64,20
-7,-63,19
-10,-65,17
-11,-65,14
-11,-67,13
-11,-71,10
-11,-74,9
-11,-77,7
-11,-75,7
-12,-70,6
-13,-66,6
-13,-63,6
-12,-58,7
-10,-54,8
-10,-53,9
-10,-50,10
-9,-50,11
-8,-50,11
-9,-52,12
-10,-54,12
-11,-60,13
-12,-64,13
-13,-69,15
-15,-73,16
-14,-74,17
-12,-74,17
-11,-73,18
-9,-66,20
-9,-64,20
-10,-64,20
-10,-65,23
-9,-65,23
-6,-64,23
-2,-65,23
-1,-64,20
-2,-63,16
-3,-63,16
-5,-62,14
-9,-62,11
-9,-63,9
-10,-61,6
-12,-61,5
-12,-61,5
-12,-60,4
-12,-59,4
-12,-60,5
-11,-57,7
-10,-57,8
-9,-59,10
-7,-60,12
-5,-60,13
-3,-60,15
-3,-60,15
-2,-62,16
-4,-62,16
-5,-62,15
-5,-62,13
-5,-62,13
-6,-62,12
-7,-63,10
-7,-63,10
-8,-64,9
-8,-63,9
-8,-62,8
-8,-60,8
-9,-60,8
-9,-60,7
-9,-62,7
-8,-62,7
-9,-65,7
-9,-65,7
-10,-65,7
-10,-64,7
-9,-64,7
-8,-63,7
-8,-62,7
-8,-62,7
-9,-62,7
-9,-62,7
-9,-61,7
-9,-61,7
-9,-59,7
-10,-58,7
-10,-60,7
-9,-63,7
-9,-65,7
-10,-68,6
-10,-68,6
-11,-68,6
-10,-67,6
-10,-67,5
-9,-66,5
-10,-64,5
-10,-62,4
-11,-61,4
-12,-61,4
-12,-61,3
-13,-62,4
-13,-62,5
-14,-62,7
-12,-65,9
-12,-65,9
-8,-63,11
-7,-62,11
-8,-59,14
-9,-56,14
-9,-54,14
-9,-54,16
-9,-56,17
-10,-59,18
-9,-65,21
-8,-66,22
-4,-65,23
-2,-62,23
0,-61,21
-2,-59,18
-4,-59,18
-6,-58,16
-8,-54,16
-8,-52,15
-10,-51,15
-10,-49,15
-10,-49,15
-8,-57,15
-8,-64,15
-8,-78,13
-8,-80,13
-11,-67,14
-11,-67,10
-11,-71,7
-11,-75,6
-11,-75,5
-12,-72,5
-14,-68,6
-15,-64,6
-13,-58,6
-11,-54,6
-8,-53,7
-6,-52,9
-5,-54,9
-6,-56,10
-7,-62,8
-8,-65,8
-10,-67,7
-11,-65,8
-10,-73,8
-11,-75,7
-12,-77,7
-15,-75,6
-18,-66,8
-20,-58,15
-18,-61,19
-15,-61,20
-4,-63,16
1,-62,16
4,-56,20
-2,-54,20
-6,-54,18
-13,-54,14
-15,-55,14
-14,-53,15
-9,-50,15
-7,-50,14
-6,-53,12
-8,-60,11
-10,-65,11
-12,-75,9
-12,-77,8
-11,-70,6
-9,-75,6
-10,-76,5
-9,-77,6
-9,-75,6
-10,-70,6
-11,-65,8
-12,-63,9
-23,-63,11
-29,-66,15
-40,-70,20
-37,-79,24
-43,-73,21
-30,-59,39
-20,-51,5
-24,-33,-26
-55,-11,-68
-61,-5,-65
-55,-12,-53
-37,-8,-42
-34,-9,-40
-28,-4,-40
-23,-2,-41
-22,2,-43
-23,4,-50
-20,6,-53
-19,10,-55
-21,14,-55
-21,15,-55
-22,19,-52
-24,21,-52
-26,25,-51
-30,29,-49
-34,30,-47
-35,31,-46
-37,31,-46
-39,29,-47
-39,26,-49
-40,24,-49
-43,22,-48
-44,22,-48
-43,21,-44
-44,20,-39
-48,21,-41
-56,19,-37
-52,18,-34
-39,20,-32
-50,13,-25
-60,12,-26
-65,11,-31
-64,12,-34
-56,14,-37
-51,14,-38
-48,16,-38
-47,19,-42
-45,21,-45
-45,22,-46
-44,24,-45
-42,25,-43
-46,35,-41
-50,44,-39
-49,44,-37
-44,38,-32
-45,37,-31
-52,37,-31
-52,38,-24
-52,36,-20
-49,35,-11
-39,34,-5
-44,30,-6
-61,20,-15
-49,25,-12
-16,17,17
32,0,31
43,-14,33
27,-33,21
24,-44,21
5,-73,16
-29,-111,7
-43,-125,12
-41,-122,13
-27,-113,3
-20,-99,3
-2,-78,23
4,-75,27
-4,-71,20
-9,-69,17
-19,-67,14
-28,-63,19
-30,-63,24
-25,-60,32
-19,-63,41
-15,-64,40
-12,-72,32
-9,-83,28
-8,-96,16
-4,-89,19
-5,-87,19
-10,-104,21
-14,-112,20
-29,-115,-5
-43,-112,-21
-43,-106,-29
-60,-100,-40
-71,-98,-43
-94,-103,-55
-98,-99,-45
-97,-91,-35
-72,-73,-12
-55,-56,-4
-33,-33,13
-14,-7,34
-18,2,33
-21,5,36
4,5,35
21,9,38
37,12,41
35,15,41
14,20,39
9,21,32
16,24,35
30,29,31
27,29,26
27,34,9
28,30,5
26,33,2
21,36,2
21,35,2
21,45,4
19,43,12
17,42,25
-24,28,56
-85,28,77
-45,85,46
48,-36,30
12,-27,50
9,-42,93
-53,-62,90
-56,-58,97
-21,-40,99
-4,-40,90
4,-29,66
-12,-28,49
-26,-32,46
-38,-37,41
-36,-38,41
-22,-39,47
-7,-38,54
0,-39,56
7,-45,56
6,-47,54
7,-53,49
7,-58,37
6,-62,32
-11,-59,18
-20,-53,13
-24,-50,11
-27,-54,18
-27,-60,23
-22,-65,25
-14,-64,17
-8,-65,14
1,-65,13
3,-65,12
-1,-65,12
-9,-62,11
-14,-60,12
-22,-57,14
-24,-54,14
-23,-55,11
-18,-61,12
-15,-66,13
-13,-69,18
-12,-68,20
-11,-61,20
-8,-62,17
-7,-64,16
-7,-70,13
-6,-80,10
-6,-84,9
-9,-81,6
-9,-79,6
-12,-66,5
-15,-56,5
-16,-53,5
-17,-47,5
-16,-47,5
-15,-53,6
-17,-58,7
-17,-61,8
-16,-68,9
-15,-70,9
-12,-71,11
-9,-80,11
-8,-79,11
-10,-73,14
-12,-63,19
-14,-60,23
-12,-59,25
-9,-56,26
1,-56,25
13,-54,22
16,-54,21
22,-56,22
21,-56,20
9,-58,16
2,-59,15
4,-60,15
9,-59,15
12,-58,14
12,-58,13
11,-60,14
11,-60,13
11,-60,13
12,-60,14
11,-60,15
10,-59,15
11,-58,16
12,-54,17
11,-55,17
11,-56,17
10,-57,18
10,-58,18
12,-58,17
12,-59,17
13,-60,16
15,-59,14
15,-59,14
16,-58,13
15,-59,14
14,-60,14
16,-60,13
16,-61,13
16,-61,14
15,-61,14
14,-61,15
14,-59,14
13,-59,15
12,-59,15
11,-59,15
11,-58,15
10,-60,15
10,-58,15
11,-58,16
10,-60,16
10,-59,16
10,-59,17
10,-59,17
10,-59,17
9,-56,16
8,-56,16
7,-57,16
7,-58,16
8,-58,16
6,-60,16
6,-62,15
6,-61,15
3,-59,15
1,-59,15
-2,-60,15
-3,-60,15
-3,-60,15
-3,-61,15
-2,-62,15
-3,-62,15
-5,-61,14
-6,-62,14
-7,-62,13
-8,-64,12
-9,-65,11
-10,-65,11
-10,-65,11
-10,-63,11
-10,-62,11
-9,-59,11
-9,-60,10
-9,-60,10
-10,-58,9
-11,-60,8
-12,-64,5
-15,-65,3
-17,-66,4
-19,-66,4
-19,-67,4
-19,-67,4
-18,-65,4
-18,-63,5
-18,-64,6
-18,-62,6
-18,-62,8
-17,-62,9
-17,-63,11
-15,-62,14
-12,-65,14
-11,-66,14
-9,-68,14
-9,-68,15
-9,-67,14
-9,-65,12
-10,-63,11
-10,-62,11
-11,-60,10
-12,-60,10
-11,-63,10
-10,-63,9
-11,-65,10
-13,-62,10
-14,-61,11
-14,-62,12
-13,-61,13
-13,-60,16
-10,-55,19
-9,-52,20
-5,-53,23
-3,-54,23
0,-60,21
1,-68,19
0,-69,18
-3,-64,17
-4,-63,18
-6,-59,17
-6,-54,13
-6,-54,13
-6,-52,13
-7,-48,14
-7,-48,14
-8,-50,14
-8,-51,14
-10,-57,15
-12,-75,18
-11,-76,19
-8,-70,17
-7,-71,15
-7,-69,10
-9,-70,11
-9,-69,10
-10,-64,9
-10,-61,8
-10,-61,6
-13,-64,2
-15,-65,1
-15,-64,1
-16,-58,2
-16,-58,3
-16,-56,2
-17,-54,2
-19,-55,5
-18,-60,6
-17,-60,7
-14,-70,10
-13,-68,11
-9,-67,12
-7,-64,14
-6,-62,14
-8,-63,13
-8,-63,14
-9,-66,11
-11,-75,10
-14,-72,11
-20,-60,17
-20,-55,19
-17,-54,20
-8,-58,20
-2,-63,18
5,-65,16
2,-62,18
-1,-60,19
-9,-55,18
-13,-53,17
-15,-50,25
-19,-53,24
-21,-58,33
-30,-71,47
-35,-72,39
-52,-66,34
-66,-62,25
-70,-58,16
-81,-49,6
-82,-48,1
-76,-35,-7
-78,-27,-16
-69,-21,-14
-56,-12,-15
-45,-5,-14
-42,2,-12
-44,7,-14
-40,11,-13
-40,21,-7
-44,20,-7
-47,19,-5
-44,17,4
-44,15,9
-56,13,16
-62,9,22
-68,8,27
-68,10,29
-65,13,28
-62,19,24
-60,22,18
-60,23,13
-53,25,11
-51,28,10
-52,34,4
-53,32,6
-52,28,8
-55,20,13
-62,12,25
-66,11,29
-68,9,31
-63,10,30
-57,14,25
-55,17,19
-53,18,17
-50,22,19
-53,23,21
-56,26,25
-56,30,26
-57,32,26
-59,32,27
-58,33,26
-56,34,25
-54,35,22
-52,35,21
-50,38,17
-48,40,15
-46,39,12
-44,39,13
-45,39,14
-45,37,16
-47,36,18
-49,36,20
-57,39,24
-62,42,26
-76,44,27
-65,51,29
-53,53,32
-33,51,34
-26,53,40
-17,46,37
-12,41,34
-4,36,33
23,31,36
37,28,40
29,27,40
17,29,39
19,30,39
25,31,42
14,36,47
13,38,48
14,37,45
16,38,45
17,37,45
16,36,45
16,37,47
18,36,46
20,35,45
21,38,46
23,40,45
24,40,46
22,41,47
25,42,47
30,40,49
30,45,46
29,45,45
24,43,45
22,45,43
23,45,35
19,42,31
19,42,33
17,43,34
19,43,35
20,42,35
20,43,33
17,42,31
18,43,31
18,42,32
17,43,34
15,45,40
15,46,43
16,45,53
14,50,56
14,51,55
11,51,53
13,50,52
20,45,41
22,41,29
20,42,30
13,34,39
15,24,60
8,18,64
12,15,94
11,13,89
-3,18,60
-25,27,22
-25,29,19
-32,25,20
-37,18,33
7,8,83
10,14,90
-1,18,75
-7,34,43
-17,35,33
-32,36,36
-20,29,63
-18,32,68
-22,36,73
-27,37,70
-27,41,62
-20,42,51
-20,43,45
-6,45,37
-2,45,30
-4,46,24
-13,41,23
-20,38,25
-35,36,40
-28,38,57
-24,39,59
-24,40,54
-26,39,50
-25,37,43
-21,37,42
-20,38,42
-21,39,43
-21,39,42
-21,41,43
-24,38,50
-23,39,55
-18,40,64
-21,38,71
-24,34,69
-25,31,67
-25,28,62
-27,25,46
-27,24,35
-25,23,33
-26,22,34
-28,21,36
-18,21,48
-12,23,55
-16,24,54
-23,25,53
-24,25,53
-24,26,55
-22,25,61
-21,24,67
-22,25,83
-15,28,80
4,34,74
-1,39,54
-5,39,36
-24,55,12
-50,58,-18
-42,62,-18
-23,59,-2
-21,55,4
-14,54,14
-20,54,18
-23,55,19
-24,52,21
-29,50,24
-25,51,23
-25,49,25
-28,49,24
-29,49,20
-29,49,21
-32,49,23
-33,51,21
-32,50,24
-32,50,27
-31,47,22
-31,46,23
-23,42,23
-16,41,22
-11,30,15
-13,22,13
-37,5,15
-72,-8,7
-45,-13,25
-60,-29,49
-81,-35,19
-92,-33,22
-81,-24,26
-73,-20,26
-59,-22,30
-67,-24,24
-64,-24,24
-60,-25,23
-57,-26,23
-56,-27,21
-49,-30,24
-46,-33,23
-44,-46,22
-39,-53,23
-38,-54,22
-36,-57,21
-37,-57,21
-31,-57,20
-24,-57,13
-21,-58,10
-16,-62,9
-14,-64,9
-13,-68,12
-15,-68,12
-17,-65,12
-19,-60,9
-20,-59,8
-21,-60,7
-20,-60,8
-19,-62,9
-16,-66,11
-13,-66,10
-12,-66,11
-12,-69,13
-11,-69,13
-8,-72,12
-11,-69,10
-12,-67,12
-16,-61,12
-16,-59,11
-14,-52,14
-11,-53,16
-9,-54,15
-8,-57,16
-8,-59,17
-10,-61,15
-12,-62,14
-12,-61,15
-12,-58,16
-10,-57,16
-9,-56,17
-8,-58,18
-8,-60,17
-7,-58,18
-7,-61,18
-8,-62,17
-8,-61,16
-8,-64,16
-9,-64,15
-9,-65,15
-10,-66,14
-9,-64,14
-9,-63,14
-7,-62,12
-8,-63,12
-7,-63,11
-8,-60,10
-8,-60,10
-9,-58,10
-9,-56,10
-8,-56,11
-8,-57,12
-8,-58,13
-8,-60,14
-8,-61,17
-8,-61,17
-5,-62,19
-3,-62,21
-2,-63,21
-1,-63,22
-1,-63,23
-2,-61,22
-3,-61,21
-3,-61,21
-4,-61,19
-4,-61,18
-5,-61,17
-6,-60,16
-7,-61,15
-7,-61,15
-6,-60,15
-6,-60,15
-5,-59,15
-5,-59,15
-4,-59,16
-4,-59,17
-4,-59,17
-4,-58,18
-3,-59,18
-3,-59,19
-3,-60,19
-3,-61,20
-3,-61,20
-4,-61,19
-5,-60,20
-5,-61,19
-5,-61,19
-6,-62,18
-7,-62,18
-7,-61,17
-8,-61,17
-8,-61,17
-8,-61,16
-8,-60,17
-8,-60,17
-8,-61,17
-7,-61,17
-8,-60,17
-7,-61,17
-7,-61,17
-7,-61,17
-7,-61,17
-6,-61,17
-6,-62,16
-5,-62,17
-5,-61,17
-5,-61,16
-5,-60,16
-5,-60,15
-5,-60,15
-5,-61,15
-5,-60,15
-6,-61,14
-6,-62,13
-7,-62,13
-8,-62,13
-8,-62,13
-9,-61,12
-9,-59,12
-9,-59,12
-9,-61,12
-10,-61,12
-10,-61,12
-11,-63,13
-11,-65,13
-11,-66,14
-11,-67,15
-11,-66,15
-11,-64,16
-10,-63,16
-8,-59,16
-9,-57,16
-10,-58,15
-10,-59,15
-11,-59,15
-12,-59,14
-13,-57,15
-13,-58,16
-12,-57,17
-11,-60,19
-10,-60,20
-9,-60,22
-8,-60,23
-7,-62,26
-4,-62,26
-3,-62,25
-3,-64,23
-5,-65,21
-9,-62,19
-11,-60,16
-11,-60,15
-10,-58,14
-10,-59,14
-10,-61,13
-10,-58,12
-12,-57,12
-13,-59,11
-13,-59,10
-13,-58,11
-13,-58,11
-14,-59,12
-16,-62,14
-23,-66,20
-21,-66,22
-22,-63,25
-26,-61,29
-30,-59,39
-30,-58,36
-30,-55,33
-28,-54,33
-28,-55,32
-28,-57,28
-27,-56,27
-26,-54,28
-25,-52,30
-25,-51,29
-22,-48,26
-17,-48,21
-15,-47,18
-14,-52,17
-15,-43,20
-15,-41,21
-14,-44,22
-14,-48,21
-14,-60,26
-16,-63,32
-17,-68,34
-26,-68,34
-30,-66,34
-35,-62,39
-43,-54,31
-47,-51,30
-51,-49,33
-56,-49,30
-53,-48,29
-54,-47,28
-56,-47,28
-43,-45,26
-53,-46,24
-46,-48,33
-42,-45,26
-33,-42,26
-17,-35,48
-17,-39,39
-8,-15,33
-30,-2,16
-33,2,37
-41,-4,15
-28,-19,30
-22,-24,32
-42,-18,32
-46,-23,36
-59,-30,32
-55,-33,36
-55,-34,36
-51,-39,36
-67,-40,33
-63,-41,34
-60,-41,28
-60,-39,22
-61,-31,24
-66,-31,18
-61,-24,19
-67,-23,19
-67,-22,20
-64,-21,19
-63,-19,16
-61,-19,16
-61,-18,19
-61,-17,18
-61,-17,18
-61,-17,19
-60,-17,19
-61,-18,21
-61,-18,22
-59,-18,23
-60,-16,25
-60,-15,26
-59,-14,26
-60,-13,25
-59,-12,27
-60,-9,27
-57,-7,29
-58,-4,27
-56,1,29
-60,5,30
-70,5,36
-68,5,42
-66,4,42
-46,8,25
-43,-3,27
-23,-2,33
-17,-4,35
-9,-6,50
-5,-9,56
-6,-13,61
-1,-22,66
-1,-21,64
-13,-22,64
-11,-20,63
-8,-19,64
-1,-20,62
0,-18,63
-1,-16,64
-9,-13,61
-7,-14,61
-6,-14,60
-4,-13,60
-6,-15,60
-6,-15,61
-7,-16,60
-5,-17,63
-6,-17,61
-6,-17,62
-7,-17,62
-7,-17,61
-8,-17,61
-10,-16,60
-11,-16,60
-11,-16,60
-27,-19,44
-17,-6,61
-13,-18,62
-19,-14,54
-11,-16,61
-12,-21,61
-17,-13,59
-14,-17,61
-13,-16,60
-10,-21,59
-13,-15,56
-7,-21,62
-11,-8,61
-9,-12,61
-8,-17,61
-13,-15,62
-10,-17,61
-6,-10,62
-3,-13,62
-3,-13,62
-7,-11,61
-7,-12,63
-6,-12,64
-7,-9,62
-8,-7,62
-3,-10,57
-5,-8,62
-6,-7,62
-7,-8,63
-6,-6,62
-6,-5,62
-5,-7,63
-6,-7,62
-7,-6,62
-8,-6,62
-9,-5,61
-9,-6,62
-8,-6,62
-8,-6,62
-8,-6,62
-7,-7,63
-8,-7,62
-8,-8,63
-7,-7,62
-7,-6,63
-7,-6,63
-7,-6,63
-7,-6,63
-8,-7,63
-8,-7,62
-7,-7,63
-8,-6,62
-8,-6,63
-6,-6,63
-7,-6,63
-8,-6,63
-7,-7,63
-7,-6,62
-7,-7,63
-8,-7,62
-8,-7,62
-7,-7,63
-7,-7,63
-7,-7,62
-7,-7,63
-8,-7,62
-7,-6,63
-6,-7,64
-8,-7,62
-8,-6,63
-7,-6,63
-8,-7,63
-7,-7,63
-7,-7,63
-7,-7,63
-7,-7,63
-7,-7,62
-7,-7,62
-8,-6,63
